"param_set_id_new","th_ROS_microbe","th_ROS_epith_recover","epith_recovery_chance","rat_com_pat_threshold","diffusion_speed_DAMPs","diffusion_speed_SAMPs","diffusion_speed_ROS","add_ROS","add_DAMPs","add_SAMPs","ros_decay","DAMPs_decay","SAMPs_decay","activation_threshold_DAMPs","activation_threshold_SAMPs","activity_engulf_M0_baseline","activity_engulf_M1_baseline","activity_engulf_M2_baseline","activity_ROS_M1_baseline","rate_leak_commensal_injury","rate_leak_pathogen_injury","rate_leak_commensal_baseline","active_age_limit","treg_discrimination_efficiency","mac_discrimination_efficiency","mac_rat_com_pat_threshold"
"15202_1",0.690205585140297,0.460749795417299,0.0160597009775462,0.739457374208029,0.0989074652610853,0.0379448780418998,0.00060580328124845,0.821432726037584,0.46038242731394,0.0722950372999068,0.501678798211834,0.0756059209679323,0.0483633588580089,0.253235653467702,0.164826113974333,0.459166895768403,0.486209204972954,0.39962702871641,0.325366296211969,0.947636597036247,0.740380327028156,0.064601917035912,18,0.193488284447412,1,0.5
"15202_2",0.690205585140297,0.460749795417299,0.0160597009775462,0.739457374208029,0.0989074652610853,0.0379448780418998,0.00060580328124845,0.821432726037584,0.46038242731394,0.0722950372999068,0.501678798211834,0.0756059209679323,0.0483633588580089,0.253235653467702,0.164826113974333,0.459166895768403,0.486209204972954,0.39962702871641,0.325366296211969,0.947636597036247,0.740380327028156,0.064601917035912,18,0.193488284447412,1,0.5625
"15202_3",0.690205585140297,0.460749795417299,0.0160597009775462,0.739457374208029,0.0989074652610853,0.0379448780418998,0.00060580328124845,0.821432726037584,0.46038242731394,0.0722950372999068,0.501678798211834,0.0756059209679323,0.0483633588580089,0.253235653467702,0.164826113974333,0.459166895768403,0.486209204972954,0.39962702871641,0.325366296211969,0.947636597036247,0.740380327028156,0.064601917035912,18,0.193488284447412,1,0.625
"15202_4",0.690205585140297,0.460749795417299,0.0160597009775462,0.739457374208029,0.0989074652610853,0.0379448780418998,0.00060580328124845,0.821432726037584,0.46038242731394,0.0722950372999068,0.501678798211834,0.0756059209679323,0.0483633588580089,0.253235653467702,0.164826113974333,0.459166895768403,0.486209204972954,0.39962702871641,0.325366296211969,0.947636597036247,0.740380327028156,0.064601917035912,18,0.193488284447412,1,0.6875
"15202_5",0.690205585140297,0.460749795417299,0.0160597009775462,0.739457374208029,0.0989074652610853,0.0379448780418998,0.00060580328124845,0.821432726037584,0.46038242731394,0.0722950372999068,0.501678798211834,0.0756059209679323,0.0483633588580089,0.253235653467702,0.164826113974333,0.459166895768403,0.486209204972954,0.39962702871641,0.325366296211969,0.947636597036247,0.740380327028156,0.064601917035912,18,0.193488284447412,1,0.75
"15202_6",0.690205585140297,0.460749795417299,0.0160597009775462,0.739457374208029,0.0989074652610853,0.0379448780418998,0.00060580328124845,0.821432726037584,0.46038242731394,0.0722950372999068,0.501678798211834,0.0756059209679323,0.0483633588580089,0.253235653467702,0.164826113974333,0.459166895768403,0.486209204972954,0.39962702871641,0.325366296211969,0.947636597036247,0.740380327028156,0.064601917035912,18,0.193488284447412,1,0.8125
"15202_7",0.690205585140297,0.460749795417299,0.0160597009775462,0.739457374208029,0.0989074652610853,0.0379448780418998,0.00060580328124845,0.821432726037584,0.46038242731394,0.0722950372999068,0.501678798211834,0.0756059209679323,0.0483633588580089,0.253235653467702,0.164826113974333,0.459166895768403,0.486209204972954,0.39962702871641,0.325366296211969,0.947636597036247,0.740380327028156,0.064601917035912,18,0.193488284447412,1,0.875
"15202_8",0.690205585140297,0.460749795417299,0.0160597009775462,0.739457374208029,0.0989074652610853,0.0379448780418998,0.00060580328124845,0.821432726037584,0.46038242731394,0.0722950372999068,0.501678798211834,0.0756059209679323,0.0483633588580089,0.253235653467702,0.164826113974333,0.459166895768403,0.486209204972954,0.39962702871641,0.325366296211969,0.947636597036247,0.740380327028156,0.064601917035912,18,0.193488284447412,1,0.9375
"15202_9",0.690205585140297,0.460749795417299,0.0160597009775462,0.739457374208029,0.0989074652610853,0.0379448780418998,0.00060580328124845,0.821432726037584,0.46038242731394,0.0722950372999068,0.501678798211834,0.0756059209679323,0.0483633588580089,0.253235653467702,0.164826113974333,0.459166895768403,0.486209204972954,0.39962702871641,0.325366296211969,0.947636597036247,0.740380327028156,0.064601917035912,18,0.193488284447412,1,1
"19002_1",0.166558581630085,0.710447359660719,0.15887204032057,0.724567011010154,0.0950832428829839,0.0386560940058539,0.0797227274618871,0.267203717594205,0.699450856702451,0.44484489127015,0.00283367542739026,0.497321391830426,0.329673059367293,0.138416282049748,0.896747456002254,0.0524333865984587,0.0524912518227135,0.0935226341348025,0.113556397931752,0.515289959757833,0.866679016769524,0.045923950102051,27,0.17751353991902,1,0.5
"19002_2",0.166558581630085,0.710447359660719,0.15887204032057,0.724567011010154,0.0950832428829839,0.0386560940058539,0.0797227274618871,0.267203717594205,0.699450856702451,0.44484489127015,0.00283367542739026,0.497321391830426,0.329673059367293,0.138416282049748,0.896747456002254,0.0524333865984587,0.0524912518227135,0.0935226341348025,0.113556397931752,0.515289959757833,0.866679016769524,0.045923950102051,27,0.17751353991902,1,0.5625
"19002_3",0.166558581630085,0.710447359660719,0.15887204032057,0.724567011010154,0.0950832428829839,0.0386560940058539,0.0797227274618871,0.267203717594205,0.699450856702451,0.44484489127015,0.00283367542739026,0.497321391830426,0.329673059367293,0.138416282049748,0.896747456002254,0.0524333865984587,0.0524912518227135,0.0935226341348025,0.113556397931752,0.515289959757833,0.866679016769524,0.045923950102051,27,0.17751353991902,1,0.625
"19002_4",0.166558581630085,0.710447359660719,0.15887204032057,0.724567011010154,0.0950832428829839,0.0386560940058539,0.0797227274618871,0.267203717594205,0.699450856702451,0.44484489127015,0.00283367542739026,0.497321391830426,0.329673059367293,0.138416282049748,0.896747456002254,0.0524333865984587,0.0524912518227135,0.0935226341348025,0.113556397931752,0.515289959757833,0.866679016769524,0.045923950102051,27,0.17751353991902,1,0.6875
"19002_5",0.166558581630085,0.710447359660719,0.15887204032057,0.724567011010154,0.0950832428829839,0.0386560940058539,0.0797227274618871,0.267203717594205,0.699450856702451,0.44484489127015,0.00283367542739026,0.497321391830426,0.329673059367293,0.138416282049748,0.896747456002254,0.0524333865984587,0.0524912518227135,0.0935226341348025,0.113556397931752,0.515289959757833,0.866679016769524,0.045923950102051,27,0.17751353991902,1,0.75
"19002_6",0.166558581630085,0.710447359660719,0.15887204032057,0.724567011010154,0.0950832428829839,0.0386560940058539,0.0797227274618871,0.267203717594205,0.699450856702451,0.44484489127015,0.00283367542739026,0.497321391830426,0.329673059367293,0.138416282049748,0.896747456002254,0.0524333865984587,0.0524912518227135,0.0935226341348025,0.113556397931752,0.515289959757833,0.866679016769524,0.045923950102051,27,0.17751353991902,1,0.8125
"19002_7",0.166558581630085,0.710447359660719,0.15887204032057,0.724567011010154,0.0950832428829839,0.0386560940058539,0.0797227274618871,0.267203717594205,0.699450856702451,0.44484489127015,0.00283367542739026,0.497321391830426,0.329673059367293,0.138416282049748,0.896747456002254,0.0524333865984587,0.0524912518227135,0.0935226341348025,0.113556397931752,0.515289959757833,0.866679016769524,0.045923950102051,27,0.17751353991902,1,0.875
"19002_8",0.166558581630085,0.710447359660719,0.15887204032057,0.724567011010154,0.0950832428829839,0.0386560940058539,0.0797227274618871,0.267203717594205,0.699450856702451,0.44484489127015,0.00283367542739026,0.497321391830426,0.329673059367293,0.138416282049748,0.896747456002254,0.0524333865984587,0.0524912518227135,0.0935226341348025,0.113556397931752,0.515289959757833,0.866679016769524,0.045923950102051,27,0.17751353991902,1,0.9375
"19002_9",0.166558581630085,0.710447359660719,0.15887204032057,0.724567011010154,0.0950832428829839,0.0386560940058539,0.0797227274618871,0.267203717594205,0.699450856702451,0.44484489127015,0.00283367542739026,0.497321391830426,0.329673059367293,0.138416282049748,0.896747456002254,0.0524333865984587,0.0524912518227135,0.0935226341348025,0.113556397931752,0.515289959757833,0.866679016769524,0.045923950102051,27,0.17751353991902,1,1
"29510_1",0.83533527115762,0.770812061733585,0.119840161756498,0.69835393652312,0.0968316620904068,0.0956906687458618,0.0902609456133094,0.829762300086035,0.19371928654081,0.124972008435426,0.625997965280034,0.157419346041349,0.173313783977716,0.293389884939075,0.00500755918854149,0.132574930468049,0.392220891532318,0.0172418043084908,0.0777806074192503,0.912170401797456,0.755946007879697,0.0118299103845417,20,0.16553599317584,1,0.5
"29510_2",0.83533527115762,0.770812061733585,0.119840161756498,0.69835393652312,0.0968316620904068,0.0956906687458618,0.0902609456133094,0.829762300086035,0.19371928654081,0.124972008435426,0.625997965280034,0.157419346041349,0.173313783977716,0.293389884939075,0.00500755918854149,0.132574930468049,0.392220891532318,0.0172418043084908,0.0777806074192503,0.912170401797456,0.755946007879697,0.0118299103845417,20,0.16553599317584,1,0.5625
"29510_3",0.83533527115762,0.770812061733585,0.119840161756498,0.69835393652312,0.0968316620904068,0.0956906687458618,0.0902609456133094,0.829762300086035,0.19371928654081,0.124972008435426,0.625997965280034,0.157419346041349,0.173313783977716,0.293389884939075,0.00500755918854149,0.132574930468049,0.392220891532318,0.0172418043084908,0.0777806074192503,0.912170401797456,0.755946007879697,0.0118299103845417,20,0.16553599317584,1,0.625
"29510_4",0.83533527115762,0.770812061733585,0.119840161756498,0.69835393652312,0.0968316620904068,0.0956906687458618,0.0902609456133094,0.829762300086035,0.19371928654081,0.124972008435426,0.625997965280034,0.157419346041349,0.173313783977716,0.293389884939075,0.00500755918854149,0.132574930468049,0.392220891532318,0.0172418043084908,0.0777806074192503,0.912170401797456,0.755946007879697,0.0118299103845417,20,0.16553599317584,1,0.6875
"29510_5",0.83533527115762,0.770812061733585,0.119840161756498,0.69835393652312,0.0968316620904068,0.0956906687458618,0.0902609456133094,0.829762300086035,0.19371928654081,0.124972008435426,0.625997965280034,0.157419346041349,0.173313783977716,0.293389884939075,0.00500755918854149,0.132574930468049,0.392220891532318,0.0172418043084908,0.0777806074192503,0.912170401797456,0.755946007879697,0.0118299103845417,20,0.16553599317584,1,0.75
"29510_6",0.83533527115762,0.770812061733585,0.119840161756498,0.69835393652312,0.0968316620904068,0.0956906687458618,0.0902609456133094,0.829762300086035,0.19371928654081,0.124972008435426,0.625997965280034,0.157419346041349,0.173313783977716,0.293389884939075,0.00500755918854149,0.132574930468049,0.392220891532318,0.0172418043084908,0.0777806074192503,0.912170401797456,0.755946007879697,0.0118299103845417,20,0.16553599317584,1,0.8125
"29510_7",0.83533527115762,0.770812061733585,0.119840161756498,0.69835393652312,0.0968316620904068,0.0956906687458618,0.0902609456133094,0.829762300086035,0.19371928654081,0.124972008435426,0.625997965280034,0.157419346041349,0.173313783977716,0.293389884939075,0.00500755918854149,0.132574930468049,0.392220891532318,0.0172418043084908,0.0777806074192503,0.912170401797456,0.755946007879697,0.0118299103845417,20,0.16553599317584,1,0.875
"29510_8",0.83533527115762,0.770812061733585,0.119840161756498,0.69835393652312,0.0968316620904068,0.0956906687458618,0.0902609456133094,0.829762300086035,0.19371928654081,0.124972008435426,0.625997965280034,0.157419346041349,0.173313783977716,0.293389884939075,0.00500755918854149,0.132574930468049,0.392220891532318,0.0172418043084908,0.0777806074192503,0.912170401797456,0.755946007879697,0.0118299103845417,20,0.16553599317584,1,0.9375
"29510_9",0.83533527115762,0.770812061733585,0.119840161756498,0.69835393652312,0.0968316620904068,0.0956906687458618,0.0902609456133094,0.829762300086035,0.19371928654081,0.124972008435426,0.625997965280034,0.157419346041349,0.173313783977716,0.293389884939075,0.00500755918854149,0.132574930468049,0.392220891532318,0.0172418043084908,0.0777806074192503,0.912170401797456,0.755946007879697,0.0118299103845417,20,0.16553599317584,1,1
"61011_1",0.204772886353736,0.735766132143105,0.0484781148745841,0.519985742412751,0.0835320288219946,0.11823293163054,0.0553816749128488,0.4406678425318,0.97670761791459,0.473761608393865,0.476343233196498,0.646450994595329,0.534476964492628,0.021637940569499,0.107396518225709,0.431605462314518,0.337601067200297,0.0286662422727852,0.407451827518932,0.54977390875904,0.699207693844987,0.0721507431329088,24,0.495915624426969,1,0.5
"61011_2",0.204772886353736,0.735766132143105,0.0484781148745841,0.519985742412751,0.0835320288219946,0.11823293163054,0.0553816749128488,0.4406678425318,0.97670761791459,0.473761608393865,0.476343233196498,0.646450994595329,0.534476964492628,0.021637940569499,0.107396518225709,0.431605462314518,0.337601067200297,0.0286662422727852,0.407451827518932,0.54977390875904,0.699207693844987,0.0721507431329088,24,0.495915624426969,1,0.5625
"61011_3",0.204772886353736,0.735766132143105,0.0484781148745841,0.519985742412751,0.0835320288219946,0.11823293163054,0.0553816749128488,0.4406678425318,0.97670761791459,0.473761608393865,0.476343233196498,0.646450994595329,0.534476964492628,0.021637940569499,0.107396518225709,0.431605462314518,0.337601067200297,0.0286662422727852,0.407451827518932,0.54977390875904,0.699207693844987,0.0721507431329088,24,0.495915624426969,1,0.625
"61011_4",0.204772886353736,0.735766132143105,0.0484781148745841,0.519985742412751,0.0835320288219946,0.11823293163054,0.0553816749128488,0.4406678425318,0.97670761791459,0.473761608393865,0.476343233196498,0.646450994595329,0.534476964492628,0.021637940569499,0.107396518225709,0.431605462314518,0.337601067200297,0.0286662422727852,0.407451827518932,0.54977390875904,0.699207693844987,0.0721507431329088,24,0.495915624426969,1,0.6875
"61011_5",0.204772886353736,0.735766132143105,0.0484781148745841,0.519985742412751,0.0835320288219946,0.11823293163054,0.0553816749128488,0.4406678425318,0.97670761791459,0.473761608393865,0.476343233196498,0.646450994595329,0.534476964492628,0.021637940569499,0.107396518225709,0.431605462314518,0.337601067200297,0.0286662422727852,0.407451827518932,0.54977390875904,0.699207693844987,0.0721507431329088,24,0.495915624426969,1,0.75
"61011_6",0.204772886353736,0.735766132143105,0.0484781148745841,0.519985742412751,0.0835320288219946,0.11823293163054,0.0553816749128488,0.4406678425318,0.97670761791459,0.473761608393865,0.476343233196498,0.646450994595329,0.534476964492628,0.021637940569499,0.107396518225709,0.431605462314518,0.337601067200297,0.0286662422727852,0.407451827518932,0.54977390875904,0.699207693844987,0.0721507431329088,24,0.495915624426969,1,0.8125
"61011_7",0.204772886353736,0.735766132143105,0.0484781148745841,0.519985742412751,0.0835320288219946,0.11823293163054,0.0553816749128488,0.4406678425318,0.97670761791459,0.473761608393865,0.476343233196498,0.646450994595329,0.534476964492628,0.021637940569499,0.107396518225709,0.431605462314518,0.337601067200297,0.0286662422727852,0.407451827518932,0.54977390875904,0.699207693844987,0.0721507431329088,24,0.495915624426969,1,0.875
"61011_8",0.204772886353736,0.735766132143105,0.0484781148745841,0.519985742412751,0.0835320288219946,0.11823293163054,0.0553816749128488,0.4406678425318,0.97670761791459,0.473761608393865,0.476343233196498,0.646450994595329,0.534476964492628,0.021637940569499,0.107396518225709,0.431605462314518,0.337601067200297,0.0286662422727852,0.407451827518932,0.54977390875904,0.699207693844987,0.0721507431329088,24,0.495915624426969,1,0.9375
"61011_9",0.204772886353736,0.735766132143105,0.0484781148745841,0.519985742412751,0.0835320288219946,0.11823293163054,0.0553816749128488,0.4406678425318,0.97670761791459,0.473761608393865,0.476343233196498,0.646450994595329,0.534476964492628,0.021637940569499,0.107396518225709,0.431605462314518,0.337601067200297,0.0286662422727852,0.407451827518932,0.54977390875904,0.699207693844987,0.0721507431329088,24,0.495915624426969,1,1
"64203_1",0.204456013914386,0.62942921333431,0.0757173314309376,0.516312014739527,0.0368050034835781,0.0696565986694205,0.100191328431872,0.211371162998332,0.310073439000433,0.772214987667319,0.931318819065862,0.9267570628113,0.423472958997467,0.0388155338537786,0.970945389966546,0.146622399199619,0.254130469963565,0.0879247195653547,0.372781886272553,0.841281720506289,0.822485840960802,0.0985830755885824,7,0.333917327202545,1,0.5
"64203_2",0.204456013914386,0.62942921333431,0.0757173314309376,0.516312014739527,0.0368050034835781,0.0696565986694205,0.100191328431872,0.211371162998332,0.310073439000433,0.772214987667319,0.931318819065862,0.9267570628113,0.423472958997467,0.0388155338537786,0.970945389966546,0.146622399199619,0.254130469963565,0.0879247195653547,0.372781886272553,0.841281720506289,0.822485840960802,0.0985830755885824,7,0.333917327202545,1,0.5625
"64203_3",0.204456013914386,0.62942921333431,0.0757173314309376,0.516312014739527,0.0368050034835781,0.0696565986694205,0.100191328431872,0.211371162998332,0.310073439000433,0.772214987667319,0.931318819065862,0.9267570628113,0.423472958997467,0.0388155338537786,0.970945389966546,0.146622399199619,0.254130469963565,0.0879247195653547,0.372781886272553,0.841281720506289,0.822485840960802,0.0985830755885824,7,0.333917327202545,1,0.625
"64203_4",0.204456013914386,0.62942921333431,0.0757173314309376,0.516312014739527,0.0368050034835781,0.0696565986694205,0.100191328431872,0.211371162998332,0.310073439000433,0.772214987667319,0.931318819065862,0.9267570628113,0.423472958997467,0.0388155338537786,0.970945389966546,0.146622399199619,0.254130469963565,0.0879247195653547,0.372781886272553,0.841281720506289,0.822485840960802,0.0985830755885824,7,0.333917327202545,1,0.6875
"64203_5",0.204456013914386,0.62942921333431,0.0757173314309376,0.516312014739527,0.0368050034835781,0.0696565986694205,0.100191328431872,0.211371162998332,0.310073439000433,0.772214987667319,0.931318819065862,0.9267570628113,0.423472958997467,0.0388155338537786,0.970945389966546,0.146622399199619,0.254130469963565,0.0879247195653547,0.372781886272553,0.841281720506289,0.822485840960802,0.0985830755885824,7,0.333917327202545,1,0.75
"64203_6",0.204456013914386,0.62942921333431,0.0757173314309376,0.516312014739527,0.0368050034835781,0.0696565986694205,0.100191328431872,0.211371162998332,0.310073439000433,0.772214987667319,0.931318819065862,0.9267570628113,0.423472958997467,0.0388155338537786,0.970945389966546,0.146622399199619,0.254130469963565,0.0879247195653547,0.372781886272553,0.841281720506289,0.822485840960802,0.0985830755885824,7,0.333917327202545,1,0.8125
"64203_7",0.204456013914386,0.62942921333431,0.0757173314309376,0.516312014739527,0.0368050034835781,0.0696565986694205,0.100191328431872,0.211371162998332,0.310073439000433,0.772214987667319,0.931318819065862,0.9267570628113,0.423472958997467,0.0388155338537786,0.970945389966546,0.146622399199619,0.254130469963565,0.0879247195653547,0.372781886272553,0.841281720506289,0.822485840960802,0.0985830755885824,7,0.333917327202545,1,0.875
"64203_8",0.204456013914386,0.62942921333431,0.0757173314309376,0.516312014739527,0.0368050034835781,0.0696565986694205,0.100191328431872,0.211371162998332,0.310073439000433,0.772214987667319,0.931318819065862,0.9267570628113,0.423472958997467,0.0388155338537786,0.970945389966546,0.146622399199619,0.254130469963565,0.0879247195653547,0.372781886272553,0.841281720506289,0.822485840960802,0.0985830755885824,7,0.333917327202545,1,0.9375
"64203_9",0.204456013914386,0.62942921333431,0.0757173314309376,0.516312014739527,0.0368050034835781,0.0696565986694205,0.100191328431872,0.211371162998332,0.310073439000433,0.772214987667319,0.931318819065862,0.9267570628113,0.423472958997467,0.0388155338537786,0.970945389966546,0.146622399199619,0.254130469963565,0.0879247195653547,0.372781886272553,0.841281720506289,0.822485840960802,0.0985830755885824,7,0.333917327202545,1,1
"67500_1",0.858667619296669,0.689279969871615,0.0638096658395045,0.706868768114988,0.0579014277426411,0.0131640441739996,0.0669356954426268,0.103741692546071,0.581275797867435,0.690674022447562,0.984884151960297,0.00135897927089827,0.00473627098605037,0.29047762353498,0.6316292646278,0.411757805149928,0.304176185349466,0.131587621236407,0.0277807012286468,0.88280150730509,0.804657448290982,0.230288794250079,15,0.0265452195475274,1,0.5
"67500_2",0.858667619296669,0.689279969871615,0.0638096658395045,0.706868768114988,0.0579014277426411,0.0131640441739996,0.0669356954426268,0.103741692546071,0.581275797867435,0.690674022447562,0.984884151960297,0.00135897927089827,0.00473627098605037,0.29047762353498,0.6316292646278,0.411757805149928,0.304176185349466,0.131587621236407,0.0277807012286468,0.88280150730509,0.804657448290982,0.230288794250079,15,0.0265452195475274,1,0.5625
"67500_3",0.858667619296669,0.689279969871615,0.0638096658395045,0.706868768114988,0.0579014277426411,0.0131640441739996,0.0669356954426268,0.103741692546071,0.581275797867435,0.690674022447562,0.984884151960297,0.00135897927089827,0.00473627098605037,0.29047762353498,0.6316292646278,0.411757805149928,0.304176185349466,0.131587621236407,0.0277807012286468,0.88280150730509,0.804657448290982,0.230288794250079,15,0.0265452195475274,1,0.625
"67500_4",0.858667619296669,0.689279969871615,0.0638096658395045,0.706868768114988,0.0579014277426411,0.0131640441739996,0.0669356954426268,0.103741692546071,0.581275797867435,0.690674022447562,0.984884151960297,0.00135897927089827,0.00473627098605037,0.29047762353498,0.6316292646278,0.411757805149928,0.304176185349466,0.131587621236407,0.0277807012286468,0.88280150730509,0.804657448290982,0.230288794250079,15,0.0265452195475274,1,0.6875
"67500_5",0.858667619296669,0.689279969871615,0.0638096658395045,0.706868768114988,0.0579014277426411,0.0131640441739996,0.0669356954426268,0.103741692546071,0.581275797867435,0.690674022447562,0.984884151960297,0.00135897927089827,0.00473627098605037,0.29047762353498,0.6316292646278,0.411757805149928,0.304176185349466,0.131587621236407,0.0277807012286468,0.88280150730509,0.804657448290982,0.230288794250079,15,0.0265452195475274,1,0.75
"67500_6",0.858667619296669,0.689279969871615,0.0638096658395045,0.706868768114988,0.0579014277426411,0.0131640441739996,0.0669356954426268,0.103741692546071,0.581275797867435,0.690674022447562,0.984884151960297,0.00135897927089827,0.00473627098605037,0.29047762353498,0.6316292646278,0.411757805149928,0.304176185349466,0.131587621236407,0.0277807012286468,0.88280150730509,0.804657448290982,0.230288794250079,15,0.0265452195475274,1,0.8125
"67500_7",0.858667619296669,0.689279969871615,0.0638096658395045,0.706868768114988,0.0579014277426411,0.0131640441739996,0.0669356954426268,0.103741692546071,0.581275797867435,0.690674022447562,0.984884151960297,0.00135897927089827,0.00473627098605037,0.29047762353498,0.6316292646278,0.411757805149928,0.304176185349466,0.131587621236407,0.0277807012286468,0.88280150730509,0.804657448290982,0.230288794250079,15,0.0265452195475274,1,0.875
"67500_8",0.858667619296669,0.689279969871615,0.0638096658395045,0.706868768114988,0.0579014277426411,0.0131640441739996,0.0669356954426268,0.103741692546071,0.581275797867435,0.690674022447562,0.984884151960297,0.00135897927089827,0.00473627098605037,0.29047762353498,0.6316292646278,0.411757805149928,0.304176185349466,0.131587621236407,0.0277807012286468,0.88280150730509,0.804657448290982,0.230288794250079,15,0.0265452195475274,1,0.9375
"67500_9",0.858667619296669,0.689279969871615,0.0638096658395045,0.706868768114988,0.0579014277426411,0.0131640441739996,0.0669356954426268,0.103741692546071,0.581275797867435,0.690674022447562,0.984884151960297,0.00135897927089827,0.00473627098605037,0.29047762353498,0.6316292646278,0.411757805149928,0.304176185349466,0.131587621236407,0.0277807012286468,0.88280150730509,0.804657448290982,0.230288794250079,15,0.0265452195475274,1,1
"72903_1",0.66964137674541,0.30198566048794,0.0570410044600931,0.554410723073698,0.0579143130568427,0.0275608115421253,0.0499069169491156,0.00664813874029787,0.275358253038288,0.767590146213949,0.493265254254704,0.470380614914005,0.371703633618155,0.0487089509327267,0.935240119722805,0.210108637339136,0.361869047049637,0.433880025108124,0.476722726594789,0.906829952920334,0.671681882895548,0.0784993954080902,25,0.337568702243208,1,0.5
"72903_2",0.66964137674541,0.30198566048794,0.0570410044600931,0.554410723073698,0.0579143130568427,0.0275608115421253,0.0499069169491156,0.00664813874029787,0.275358253038288,0.767590146213949,0.493265254254704,0.470380614914005,0.371703633618155,0.0487089509327267,0.935240119722805,0.210108637339136,0.361869047049637,0.433880025108124,0.476722726594789,0.906829952920334,0.671681882895548,0.0784993954080902,25,0.337568702243208,1,0.5625
"72903_3",0.66964137674541,0.30198566048794,0.0570410044600931,0.554410723073698,0.0579143130568427,0.0275608115421253,0.0499069169491156,0.00664813874029787,0.275358253038288,0.767590146213949,0.493265254254704,0.470380614914005,0.371703633618155,0.0487089509327267,0.935240119722805,0.210108637339136,0.361869047049637,0.433880025108124,0.476722726594789,0.906829952920334,0.671681882895548,0.0784993954080902,25,0.337568702243208,1,0.625
"72903_4",0.66964137674541,0.30198566048794,0.0570410044600931,0.554410723073698,0.0579143130568427,0.0275608115421253,0.0499069169491156,0.00664813874029787,0.275358253038288,0.767590146213949,0.493265254254704,0.470380614914005,0.371703633618155,0.0487089509327267,0.935240119722805,0.210108637339136,0.361869047049637,0.433880025108124,0.476722726594789,0.906829952920334,0.671681882895548,0.0784993954080902,25,0.337568702243208,1,0.6875
"72903_5",0.66964137674541,0.30198566048794,0.0570410044600931,0.554410723073698,0.0579143130568427,0.0275608115421253,0.0499069169491156,0.00664813874029787,0.275358253038288,0.767590146213949,0.493265254254704,0.470380614914005,0.371703633618155,0.0487089509327267,0.935240119722805,0.210108637339136,0.361869047049637,0.433880025108124,0.476722726594789,0.906829952920334,0.671681882895548,0.0784993954080902,25,0.337568702243208,1,0.75
"72903_6",0.66964137674541,0.30198566048794,0.0570410044600931,0.554410723073698,0.0579143130568427,0.0275608115421253,0.0499069169491156,0.00664813874029787,0.275358253038288,0.767590146213949,0.493265254254704,0.470380614914005,0.371703633618155,0.0487089509327267,0.935240119722805,0.210108637339136,0.361869047049637,0.433880025108124,0.476722726594789,0.906829952920334,0.671681882895548,0.0784993954080902,25,0.337568702243208,1,0.8125
"72903_7",0.66964137674541,0.30198566048794,0.0570410044600931,0.554410723073698,0.0579143130568427,0.0275608115421253,0.0499069169491156,0.00664813874029787,0.275358253038288,0.767590146213949,0.493265254254704,0.470380614914005,0.371703633618155,0.0487089509327267,0.935240119722805,0.210108637339136,0.361869047049637,0.433880025108124,0.476722726594789,0.906829952920334,0.671681882895548,0.0784993954080902,25,0.337568702243208,1,0.875
"72903_8",0.66964137674541,0.30198566048794,0.0570410044600931,0.554410723073698,0.0579143130568427,0.0275608115421253,0.0499069169491156,0.00664813874029787,0.275358253038288,0.767590146213949,0.493265254254704,0.470380614914005,0.371703633618155,0.0487089509327267,0.935240119722805,0.210108637339136,0.361869047049637,0.433880025108124,0.476722726594789,0.906829952920334,0.671681882895548,0.0784993954080902,25,0.337568702243208,1,0.9375
"72903_9",0.66964137674541,0.30198566048794,0.0570410044600931,0.554410723073698,0.0579143130568427,0.0275608115421253,0.0499069169491156,0.00664813874029787,0.275358253038288,0.767590146213949,0.493265254254704,0.470380614914005,0.371703633618155,0.0487089509327267,0.935240119722805,0.210108637339136,0.361869047049637,0.433880025108124,0.476722726594789,0.906829952920334,0.671681882895548,0.0784993954080902,25,0.337568702243208,1,1
"74008_1",0.466328622090823,0.966475243882353,0.00448002648039721,0.52897984771115,0.0830471809911869,0.0742874789208963,0.0762520520123323,0.47533239198379,0.778874109787438,0.93253609320451,0.225851391228742,0.318702125394074,0.2747560623277,0.208073992056469,0.111680868807558,0.271597293008732,0.378422580151832,0.0213017356477631,0.450899958619126,0.914129736263269,0.975300433735321,0.184073157543634,7,0.624890647690794,1,0.5
"74008_2",0.466328622090823,0.966475243882353,0.00448002648039721,0.52897984771115,0.0830471809911869,0.0742874789208963,0.0762520520123323,0.47533239198379,0.778874109787438,0.93253609320451,0.225851391228742,0.318702125394074,0.2747560623277,0.208073992056469,0.111680868807558,0.271597293008732,0.378422580151832,0.0213017356477631,0.450899958619126,0.914129736263269,0.975300433735321,0.184073157543634,7,0.624890647690794,1,0.5625
"74008_3",0.466328622090823,0.966475243882353,0.00448002648039721,0.52897984771115,0.0830471809911869,0.0742874789208963,0.0762520520123323,0.47533239198379,0.778874109787438,0.93253609320451,0.225851391228742,0.318702125394074,0.2747560623277,0.208073992056469,0.111680868807558,0.271597293008732,0.378422580151832,0.0213017356477631,0.450899958619126,0.914129736263269,0.975300433735321,0.184073157543634,7,0.624890647690794,1,0.625
"74008_4",0.466328622090823,0.966475243882353,0.00448002648039721,0.52897984771115,0.0830471809911869,0.0742874789208963,0.0762520520123323,0.47533239198379,0.778874109787438,0.93253609320451,0.225851391228742,0.318702125394074,0.2747560623277,0.208073992056469,0.111680868807558,0.271597293008732,0.378422580151832,0.0213017356477631,0.450899958619126,0.914129736263269,0.975300433735321,0.184073157543634,7,0.624890647690794,1,0.6875
"74008_5",0.466328622090823,0.966475243882353,0.00448002648039721,0.52897984771115,0.0830471809911869,0.0742874789208963,0.0762520520123323,0.47533239198379,0.778874109787438,0.93253609320451,0.225851391228742,0.318702125394074,0.2747560623277,0.208073992056469,0.111680868807558,0.271597293008732,0.378422580151832,0.0213017356477631,0.450899958619126,0.914129736263269,0.975300433735321,0.184073157543634,7,0.624890647690794,1,0.75
"74008_6",0.466328622090823,0.966475243882353,0.00448002648039721,0.52897984771115,0.0830471809911869,0.0742874789208963,0.0762520520123323,0.47533239198379,0.778874109787438,0.93253609320451,0.225851391228742,0.318702125394074,0.2747560623277,0.208073992056469,0.111680868807558,0.271597293008732,0.378422580151832,0.0213017356477631,0.450899958619126,0.914129736263269,0.975300433735321,0.184073157543634,7,0.624890647690794,1,0.8125
"74008_7",0.466328622090823,0.966475243882353,0.00448002648039721,0.52897984771115,0.0830471809911869,0.0742874789208963,0.0762520520123323,0.47533239198379,0.778874109787438,0.93253609320451,0.225851391228742,0.318702125394074,0.2747560623277,0.208073992056469,0.111680868807558,0.271597293008732,0.378422580151832,0.0213017356477631,0.450899958619126,0.914129736263269,0.975300433735321,0.184073157543634,7,0.624890647690794,1,0.875
"74008_8",0.466328622090823,0.966475243882353,0.00448002648039721,0.52897984771115,0.0830471809911869,0.0742874789208963,0.0762520520123323,0.47533239198379,0.778874109787438,0.93253609320451,0.225851391228742,0.318702125394074,0.2747560623277,0.208073992056469,0.111680868807558,0.271597293008732,0.378422580151832,0.0213017356477631,0.450899958619126,0.914129736263269,0.975300433735321,0.184073157543634,7,0.624890647690794,1,0.9375
"74008_9",0.466328622090823,0.966475243882353,0.00448002648039721,0.52897984771115,0.0830471809911869,0.0742874789208963,0.0762520520123323,0.47533239198379,0.778874109787438,0.93253609320451,0.225851391228742,0.318702125394074,0.2747560623277,0.208073992056469,0.111680868807558,0.271597293008732,0.378422580151832,0.0213017356477631,0.450899958619126,0.914129736263269,0.975300433735321,0.184073157543634,7,0.624890647690794,1,1
"79700_1",0.576678828231748,0.424671545847228,0.0717564633406792,0.574741920119467,0.084192986695046,0.0717558258971728,0.118793177794163,0.957991432110481,0.622927823948113,0.449019924049843,0.422449652843883,0.201983547612147,0.23265330875762,0.440593588483951,0.902481806980025,0.018571631192707,0.390230849038803,0.0731260260435287,0.218008047667842,0.849508597748895,0.970688065118091,0.207804688473568,19,0.0840747255358985,1,0.5
"79700_2",0.576678828231748,0.424671545847228,0.0717564633406792,0.574741920119467,0.084192986695046,0.0717558258971728,0.118793177794163,0.957991432110481,0.622927823948113,0.449019924049843,0.422449652843883,0.201983547612147,0.23265330875762,0.440593588483951,0.902481806980025,0.018571631192707,0.390230849038803,0.0731260260435287,0.218008047667842,0.849508597748895,0.970688065118091,0.207804688473568,19,0.0840747255358985,1,0.5625
"79700_3",0.576678828231748,0.424671545847228,0.0717564633406792,0.574741920119467,0.084192986695046,0.0717558258971728,0.118793177794163,0.957991432110481,0.622927823948113,0.449019924049843,0.422449652843883,0.201983547612147,0.23265330875762,0.440593588483951,0.902481806980025,0.018571631192707,0.390230849038803,0.0731260260435287,0.218008047667842,0.849508597748895,0.970688065118091,0.207804688473568,19,0.0840747255358985,1,0.625
"79700_4",0.576678828231748,0.424671545847228,0.0717564633406792,0.574741920119467,0.084192986695046,0.0717558258971728,0.118793177794163,0.957991432110481,0.622927823948113,0.449019924049843,0.422449652843883,0.201983547612147,0.23265330875762,0.440593588483951,0.902481806980025,0.018571631192707,0.390230849038803,0.0731260260435287,0.218008047667842,0.849508597748895,0.970688065118091,0.207804688473568,19,0.0840747255358985,1,0.6875
"79700_5",0.576678828231748,0.424671545847228,0.0717564633406792,0.574741920119467,0.084192986695046,0.0717558258971728,0.118793177794163,0.957991432110481,0.622927823948113,0.449019924049843,0.422449652843883,0.201983547612147,0.23265330875762,0.440593588483951,0.902481806980025,0.018571631192707,0.390230849038803,0.0731260260435287,0.218008047667842,0.849508597748895,0.970688065118091,0.207804688473568,19,0.0840747255358985,1,0.75
"79700_6",0.576678828231748,0.424671545847228,0.0717564633406792,0.574741920119467,0.084192986695046,0.0717558258971728,0.118793177794163,0.957991432110481,0.622927823948113,0.449019924049843,0.422449652843883,0.201983547612147,0.23265330875762,0.440593588483951,0.902481806980025,0.018571631192707,0.390230849038803,0.0731260260435287,0.218008047667842,0.849508597748895,0.970688065118091,0.207804688473568,19,0.0840747255358985,1,0.8125
"79700_7",0.576678828231748,0.424671545847228,0.0717564633406792,0.574741920119467,0.084192986695046,0.0717558258971728,0.118793177794163,0.957991432110481,0.622927823948113,0.449019924049843,0.422449652843883,0.201983547612147,0.23265330875762,0.440593588483951,0.902481806980025,0.018571631192707,0.390230849038803,0.0731260260435287,0.218008047667842,0.849508597748895,0.970688065118091,0.207804688473568,19,0.0840747255358985,1,0.875
"79700_8",0.576678828231748,0.424671545847228,0.0717564633406792,0.574741920119467,0.084192986695046,0.0717558258971728,0.118793177794163,0.957991432110481,0.622927823948113,0.449019924049843,0.422449652843883,0.201983547612147,0.23265330875762,0.440593588483951,0.902481806980025,0.018571631192707,0.390230849038803,0.0731260260435287,0.218008047667842,0.849508597748895,0.970688065118091,0.207804688473568,19,0.0840747255358985,1,0.9375
"79700_9",0.576678828231748,0.424671545847228,0.0717564633406792,0.574741920119467,0.084192986695046,0.0717558258971728,0.118793177794163,0.957991432110481,0.622927823948113,0.449019924049843,0.422449652843883,0.201983547612147,0.23265330875762,0.440593588483951,0.902481806980025,0.018571631192707,0.390230849038803,0.0731260260435287,0.218008047667842,0.849508597748895,0.970688065118091,0.207804688473568,19,0.0840747255358985,1,1
"85200_1",0.29161775575934,0.299439484592492,0.0402572551804176,0.706847887771869,0.0598648631906175,0.00585129052395942,0.0235001292327938,0.0647778673930909,0.598255010181356,0.810810412305181,0.573588595564712,0.260156968664438,0.190674029197388,0.694654988545987,0.536534562721506,0.428569066195772,0.34244221708019,0.121363739110645,0.410653723338704,0.689038015710515,0.789834915938905,0.164273584283112,5,0.28989257888084,1,0.5
"85200_2",0.29161775575934,0.299439484592492,0.0402572551804176,0.706847887771869,0.0598648631906175,0.00585129052395942,0.0235001292327938,0.0647778673930909,0.598255010181356,0.810810412305181,0.573588595564712,0.260156968664438,0.190674029197388,0.694654988545987,0.536534562721506,0.428569066195772,0.34244221708019,0.121363739110645,0.410653723338704,0.689038015710515,0.789834915938905,0.164273584283112,5,0.28989257888084,1,0.5625
"85200_3",0.29161775575934,0.299439484592492,0.0402572551804176,0.706847887771869,0.0598648631906175,0.00585129052395942,0.0235001292327938,0.0647778673930909,0.598255010181356,0.810810412305181,0.573588595564712,0.260156968664438,0.190674029197388,0.694654988545987,0.536534562721506,0.428569066195772,0.34244221708019,0.121363739110645,0.410653723338704,0.689038015710515,0.789834915938905,0.164273584283112,5,0.28989257888084,1,0.625
"85200_4",0.29161775575934,0.299439484592492,0.0402572551804176,0.706847887771869,0.0598648631906175,0.00585129052395942,0.0235001292327938,0.0647778673930909,0.598255010181356,0.810810412305181,0.573588595564712,0.260156968664438,0.190674029197388,0.694654988545987,0.536534562721506,0.428569066195772,0.34244221708019,0.121363739110645,0.410653723338704,0.689038015710515,0.789834915938905,0.164273584283112,5,0.28989257888084,1,0.6875
"85200_5",0.29161775575934,0.299439484592492,0.0402572551804176,0.706847887771869,0.0598648631906175,0.00585129052395942,0.0235001292327938,0.0647778673930909,0.598255010181356,0.810810412305181,0.573588595564712,0.260156968664438,0.190674029197388,0.694654988545987,0.536534562721506,0.428569066195772,0.34244221708019,0.121363739110645,0.410653723338704,0.689038015710515,0.789834915938905,0.164273584283112,5,0.28989257888084,1,0.75
"85200_6",0.29161775575934,0.299439484592492,0.0402572551804176,0.706847887771869,0.0598648631906175,0.00585129052395942,0.0235001292327938,0.0647778673930909,0.598255010181356,0.810810412305181,0.573588595564712,0.260156968664438,0.190674029197388,0.694654988545987,0.536534562721506,0.428569066195772,0.34244221708019,0.121363739110645,0.410653723338704,0.689038015710515,0.789834915938905,0.164273584283112,5,0.28989257888084,1,0.8125
"85200_7",0.29161775575934,0.299439484592492,0.0402572551804176,0.706847887771869,0.0598648631906175,0.00585129052395942,0.0235001292327938,0.0647778673930909,0.598255010181356,0.810810412305181,0.573588595564712,0.260156968664438,0.190674029197388,0.694654988545987,0.536534562721506,0.428569066195772,0.34244221708019,0.121363739110645,0.410653723338704,0.689038015710515,0.789834915938905,0.164273584283112,5,0.28989257888084,1,0.875
"85200_8",0.29161775575934,0.299439484592492,0.0402572551804176,0.706847887771869,0.0598648631906175,0.00585129052395942,0.0235001292327938,0.0647778673930909,0.598255010181356,0.810810412305181,0.573588595564712,0.260156968664438,0.190674029197388,0.694654988545987,0.536534562721506,0.428569066195772,0.34244221708019,0.121363739110645,0.410653723338704,0.689038015710515,0.789834915938905,0.164273584283112,5,0.28989257888084,1,0.9375
"85200_9",0.29161775575934,0.299439484592492,0.0402572551804176,0.706847887771869,0.0598648631906175,0.00585129052395942,0.0235001292327938,0.0647778673930909,0.598255010181356,0.810810412305181,0.573588595564712,0.260156968664438,0.190674029197388,0.694654988545987,0.536534562721506,0.428569066195772,0.34244221708019,0.121363739110645,0.410653723338704,0.689038015710515,0.789834915938905,0.164273584283112,5,0.28989257888084,1,1
"85807_1",0.758770217769213,0.670376729531409,0.139748834491477,0.655673564045544,0.012302420889827,0.0202983957169139,0.00664409024500251,0.0909477722810628,0.1992261191577,0.94901417537129,0.487204998498457,0.754786313159103,0.325344406339158,0.0973736678662314,0.766031424689828,0.144892620608521,0.312187435878861,0.366609224639412,0.162272407359754,0.521743344306371,0.812894761673402,0.0416023171979049,17,0.297104190914934,1,0.5
"85807_2",0.758770217769213,0.670376729531409,0.139748834491477,0.655673564045544,0.012302420889827,0.0202983957169139,0.00664409024500251,0.0909477722810628,0.1992261191577,0.94901417537129,0.487204998498457,0.754786313159103,0.325344406339158,0.0973736678662314,0.766031424689828,0.144892620608521,0.312187435878861,0.366609224639412,0.162272407359754,0.521743344306371,0.812894761673402,0.0416023171979049,17,0.297104190914934,1,0.5625
"85807_3",0.758770217769213,0.670376729531409,0.139748834491477,0.655673564045544,0.012302420889827,0.0202983957169139,0.00664409024500251,0.0909477722810628,0.1992261191577,0.94901417537129,0.487204998498457,0.754786313159103,0.325344406339158,0.0973736678662314,0.766031424689828,0.144892620608521,0.312187435878861,0.366609224639412,0.162272407359754,0.521743344306371,0.812894761673402,0.0416023171979049,17,0.297104190914934,1,0.625
"85807_4",0.758770217769213,0.670376729531409,0.139748834491477,0.655673564045544,0.012302420889827,0.0202983957169139,0.00664409024500251,0.0909477722810628,0.1992261191577,0.94901417537129,0.487204998498457,0.754786313159103,0.325344406339158,0.0973736678662314,0.766031424689828,0.144892620608521,0.312187435878861,0.366609224639412,0.162272407359754,0.521743344306371,0.812894761673402,0.0416023171979049,17,0.297104190914934,1,0.6875
"85807_5",0.758770217769213,0.670376729531409,0.139748834491477,0.655673564045544,0.012302420889827,0.0202983957169139,0.00664409024500251,0.0909477722810628,0.1992261191577,0.94901417537129,0.487204998498457,0.754786313159103,0.325344406339158,0.0973736678662314,0.766031424689828,0.144892620608521,0.312187435878861,0.366609224639412,0.162272407359754,0.521743344306371,0.812894761673402,0.0416023171979049,17,0.297104190914934,1,0.75
"85807_6",0.758770217769213,0.670376729531409,0.139748834491477,0.655673564045544,0.012302420889827,0.0202983957169139,0.00664409024500251,0.0909477722810628,0.1992261191577,0.94901417537129,0.487204998498457,0.754786313159103,0.325344406339158,0.0973736678662314,0.766031424689828,0.144892620608521,0.312187435878861,0.366609224639412,0.162272407359754,0.521743344306371,0.812894761673402,0.0416023171979049,17,0.297104190914934,1,0.8125
"85807_7",0.758770217769213,0.670376729531409,0.139748834491477,0.655673564045544,0.012302420889827,0.0202983957169139,0.00664409024500251,0.0909477722810628,0.1992261191577,0.94901417537129,0.487204998498457,0.754786313159103,0.325344406339158,0.0973736678662314,0.766031424689828,0.144892620608521,0.312187435878861,0.366609224639412,0.162272407359754,0.521743344306371,0.812894761673402,0.0416023171979049,17,0.297104190914934,1,0.875
"85807_8",0.758770217769213,0.670376729531409,0.139748834491477,0.655673564045544,0.012302420889827,0.0202983957169139,0.00664409024500251,0.0909477722810628,0.1992261191577,0.94901417537129,0.487204998498457,0.754786313159103,0.325344406339158,0.0973736678662314,0.766031424689828,0.144892620608521,0.312187435878861,0.366609224639412,0.162272407359754,0.521743344306371,0.812894761673402,0.0416023171979049,17,0.297104190914934,1,0.9375
"85807_9",0.758770217769213,0.670376729531409,0.139748834491477,0.655673564045544,0.012302420889827,0.0202983957169139,0.00664409024500251,0.0909477722810628,0.1992261191577,0.94901417537129,0.487204998498457,0.754786313159103,0.325344406339158,0.0973736678662314,0.766031424689828,0.144892620608521,0.312187435878861,0.366609224639412,0.162272407359754,0.521743344306371,0.812894761673402,0.0416023171979049,17,0.297104190914934,1,1
"88503_1",0.478883439675802,0.360994029118759,0.081934386004915,0.510965010439209,0.0693804826959416,0.0509784675138546,0.0743455024679323,0.544969516939723,0.901209887167066,0.962581251495669,0.803051894462234,0.610359601530486,0.484508246624444,0.172536134000598,0.755753447103756,0.0300872426296736,0.083207639151942,0.435703889508634,0.317486589442739,0.795172204014134,0.705212570548233,0.108337716795616,16,0.857666755095124,1,0.5
"88503_2",0.478883439675802,0.360994029118759,0.081934386004915,0.510965010439209,0.0693804826959416,0.0509784675138546,0.0743455024679323,0.544969516939723,0.901209887167066,0.962581251495669,0.803051894462234,0.610359601530486,0.484508246624444,0.172536134000598,0.755753447103756,0.0300872426296736,0.083207639151942,0.435703889508634,0.317486589442739,0.795172204014134,0.705212570548233,0.108337716795616,16,0.857666755095124,1,0.5625
"88503_3",0.478883439675802,0.360994029118759,0.081934386004915,0.510965010439209,0.0693804826959416,0.0509784675138546,0.0743455024679323,0.544969516939723,0.901209887167066,0.962581251495669,0.803051894462234,0.610359601530486,0.484508246624444,0.172536134000598,0.755753447103756,0.0300872426296736,0.083207639151942,0.435703889508634,0.317486589442739,0.795172204014134,0.705212570548233,0.108337716795616,16,0.857666755095124,1,0.625
"88503_4",0.478883439675802,0.360994029118759,0.081934386004915,0.510965010439209,0.0693804826959416,0.0509784675138546,0.0743455024679323,0.544969516939723,0.901209887167066,0.962581251495669,0.803051894462234,0.610359601530486,0.484508246624444,0.172536134000598,0.755753447103756,0.0300872426296736,0.083207639151942,0.435703889508634,0.317486589442739,0.795172204014134,0.705212570548233,0.108337716795616,16,0.857666755095124,1,0.6875
"88503_5",0.478883439675802,0.360994029118759,0.081934386004915,0.510965010439209,0.0693804826959416,0.0509784675138546,0.0743455024679323,0.544969516939723,0.901209887167066,0.962581251495669,0.803051894462234,0.610359601530486,0.484508246624444,0.172536134000598,0.755753447103756,0.0300872426296736,0.083207639151942,0.435703889508634,0.317486589442739,0.795172204014134,0.705212570548233,0.108337716795616,16,0.857666755095124,1,0.75
"88503_6",0.478883439675802,0.360994029118759,0.081934386004915,0.510965010439209,0.0693804826959416,0.0509784675138546,0.0743455024679323,0.544969516939723,0.901209887167066,0.962581251495669,0.803051894462234,0.610359601530486,0.484508246624444,0.172536134000598,0.755753447103756,0.0300872426296736,0.083207639151942,0.435703889508634,0.317486589442739,0.795172204014134,0.705212570548233,0.108337716795616,16,0.857666755095124,1,0.8125
"88503_7",0.478883439675802,0.360994029118759,0.081934386004915,0.510965010439209,0.0693804826959416,0.0509784675138546,0.0743455024679323,0.544969516939723,0.901209887167066,0.962581251495669,0.803051894462234,0.610359601530486,0.484508246624444,0.172536134000598,0.755753447103756,0.0300872426296736,0.083207639151942,0.435703889508634,0.317486589442739,0.795172204014134,0.705212570548233,0.108337716795616,16,0.857666755095124,1,0.875
"88503_8",0.478883439675802,0.360994029118759,0.081934386004915,0.510965010439209,0.0693804826959416,0.0509784675138546,0.0743455024679323,0.544969516939723,0.901209887167066,0.962581251495669,0.803051894462234,0.610359601530486,0.484508246624444,0.172536134000598,0.755753447103756,0.0300872426296736,0.083207639151942,0.435703889508634,0.317486589442739,0.795172204014134,0.705212570548233,0.108337716795616,16,0.857666755095124,1,0.9375
"88503_9",0.478883439675802,0.360994029118759,0.081934386004915,0.510965010439209,0.0693804826959416,0.0509784675138546,0.0743455024679323,0.544969516939723,0.901209887167066,0.962581251495669,0.803051894462234,0.610359601530486,0.484508246624444,0.172536134000598,0.755753447103756,0.0300872426296736,0.083207639151942,0.435703889508634,0.317486589442739,0.795172204014134,0.705212570548233,0.108337716795616,16,0.857666755095124,1,1
"95804_1",0.788771255537551,0.999786866245754,0.0477483869017055,0.574606208924154,0.00087672876592548,0.0432650706717971,0.0664410265373133,0.0226405712853349,0.487210912927547,0.205104326500592,0.71022924958633,0.924425451909804,0.483580263246621,0.0319321541379951,0.754540141154099,0.209832417767537,0.493429494001825,0.00484941884236294,0.235008011131055,0.817562304847228,0.942480113065998,0.0227286723749951,16,0.36705463269254,1,0.5
"95804_2",0.788771255537551,0.999786866245754,0.0477483869017055,0.574606208924154,0.00087672876592548,0.0432650706717971,0.0664410265373133,0.0226405712853349,0.487210912927547,0.205104326500592,0.71022924958633,0.924425451909804,0.483580263246621,0.0319321541379951,0.754540141154099,0.209832417767537,0.493429494001825,0.00484941884236294,0.235008011131055,0.817562304847228,0.942480113065998,0.0227286723749951,16,0.36705463269254,1,0.5625
"95804_3",0.788771255537551,0.999786866245754,0.0477483869017055,0.574606208924154,0.00087672876592548,0.0432650706717971,0.0664410265373133,0.0226405712853349,0.487210912927547,0.205104326500592,0.71022924958633,0.924425451909804,0.483580263246621,0.0319321541379951,0.754540141154099,0.209832417767537,0.493429494001825,0.00484941884236294,0.235008011131055,0.817562304847228,0.942480113065998,0.0227286723749951,16,0.36705463269254,1,0.625
"95804_4",0.788771255537551,0.999786866245754,0.0477483869017055,0.574606208924154,0.00087672876592548,0.0432650706717971,0.0664410265373133,0.0226405712853349,0.487210912927547,0.205104326500592,0.71022924958633,0.924425451909804,0.483580263246621,0.0319321541379951,0.754540141154099,0.209832417767537,0.493429494001825,0.00484941884236294,0.235008011131055,0.817562304847228,0.942480113065998,0.0227286723749951,16,0.36705463269254,1,0.6875
"95804_5",0.788771255537551,0.999786866245754,0.0477483869017055,0.574606208924154,0.00087672876592548,0.0432650706717971,0.0664410265373133,0.0226405712853349,0.487210912927547,0.205104326500592,0.71022924958633,0.924425451909804,0.483580263246621,0.0319321541379951,0.754540141154099,0.209832417767537,0.493429494001825,0.00484941884236294,0.235008011131055,0.817562304847228,0.942480113065998,0.0227286723749951,16,0.36705463269254,1,0.75
"95804_6",0.788771255537551,0.999786866245754,0.0477483869017055,0.574606208924154,0.00087672876592548,0.0432650706717971,0.0664410265373133,0.0226405712853349,0.487210912927547,0.205104326500592,0.71022924958633,0.924425451909804,0.483580263246621,0.0319321541379951,0.754540141154099,0.209832417767537,0.493429494001825,0.00484941884236294,0.235008011131055,0.817562304847228,0.942480113065998,0.0227286723749951,16,0.36705463269254,1,0.8125
"95804_7",0.788771255537551,0.999786866245754,0.0477483869017055,0.574606208924154,0.00087672876592548,0.0432650706717971,0.0664410265373133,0.0226405712853349,0.487210912927547,0.205104326500592,0.71022924958633,0.924425451909804,0.483580263246621,0.0319321541379951,0.754540141154099,0.209832417767537,0.493429494001825,0.00484941884236294,0.235008011131055,0.817562304847228,0.942480113065998,0.0227286723749951,16,0.36705463269254,1,0.875
"95804_8",0.788771255537551,0.999786866245754,0.0477483869017055,0.574606208924154,0.00087672876592548,0.0432650706717971,0.0664410265373133,0.0226405712853349,0.487210912927547,0.205104326500592,0.71022924958633,0.924425451909804,0.483580263246621,0.0319321541379951,0.754540141154099,0.209832417767537,0.493429494001825,0.00484941884236294,0.235008011131055,0.817562304847228,0.942480113065998,0.0227286723749951,16,0.36705463269254,1,0.9375
"95804_9",0.788771255537551,0.999786866245754,0.0477483869017055,0.574606208924154,0.00087672876592548,0.0432650706717971,0.0664410265373133,0.0226405712853349,0.487210912927547,0.205104326500592,0.71022924958633,0.924425451909804,0.483580263246621,0.0319321541379951,0.754540141154099,0.209832417767537,0.493429494001825,0.00484941884236294,0.235008011131055,0.817562304847228,0.942480113065998,0.0227286723749951,16,0.36705463269254,1,1
"100503_1",0.359853166944626,0.865443155197163,0.22261032638958,0.684053604231782,0.030273618129294,0.0244658816096713,0.084519535521685,0.852112576859062,0.521615427659378,0.96919834160429,0.524175379144255,0.313821718399737,0.143994480184839,0.308265744096477,0.00019440235718619,0.133173538508897,0.278348480520305,0.0208658555658484,0.248776210401591,0.609928886917506,0.746018951633989,6.79376821854385e-05,11,0.403551242044353,1,0.5
"100503_2",0.359853166944626,0.865443155197163,0.22261032638958,0.684053604231782,0.030273618129294,0.0244658816096713,0.084519535521685,0.852112576859062,0.521615427659378,0.96919834160429,0.524175379144255,0.313821718399737,0.143994480184839,0.308265744096477,0.00019440235718619,0.133173538508897,0.278348480520305,0.0208658555658484,0.248776210401591,0.609928886917506,0.746018951633989,6.79376821854385e-05,11,0.403551242044353,1,0.5625
"100503_3",0.359853166944626,0.865443155197163,0.22261032638958,0.684053604231782,0.030273618129294,0.0244658816096713,0.084519535521685,0.852112576859062,0.521615427659378,0.96919834160429,0.524175379144255,0.313821718399737,0.143994480184839,0.308265744096477,0.00019440235718619,0.133173538508897,0.278348480520305,0.0208658555658484,0.248776210401591,0.609928886917506,0.746018951633989,6.79376821854385e-05,11,0.403551242044353,1,0.625
"100503_4",0.359853166944626,0.865443155197163,0.22261032638958,0.684053604231782,0.030273618129294,0.0244658816096713,0.084519535521685,0.852112576859062,0.521615427659378,0.96919834160429,0.524175379144255,0.313821718399737,0.143994480184839,0.308265744096477,0.00019440235718619,0.133173538508897,0.278348480520305,0.0208658555658484,0.248776210401591,0.609928886917506,0.746018951633989,6.79376821854385e-05,11,0.403551242044353,1,0.6875
"100503_5",0.359853166944626,0.865443155197163,0.22261032638958,0.684053604231782,0.030273618129294,0.0244658816096713,0.084519535521685,0.852112576859062,0.521615427659378,0.96919834160429,0.524175379144255,0.313821718399737,0.143994480184839,0.308265744096477,0.00019440235718619,0.133173538508897,0.278348480520305,0.0208658555658484,0.248776210401591,0.609928886917506,0.746018951633989,6.79376821854385e-05,11,0.403551242044353,1,0.75
"100503_6",0.359853166944626,0.865443155197163,0.22261032638958,0.684053604231782,0.030273618129294,0.0244658816096713,0.084519535521685,0.852112576859062,0.521615427659378,0.96919834160429,0.524175379144255,0.313821718399737,0.143994480184839,0.308265744096477,0.00019440235718619,0.133173538508897,0.278348480520305,0.0208658555658484,0.248776210401591,0.609928886917506,0.746018951633989,6.79376821854385e-05,11,0.403551242044353,1,0.8125
"100503_7",0.359853166944626,0.865443155197163,0.22261032638958,0.684053604231782,0.030273618129294,0.0244658816096713,0.084519535521685,0.852112576859062,0.521615427659378,0.96919834160429,0.524175379144255,0.313821718399737,0.143994480184839,0.308265744096477,0.00019440235718619,0.133173538508897,0.278348480520305,0.0208658555658484,0.248776210401591,0.609928886917506,0.746018951633989,6.79376821854385e-05,11,0.403551242044353,1,0.875
"100503_8",0.359853166944626,0.865443155197163,0.22261032638958,0.684053604231782,0.030273618129294,0.0244658816096713,0.084519535521685,0.852112576859062,0.521615427659378,0.96919834160429,0.524175379144255,0.313821718399737,0.143994480184839,0.308265744096477,0.00019440235718619,0.133173538508897,0.278348480520305,0.0208658555658484,0.248776210401591,0.609928886917506,0.746018951633989,6.79376821854385e-05,11,0.403551242044353,1,0.9375
"100503_9",0.359853166944626,0.865443155197163,0.22261032638958,0.684053604231782,0.030273618129294,0.0244658816096713,0.084519535521685,0.852112576859062,0.521615427659378,0.96919834160429,0.524175379144255,0.313821718399737,0.143994480184839,0.308265744096477,0.00019440235718619,0.133173538508897,0.278348480520305,0.0208658555658484,0.248776210401591,0.609928886917506,0.746018951633989,6.79376821854385e-05,11,0.403551242044353,1,1
"109301_1",0.00879297511969113,0.85155193171761,0.0377572862795986,0.859271240087042,0.0167505958125559,0.0633034729843114,0.0814293633744308,0.170198683063929,0.353114732698266,0.934153756018458,0.519030833873506,0.422826789244809,0.218967840901981,7.76303646992892e-05,0.00019440235718619,0.0921620934197782,0.277688527720913,0.125893416636324,0.225664929122834,0.571055169482457,0.534714499896919,0.115875830376066,22,0.232240010243211,1,0.5
"109301_2",0.00879297511969113,0.85155193171761,0.0377572862795986,0.859271240087042,0.0167505958125559,0.0633034729843114,0.0814293633744308,0.170198683063929,0.353114732698266,0.934153756018458,0.519030833873506,0.422826789244809,0.218967840901981,7.76303646992892e-05,0.00019440235718619,0.0921620934197782,0.277688527720913,0.125893416636324,0.225664929122834,0.571055169482457,0.534714499896919,0.115875830376066,22,0.232240010243211,1,0.5625
"109301_3",0.00879297511969113,0.85155193171761,0.0377572862795986,0.859271240087042,0.0167505958125559,0.0633034729843114,0.0814293633744308,0.170198683063929,0.353114732698266,0.934153756018458,0.519030833873506,0.422826789244809,0.218967840901981,7.76303646992892e-05,0.00019440235718619,0.0921620934197782,0.277688527720913,0.125893416636324,0.225664929122834,0.571055169482457,0.534714499896919,0.115875830376066,22,0.232240010243211,1,0.625
"109301_4",0.00879297511969113,0.85155193171761,0.0377572862795986,0.859271240087042,0.0167505958125559,0.0633034729843114,0.0814293633744308,0.170198683063929,0.353114732698266,0.934153756018458,0.519030833873506,0.422826789244809,0.218967840901981,7.76303646992892e-05,0.00019440235718619,0.0921620934197782,0.277688527720913,0.125893416636324,0.225664929122834,0.571055169482457,0.534714499896919,0.115875830376066,22,0.232240010243211,1,0.6875
"109301_5",0.00879297511969113,0.85155193171761,0.0377572862795986,0.859271240087042,0.0167505958125559,0.0633034729843114,0.0814293633744308,0.170198683063929,0.353114732698266,0.934153756018458,0.519030833873506,0.422826789244809,0.218967840901981,7.76303646992892e-05,0.00019440235718619,0.0921620934197782,0.277688527720913,0.125893416636324,0.225664929122834,0.571055169482457,0.534714499896919,0.115875830376066,22,0.232240010243211,1,0.75
"109301_6",0.00879297511969113,0.85155193171761,0.0377572862795986,0.859271240087042,0.0167505958125559,0.0633034729843114,0.0814293633744308,0.170198683063929,0.353114732698266,0.934153756018458,0.519030833873506,0.422826789244809,0.218967840901981,7.76303646992892e-05,0.00019440235718619,0.0921620934197782,0.277688527720913,0.125893416636324,0.225664929122834,0.571055169482457,0.534714499896919,0.115875830376066,22,0.232240010243211,1,0.8125
"109301_7",0.00879297511969113,0.85155193171761,0.0377572862795986,0.859271240087042,0.0167505958125559,0.0633034729843114,0.0814293633744308,0.170198683063929,0.353114732698266,0.934153756018458,0.519030833873506,0.422826789244809,0.218967840901981,7.76303646992892e-05,0.00019440235718619,0.0921620934197782,0.277688527720913,0.125893416636324,0.225664929122834,0.571055169482457,0.534714499896919,0.115875830376066,22,0.232240010243211,1,0.875
"109301_8",0.00879297511969113,0.85155193171761,0.0377572862795986,0.859271240087042,0.0167505958125559,0.0633034729843114,0.0814293633744308,0.170198683063929,0.353114732698266,0.934153756018458,0.519030833873506,0.422826789244809,0.218967840901981,7.76303646992892e-05,0.00019440235718619,0.0921620934197782,0.277688527720913,0.125893416636324,0.225664929122834,0.571055169482457,0.534714499896919,0.115875830376066,22,0.232240010243211,1,0.9375
"109301_9",0.00879297511969113,0.85155193171761,0.0377572862795986,0.859271240087042,0.0167505958125559,0.0633034729843114,0.0814293633744308,0.170198683063929,0.353114732698266,0.934153756018458,0.519030833873506,0.422826789244809,0.218967840901981,7.76303646992892e-05,0.00019440235718619,0.0921620934197782,0.277688527720913,0.125893416636324,0.225664929122834,0.571055169482457,0.534714499896919,0.115875830376066,22,0.232240010243211,1,1
"200203_1",0.508808139133157,0.62000786236075,0.0358233984781705,0.582050318427624,0.0910593846467615,0.0481690338583786,0.074258750732818,0.382629245789475,0.55445642290377,0.632791978768463,0.11901807109114,0.268489990215107,0.266597684736751,0.145884630405259,0.632613988179514,0.195248715861325,0.364011642171912,0.202220869305659,0.43536584871066,0.925427412907715,0.879324809248435,0.133321070522721,20,0.332694946560986,1,0.5
"200203_2",0.508808139133157,0.62000786236075,0.0358233984781705,0.582050318427624,0.0910593846467615,0.0481690338583786,0.074258750732818,0.382629245789475,0.55445642290377,0.632791978768463,0.11901807109114,0.268489990215107,0.266597684736751,0.145884630405259,0.632613988179514,0.195248715861325,0.364011642171912,0.202220869305659,0.43536584871066,0.925427412907715,0.879324809248435,0.133321070522721,20,0.332694946560986,1,0.5625
"200203_3",0.508808139133157,0.62000786236075,0.0358233984781705,0.582050318427624,0.0910593846467615,0.0481690338583786,0.074258750732818,0.382629245789475,0.55445642290377,0.632791978768463,0.11901807109114,0.268489990215107,0.266597684736751,0.145884630405259,0.632613988179514,0.195248715861325,0.364011642171912,0.202220869305659,0.43536584871066,0.925427412907715,0.879324809248435,0.133321070522721,20,0.332694946560986,1,0.625
"200203_4",0.508808139133157,0.62000786236075,0.0358233984781705,0.582050318427624,0.0910593846467615,0.0481690338583786,0.074258750732818,0.382629245789475,0.55445642290377,0.632791978768463,0.11901807109114,0.268489990215107,0.266597684736751,0.145884630405259,0.632613988179514,0.195248715861325,0.364011642171912,0.202220869305659,0.43536584871066,0.925427412907715,0.879324809248435,0.133321070522721,20,0.332694946560986,1,0.6875
"200203_5",0.508808139133157,0.62000786236075,0.0358233984781705,0.582050318427624,0.0910593846467615,0.0481690338583786,0.074258750732818,0.382629245789475,0.55445642290377,0.632791978768463,0.11901807109114,0.268489990215107,0.266597684736751,0.145884630405259,0.632613988179514,0.195248715861325,0.364011642171912,0.202220869305659,0.43536584871066,0.925427412907715,0.879324809248435,0.133321070522721,20,0.332694946560986,1,0.75
"200203_6",0.508808139133157,0.62000786236075,0.0358233984781705,0.582050318427624,0.0910593846467615,0.0481690338583786,0.074258750732818,0.382629245789475,0.55445642290377,0.632791978768463,0.11901807109114,0.268489990215107,0.266597684736751,0.145884630405259,0.632613988179514,0.195248715861325,0.364011642171912,0.202220869305659,0.43536584871066,0.925427412907715,0.879324809248435,0.133321070522721,20,0.332694946560986,1,0.8125
"200203_7",0.508808139133157,0.62000786236075,0.0358233984781705,0.582050318427624,0.0910593846467615,0.0481690338583786,0.074258750732818,0.382629245789475,0.55445642290377,0.632791978768463,0.11901807109114,0.268489990215107,0.266597684736751,0.145884630405259,0.632613988179514,0.195248715861325,0.364011642171912,0.202220869305659,0.43536584871066,0.925427412907715,0.879324809248435,0.133321070522721,20,0.332694946560986,1,0.875
"200203_8",0.508808139133157,0.62000786236075,0.0358233984781705,0.582050318427624,0.0910593846467615,0.0481690338583786,0.074258750732818,0.382629245789475,0.55445642290377,0.632791978768463,0.11901807109114,0.268489990215107,0.266597684736751,0.145884630405259,0.632613988179514,0.195248715861325,0.364011642171912,0.202220869305659,0.43536584871066,0.925427412907715,0.879324809248435,0.133321070522721,20,0.332694946560986,1,0.9375
"200203_9",0.508808139133157,0.62000786236075,0.0358233984781705,0.582050318427624,0.0910593846467615,0.0481690338583786,0.074258750732818,0.382629245789475,0.55445642290377,0.632791978768463,0.11901807109114,0.268489990215107,0.266597684736751,0.145884630405259,0.632613988179514,0.195248715861325,0.364011642171912,0.202220869305659,0.43536584871066,0.925427412907715,0.879324809248435,0.133321070522721,20,0.332694946560986,1,1
"200305_1",0.623432739952632,0.732575039811326,0.126177681525272,0.610728632696176,0.118107494595553,0.100590946061676,0.119995094177388,0.87660839932605,0.63446131448719,0.442645935276094,0.660273714287471,0.0794678476995388,0.207353395876182,0.211638452336974,0.454209156180908,0.00030305628819158,0.159577433005074,0.00010701302640605,0.0190103102288143,0.923727821490152,0.814203219791316,0.143307885868568,23,0.227902696672504,1,0.5
"200305_2",0.623432739952632,0.732575039811326,0.126177681525272,0.610728632696176,0.118107494595553,0.100590946061676,0.119995094177388,0.87660839932605,0.63446131448719,0.442645935276094,0.660273714287471,0.0794678476995388,0.207353395876182,0.211638452336974,0.454209156180908,0.00030305628819158,0.159577433005074,0.00010701302640605,0.0190103102288143,0.923727821490152,0.814203219791316,0.143307885868568,23,0.227902696672504,1,0.5625
"200305_3",0.623432739952632,0.732575039811326,0.126177681525272,0.610728632696176,0.118107494595553,0.100590946061676,0.119995094177388,0.87660839932605,0.63446131448719,0.442645935276094,0.660273714287471,0.0794678476995388,0.207353395876182,0.211638452336974,0.454209156180908,0.00030305628819158,0.159577433005074,0.00010701302640605,0.0190103102288143,0.923727821490152,0.814203219791316,0.143307885868568,23,0.227902696672504,1,0.625
"200305_4",0.623432739952632,0.732575039811326,0.126177681525272,0.610728632696176,0.118107494595553,0.100590946061676,0.119995094177388,0.87660839932605,0.63446131448719,0.442645935276094,0.660273714287471,0.0794678476995388,0.207353395876182,0.211638452336974,0.454209156180908,0.00030305628819158,0.159577433005074,0.00010701302640605,0.0190103102288143,0.923727821490152,0.814203219791316,0.143307885868568,23,0.227902696672504,1,0.6875
"200305_5",0.623432739952632,0.732575039811326,0.126177681525272,0.610728632696176,0.118107494595553,0.100590946061676,0.119995094177388,0.87660839932605,0.63446131448719,0.442645935276094,0.660273714287471,0.0794678476995388,0.207353395876182,0.211638452336974,0.454209156180908,0.00030305628819158,0.159577433005074,0.00010701302640605,0.0190103102288143,0.923727821490152,0.814203219791316,0.143307885868568,23,0.227902696672504,1,0.75
"200305_6",0.623432739952632,0.732575039811326,0.126177681525272,0.610728632696176,0.118107494595553,0.100590946061676,0.119995094177388,0.87660839932605,0.63446131448719,0.442645935276094,0.660273714287471,0.0794678476995388,0.207353395876182,0.211638452336974,0.454209156180908,0.00030305628819158,0.159577433005074,0.00010701302640605,0.0190103102288143,0.923727821490152,0.814203219791316,0.143307885868568,23,0.227902696672504,1,0.8125
"200305_7",0.623432739952632,0.732575039811326,0.126177681525272,0.610728632696176,0.118107494595553,0.100590946061676,0.119995094177388,0.87660839932605,0.63446131448719,0.442645935276094,0.660273714287471,0.0794678476995388,0.207353395876182,0.211638452336974,0.454209156180908,0.00030305628819158,0.159577433005074,0.00010701302640605,0.0190103102288143,0.923727821490152,0.814203219791316,0.143307885868568,23,0.227902696672504,1,0.875
"200305_8",0.623432739952632,0.732575039811326,0.126177681525272,0.610728632696176,0.118107494595553,0.100590946061676,0.119995094177388,0.87660839932605,0.63446131448719,0.442645935276094,0.660273714287471,0.0794678476995388,0.207353395876182,0.211638452336974,0.454209156180908,0.00030305628819158,0.159577433005074,0.00010701302640605,0.0190103102288143,0.923727821490152,0.814203219791316,0.143307885868568,23,0.227902696672504,1,0.9375
"200305_9",0.623432739952632,0.732575039811326,0.126177681525272,0.610728632696176,0.118107494595553,0.100590946061676,0.119995094177388,0.87660839932605,0.63446131448719,0.442645935276094,0.660273714287471,0.0794678476995388,0.207353395876182,0.211638452336974,0.454209156180908,0.00030305628819158,0.159577433005074,0.00010701302640605,0.0190103102288143,0.923727821490152,0.814203219791316,0.143307885868568,23,0.227902696672504,1,1
"200500_1",0.725445969781643,0.145299765502703,0.0283120787373899,0.53167929486907,0.0546562458226473,0.00658991577071162,0.0796783507366752,0.237961481371836,0.4686115149126,0.999928297183826,0.5048802975092,0.210446818249841,0.27961903760306,0.527361424369599,0.999991596603808,0.0747512401771386,0.380390328680568,0.340491923463363,0.486333235283945,0.999990134470386,0.853535895595925,0.221990235403824,12,0.43769361138997,1,0.5
"200500_2",0.725445969781643,0.145299765502703,0.0283120787373899,0.53167929486907,0.0546562458226473,0.00658991577071162,0.0796783507366752,0.237961481371836,0.4686115149126,0.999928297183826,0.5048802975092,0.210446818249841,0.27961903760306,0.527361424369599,0.999991596603808,0.0747512401771386,0.380390328680568,0.340491923463363,0.486333235283945,0.999990134470386,0.853535895595925,0.221990235403824,12,0.43769361138997,1,0.5625
"200500_3",0.725445969781643,0.145299765502703,0.0283120787373899,0.53167929486907,0.0546562458226473,0.00658991577071162,0.0796783507366752,0.237961481371836,0.4686115149126,0.999928297183826,0.5048802975092,0.210446818249841,0.27961903760306,0.527361424369599,0.999991596603808,0.0747512401771386,0.380390328680568,0.340491923463363,0.486333235283945,0.999990134470386,0.853535895595925,0.221990235403824,12,0.43769361138997,1,0.625
"200500_4",0.725445969781643,0.145299765502703,0.0283120787373899,0.53167929486907,0.0546562458226473,0.00658991577071162,0.0796783507366752,0.237961481371836,0.4686115149126,0.999928297183826,0.5048802975092,0.210446818249841,0.27961903760306,0.527361424369599,0.999991596603808,0.0747512401771386,0.380390328680568,0.340491923463363,0.486333235283945,0.999990134470386,0.853535895595925,0.221990235403824,12,0.43769361138997,1,0.6875
"200500_5",0.725445969781643,0.145299765502703,0.0283120787373899,0.53167929486907,0.0546562458226473,0.00658991577071162,0.0796783507366752,0.237961481371836,0.4686115149126,0.999928297183826,0.5048802975092,0.210446818249841,0.27961903760306,0.527361424369599,0.999991596603808,0.0747512401771386,0.380390328680568,0.340491923463363,0.486333235283945,0.999990134470386,0.853535895595925,0.221990235403824,12,0.43769361138997,1,0.75
"200500_6",0.725445969781643,0.145299765502703,0.0283120787373899,0.53167929486907,0.0546562458226473,0.00658991577071162,0.0796783507366752,0.237961481371836,0.4686115149126,0.999928297183826,0.5048802975092,0.210446818249841,0.27961903760306,0.527361424369599,0.999991596603808,0.0747512401771386,0.380390328680568,0.340491923463363,0.486333235283945,0.999990134470386,0.853535895595925,0.221990235403824,12,0.43769361138997,1,0.8125
"200500_7",0.725445969781643,0.145299765502703,0.0283120787373899,0.53167929486907,0.0546562458226473,0.00658991577071162,0.0796783507366752,0.237961481371836,0.4686115149126,0.999928297183826,0.5048802975092,0.210446818249841,0.27961903760306,0.527361424369599,0.999991596603808,0.0747512401771386,0.380390328680568,0.340491923463363,0.486333235283945,0.999990134470386,0.853535895595925,0.221990235403824,12,0.43769361138997,1,0.875
"200500_8",0.725445969781643,0.145299765502703,0.0283120787373899,0.53167929486907,0.0546562458226473,0.00658991577071162,0.0796783507366752,0.237961481371836,0.4686115149126,0.999928297183826,0.5048802975092,0.210446818249841,0.27961903760306,0.527361424369599,0.999991596603808,0.0747512401771386,0.380390328680568,0.340491923463363,0.486333235283945,0.999990134470386,0.853535895595925,0.221990235403824,12,0.43769361138997,1,0.9375
"200500_9",0.725445969781643,0.145299765502703,0.0283120787373899,0.53167929486907,0.0546562458226473,0.00658991577071162,0.0796783507366752,0.237961481371836,0.4686115149126,0.999928297183826,0.5048802975092,0.210446818249841,0.27961903760306,0.527361424369599,0.999991596603808,0.0747512401771386,0.380390328680568,0.340491923463363,0.486333235283945,0.999990134470386,0.853535895595925,0.221990235403824,12,0.43769361138997,1,1
"200501_1",0.41852716640084,0.67036044498963,0.120789395964668,0.500063357459616,0.107318305203531,0.119953951633761,0.119995094177388,0.990787109732928,0.325809675209437,0.592810988764245,0.476605077650189,0.451160346256218,0.36843346772817,0.150598503173843,0.697650877363209,0.00030305628819158,0.199485438156363,0.00556919295364697,0.255503675284671,0.999990134470386,0.895514194579608,0.0976232962501918,16,0.381746569698503,1,0.5
"200501_2",0.41852716640084,0.67036044498963,0.120789395964668,0.500063357459616,0.107318305203531,0.119953951633761,0.119995094177388,0.990787109732928,0.325809675209437,0.592810988764245,0.476605077650189,0.451160346256218,0.36843346772817,0.150598503173843,0.697650877363209,0.00030305628819158,0.199485438156363,0.00556919295364697,0.255503675284671,0.999990134470386,0.895514194579608,0.0976232962501918,16,0.381746569698503,1,0.5625
"200501_3",0.41852716640084,0.67036044498963,0.120789395964668,0.500063357459616,0.107318305203531,0.119953951633761,0.119995094177388,0.990787109732928,0.325809675209437,0.592810988764245,0.476605077650189,0.451160346256218,0.36843346772817,0.150598503173843,0.697650877363209,0.00030305628819158,0.199485438156363,0.00556919295364697,0.255503675284671,0.999990134470386,0.895514194579608,0.0976232962501918,16,0.381746569698503,1,0.625
"200501_4",0.41852716640084,0.67036044498963,0.120789395964668,0.500063357459616,0.107318305203531,0.119953951633761,0.119995094177388,0.990787109732928,0.325809675209437,0.592810988764245,0.476605077650189,0.451160346256218,0.36843346772817,0.150598503173843,0.697650877363209,0.00030305628819158,0.199485438156363,0.00556919295364697,0.255503675284671,0.999990134470386,0.895514194579608,0.0976232962501918,16,0.381746569698503,1,0.6875
"200501_5",0.41852716640084,0.67036044498963,0.120789395964668,0.500063357459616,0.107318305203531,0.119953951633761,0.119995094177388,0.990787109732928,0.325809675209437,0.592810988764245,0.476605077650189,0.451160346256218,0.36843346772817,0.150598503173843,0.697650877363209,0.00030305628819158,0.199485438156363,0.00556919295364697,0.255503675284671,0.999990134470386,0.895514194579608,0.0976232962501918,16,0.381746569698503,1,0.75
"200501_6",0.41852716640084,0.67036044498963,0.120789395964668,0.500063357459616,0.107318305203531,0.119953951633761,0.119995094177388,0.990787109732928,0.325809675209437,0.592810988764245,0.476605077650189,0.451160346256218,0.36843346772817,0.150598503173843,0.697650877363209,0.00030305628819158,0.199485438156363,0.00556919295364697,0.255503675284671,0.999990134470386,0.895514194579608,0.0976232962501918,16,0.381746569698503,1,0.8125
"200501_7",0.41852716640084,0.67036044498963,0.120789395964668,0.500063357459616,0.107318305203531,0.119953951633761,0.119995094177388,0.990787109732928,0.325809675209437,0.592810988764245,0.476605077650189,0.451160346256218,0.36843346772817,0.150598503173843,0.697650877363209,0.00030305628819158,0.199485438156363,0.00556919295364697,0.255503675284671,0.999990134470386,0.895514194579608,0.0976232962501918,16,0.381746569698503,1,0.875
"200501_8",0.41852716640084,0.67036044498963,0.120789395964668,0.500063357459616,0.107318305203531,0.119953951633761,0.119995094177388,0.990787109732928,0.325809675209437,0.592810988764245,0.476605077650189,0.451160346256218,0.36843346772817,0.150598503173843,0.697650877363209,0.00030305628819158,0.199485438156363,0.00556919295364697,0.255503675284671,0.999990134470386,0.895514194579608,0.0976232962501918,16,0.381746569698503,1,0.9375
"200501_9",0.41852716640084,0.67036044498963,0.120789395964668,0.500063357459616,0.107318305203531,0.119953951633761,0.119995094177388,0.990787109732928,0.325809675209437,0.592810988764245,0.476605077650189,0.451160346256218,0.36843346772817,0.150598503173843,0.697650877363209,0.00030305628819158,0.199485438156363,0.00556919295364697,0.255503675284671,0.999990134470386,0.895514194579608,0.0976232962501918,16,0.381746569698503,1,1
"200502_1",0.291691559653047,0.519584258612922,0.0576855536163689,0.585850108483064,0.0936733532688341,0.103180080355844,0.119995094177388,0.833500272925731,0.65494708698679,0.396494561690855,0.818546100210929,0.260021249447616,0.257190990518899,0.522806355407331,0.394054499243451,0.218804658241963,0.351962916459446,0.00010701302640605,0.26778023872966,0.858609089998963,0.844801177646589,0.177437056957646,10,0.191339253339062,1,0.5
"200502_2",0.291691559653047,0.519584258612922,0.0576855536163689,0.585850108483064,0.0936733532688341,0.103180080355844,0.119995094177388,0.833500272925731,0.65494708698679,0.396494561690855,0.818546100210929,0.260021249447616,0.257190990518899,0.522806355407331,0.394054499243451,0.218804658241963,0.351962916459446,0.00010701302640605,0.26778023872966,0.858609089998963,0.844801177646589,0.177437056957646,10,0.191339253339062,1,0.5625
"200502_3",0.291691559653047,0.519584258612922,0.0576855536163689,0.585850108483064,0.0936733532688341,0.103180080355844,0.119995094177388,0.833500272925731,0.65494708698679,0.396494561690855,0.818546100210929,0.260021249447616,0.257190990518899,0.522806355407331,0.394054499243451,0.218804658241963,0.351962916459446,0.00010701302640605,0.26778023872966,0.858609089998963,0.844801177646589,0.177437056957646,10,0.191339253339062,1,0.625
"200502_4",0.291691559653047,0.519584258612922,0.0576855536163689,0.585850108483064,0.0936733532688341,0.103180080355844,0.119995094177388,0.833500272925731,0.65494708698679,0.396494561690855,0.818546100210929,0.260021249447616,0.257190990518899,0.522806355407331,0.394054499243451,0.218804658241963,0.351962916459446,0.00010701302640605,0.26778023872966,0.858609089998963,0.844801177646589,0.177437056957646,10,0.191339253339062,1,0.6875
"200502_5",0.291691559653047,0.519584258612922,0.0576855536163689,0.585850108483064,0.0936733532688341,0.103180080355844,0.119995094177388,0.833500272925731,0.65494708698679,0.396494561690855,0.818546100210929,0.260021249447616,0.257190990518899,0.522806355407331,0.394054499243451,0.218804658241963,0.351962916459446,0.00010701302640605,0.26778023872966,0.858609089998963,0.844801177646589,0.177437056957646,10,0.191339253339062,1,0.75
"200502_6",0.291691559653047,0.519584258612922,0.0576855536163689,0.585850108483064,0.0936733532688341,0.103180080355844,0.119995094177388,0.833500272925731,0.65494708698679,0.396494561690855,0.818546100210929,0.260021249447616,0.257190990518899,0.522806355407331,0.394054499243451,0.218804658241963,0.351962916459446,0.00010701302640605,0.26778023872966,0.858609089998963,0.844801177646589,0.177437056957646,10,0.191339253339062,1,0.8125
"200502_7",0.291691559653047,0.519584258612922,0.0576855536163689,0.585850108483064,0.0936733532688341,0.103180080355844,0.119995094177388,0.833500272925731,0.65494708698679,0.396494561690855,0.818546100210929,0.260021249447616,0.257190990518899,0.522806355407331,0.394054499243451,0.218804658241963,0.351962916459446,0.00010701302640605,0.26778023872966,0.858609089998963,0.844801177646589,0.177437056957646,10,0.191339253339062,1,0.875
"200502_8",0.291691559653047,0.519584258612922,0.0576855536163689,0.585850108483064,0.0936733532688341,0.103180080355844,0.119995094177388,0.833500272925731,0.65494708698679,0.396494561690855,0.818546100210929,0.260021249447616,0.257190990518899,0.522806355407331,0.394054499243451,0.218804658241963,0.351962916459446,0.00010701302640605,0.26778023872966,0.858609089998963,0.844801177646589,0.177437056957646,10,0.191339253339062,1,0.9375
"200502_9",0.291691559653047,0.519584258612922,0.0576855536163689,0.585850108483064,0.0936733532688341,0.103180080355844,0.119995094177388,0.833500272925731,0.65494708698679,0.396494561690855,0.818546100210929,0.260021249447616,0.257190990518899,0.522806355407331,0.394054499243451,0.218804658241963,0.351962916459446,0.00010701302640605,0.26778023872966,0.858609089998963,0.844801177646589,0.177437056957646,10,0.191339253339062,1,1
"200599_1",0.441842587338471,0.999963109878346,0.106964845286494,0.611629022283275,0.0958068591191937,0.11960625883938,0.119995094177388,0.822689794019714,0.41883987872735,0.445524249944412,0.252247033238553,0.289662073139793,0.196545492503763,0.204133364702164,0.254732084711496,0.114209501230379,0.374919986195944,0.00010701302640605,0.131967628716858,0.763081021196455,0.999975606664492,0.140015262513138,16,0.0170038249944969,1,0.5
"200599_2",0.441842587338471,0.999963109878346,0.106964845286494,0.611629022283275,0.0958068591191937,0.11960625883938,0.119995094177388,0.822689794019714,0.41883987872735,0.445524249944412,0.252247033238553,0.289662073139793,0.196545492503763,0.204133364702164,0.254732084711496,0.114209501230379,0.374919986195944,0.00010701302640605,0.131967628716858,0.763081021196455,0.999975606664492,0.140015262513138,16,0.0170038249944969,1,0.5625
"200599_3",0.441842587338471,0.999963109878346,0.106964845286494,0.611629022283275,0.0958068591191937,0.11960625883938,0.119995094177388,0.822689794019714,0.41883987872735,0.445524249944412,0.252247033238553,0.289662073139793,0.196545492503763,0.204133364702164,0.254732084711496,0.114209501230379,0.374919986195944,0.00010701302640605,0.131967628716858,0.763081021196455,0.999975606664492,0.140015262513138,16,0.0170038249944969,1,0.625
"200599_4",0.441842587338471,0.999963109878346,0.106964845286494,0.611629022283275,0.0958068591191937,0.11960625883938,0.119995094177388,0.822689794019714,0.41883987872735,0.445524249944412,0.252247033238553,0.289662073139793,0.196545492503763,0.204133364702164,0.254732084711496,0.114209501230379,0.374919986195944,0.00010701302640605,0.131967628716858,0.763081021196455,0.999975606664492,0.140015262513138,16,0.0170038249944969,1,0.6875
"200599_5",0.441842587338471,0.999963109878346,0.106964845286494,0.611629022283275,0.0958068591191937,0.11960625883938,0.119995094177388,0.822689794019714,0.41883987872735,0.445524249944412,0.252247033238553,0.289662073139793,0.196545492503763,0.204133364702164,0.254732084711496,0.114209501230379,0.374919986195944,0.00010701302640605,0.131967628716858,0.763081021196455,0.999975606664492,0.140015262513138,16,0.0170038249944969,1,0.75
"200599_6",0.441842587338471,0.999963109878346,0.106964845286494,0.611629022283275,0.0958068591191937,0.11960625883938,0.119995094177388,0.822689794019714,0.41883987872735,0.445524249944412,0.252247033238553,0.289662073139793,0.196545492503763,0.204133364702164,0.254732084711496,0.114209501230379,0.374919986195944,0.00010701302640605,0.131967628716858,0.763081021196455,0.999975606664492,0.140015262513138,16,0.0170038249944969,1,0.8125
"200599_7",0.441842587338471,0.999963109878346,0.106964845286494,0.611629022283275,0.0958068591191937,0.11960625883938,0.119995094177388,0.822689794019714,0.41883987872735,0.445524249944412,0.252247033238553,0.289662073139793,0.196545492503763,0.204133364702164,0.254732084711496,0.114209501230379,0.374919986195944,0.00010701302640605,0.131967628716858,0.763081021196455,0.999975606664492,0.140015262513138,16,0.0170038249944969,1,0.875
"200599_8",0.441842587338471,0.999963109878346,0.106964845286494,0.611629022283275,0.0958068591191937,0.11960625883938,0.119995094177388,0.822689794019714,0.41883987872735,0.445524249944412,0.252247033238553,0.289662073139793,0.196545492503763,0.204133364702164,0.254732084711496,0.114209501230379,0.374919986195944,0.00010701302640605,0.131967628716858,0.763081021196455,0.999975606664492,0.140015262513138,16,0.0170038249944969,1,0.9375
"200599_9",0.441842587338471,0.999963109878346,0.106964845286494,0.611629022283275,0.0958068591191937,0.11960625883938,0.119995094177388,0.822689794019714,0.41883987872735,0.445524249944412,0.252247033238553,0.289662073139793,0.196545492503763,0.204133364702164,0.254732084711496,0.114209501230379,0.374919986195944,0.00010701302640605,0.131967628716858,0.763081021196455,0.999975606664492,0.140015262513138,16,0.0170038249944969,1,1
"200601_1",0.234575296799942,0.743122920933475,0.0367739826483918,0.500063357459616,0.0199662963143304,0.10161208751643,0.119995094177388,0.0412661067553513,0.900245342526321,0.999928297183826,0.700667206906437,0.999563629297968,0.870173863157448,7.76303646992892e-05,0.999991596603808,0.027079254056409,0.231740773231241,0.171903246898693,0.499559855764972,0.769103333972367,0.834635906389865,0.110678915357794,21,0.829115993465297,1,0.5
"200601_2",0.234575296799942,0.743122920933475,0.0367739826483918,0.500063357459616,0.0199662963143304,0.10161208751643,0.119995094177388,0.0412661067553513,0.900245342526321,0.999928297183826,0.700667206906437,0.999563629297968,0.870173863157448,7.76303646992892e-05,0.999991596603808,0.027079254056409,0.231740773231241,0.171903246898693,0.499559855764972,0.769103333972367,0.834635906389865,0.110678915357794,21,0.829115993465297,1,0.5625
"200601_3",0.234575296799942,0.743122920933475,0.0367739826483918,0.500063357459616,0.0199662963143304,0.10161208751643,0.119995094177388,0.0412661067553513,0.900245342526321,0.999928297183826,0.700667206906437,0.999563629297968,0.870173863157448,7.76303646992892e-05,0.999991596603808,0.027079254056409,0.231740773231241,0.171903246898693,0.499559855764972,0.769103333972367,0.834635906389865,0.110678915357794,21,0.829115993465297,1,0.625
"200601_4",0.234575296799942,0.743122920933475,0.0367739826483918,0.500063357459616,0.0199662963143304,0.10161208751643,0.119995094177388,0.0412661067553513,0.900245342526321,0.999928297183826,0.700667206906437,0.999563629297968,0.870173863157448,7.76303646992892e-05,0.999991596603808,0.027079254056409,0.231740773231241,0.171903246898693,0.499559855764972,0.769103333972367,0.834635906389865,0.110678915357794,21,0.829115993465297,1,0.6875
"200601_5",0.234575296799942,0.743122920933475,0.0367739826483918,0.500063357459616,0.0199662963143304,0.10161208751643,0.119995094177388,0.0412661067553513,0.900245342526321,0.999928297183826,0.700667206906437,0.999563629297968,0.870173863157448,7.76303646992892e-05,0.999991596603808,0.027079254056409,0.231740773231241,0.171903246898693,0.499559855764972,0.769103333972367,0.834635906389865,0.110678915357794,21,0.829115993465297,1,0.75
"200601_6",0.234575296799942,0.743122920933475,0.0367739826483918,0.500063357459616,0.0199662963143304,0.10161208751643,0.119995094177388,0.0412661067553513,0.900245342526321,0.999928297183826,0.700667206906437,0.999563629297968,0.870173863157448,7.76303646992892e-05,0.999991596603808,0.027079254056409,0.231740773231241,0.171903246898693,0.499559855764972,0.769103333972367,0.834635906389865,0.110678915357794,21,0.829115993465297,1,0.8125
"200601_7",0.234575296799942,0.743122920933475,0.0367739826483918,0.500063357459616,0.0199662963143304,0.10161208751643,0.119995094177388,0.0412661067553513,0.900245342526321,0.999928297183826,0.700667206906437,0.999563629297968,0.870173863157448,7.76303646992892e-05,0.999991596603808,0.027079254056409,0.231740773231241,0.171903246898693,0.499559855764972,0.769103333972367,0.834635906389865,0.110678915357794,21,0.829115993465297,1,0.875
"200601_8",0.234575296799942,0.743122920933475,0.0367739826483918,0.500063357459616,0.0199662963143304,0.10161208751643,0.119995094177388,0.0412661067553513,0.900245342526321,0.999928297183826,0.700667206906437,0.999563629297968,0.870173863157448,7.76303646992892e-05,0.999991596603808,0.027079254056409,0.231740773231241,0.171903246898693,0.499559855764972,0.769103333972367,0.834635906389865,0.110678915357794,21,0.829115993465297,1,0.9375
"200601_9",0.234575296799942,0.743122920933475,0.0367739826483918,0.500063357459616,0.0199662963143304,0.10161208751643,0.119995094177388,0.0412661067553513,0.900245342526321,0.999928297183826,0.700667206906437,0.999563629297968,0.870173863157448,7.76303646992892e-05,0.999991596603808,0.027079254056409,0.231740773231241,0.171903246898693,0.499559855764972,0.769103333972367,0.834635906389865,0.110678915357794,21,0.829115993465297,1,1
"200699_1",0.23099838514574,0.617173513693023,0.102640257659174,0.568985489042337,0.0894310934890637,0.064660180004578,0.118297591648576,0.369085639073817,0.742125838210537,0.999928297183826,0.0893061663115803,0.256775684213229,0.304429975765297,0.471778393967026,0.72578084693024,0.0422311288936106,0.189958515357919,0.00010701302640605,0.300358869121679,0.641929490682854,0.968239997653808,0.230875643011113,14,0.306214362950449,1,0.5
"200699_2",0.23099838514574,0.617173513693023,0.102640257659174,0.568985489042337,0.0894310934890637,0.064660180004578,0.118297591648576,0.369085639073817,0.742125838210537,0.999928297183826,0.0893061663115803,0.256775684213229,0.304429975765297,0.471778393967026,0.72578084693024,0.0422311288936106,0.189958515357919,0.00010701302640605,0.300358869121679,0.641929490682854,0.968239997653808,0.230875643011113,14,0.306214362950449,1,0.5625
"200699_3",0.23099838514574,0.617173513693023,0.102640257659174,0.568985489042337,0.0894310934890637,0.064660180004578,0.118297591648576,0.369085639073817,0.742125838210537,0.999928297183826,0.0893061663115803,0.256775684213229,0.304429975765297,0.471778393967026,0.72578084693024,0.0422311288936106,0.189958515357919,0.00010701302640605,0.300358869121679,0.641929490682854,0.968239997653808,0.230875643011113,14,0.306214362950449,1,0.625
"200699_4",0.23099838514574,0.617173513693023,0.102640257659174,0.568985489042337,0.0894310934890637,0.064660180004578,0.118297591648576,0.369085639073817,0.742125838210537,0.999928297183826,0.0893061663115803,0.256775684213229,0.304429975765297,0.471778393967026,0.72578084693024,0.0422311288936106,0.189958515357919,0.00010701302640605,0.300358869121679,0.641929490682854,0.968239997653808,0.230875643011113,14,0.306214362950449,1,0.6875
"200699_5",0.23099838514574,0.617173513693023,0.102640257659174,0.568985489042337,0.0894310934890637,0.064660180004578,0.118297591648576,0.369085639073817,0.742125838210537,0.999928297183826,0.0893061663115803,0.256775684213229,0.304429975765297,0.471778393967026,0.72578084693024,0.0422311288936106,0.189958515357919,0.00010701302640605,0.300358869121679,0.641929490682854,0.968239997653808,0.230875643011113,14,0.306214362950449,1,0.75
"200699_6",0.23099838514574,0.617173513693023,0.102640257659174,0.568985489042337,0.0894310934890637,0.064660180004578,0.118297591648576,0.369085639073817,0.742125838210537,0.999928297183826,0.0893061663115803,0.256775684213229,0.304429975765297,0.471778393967026,0.72578084693024,0.0422311288936106,0.189958515357919,0.00010701302640605,0.300358869121679,0.641929490682854,0.968239997653808,0.230875643011113,14,0.306214362950449,1,0.8125
"200699_7",0.23099838514574,0.617173513693023,0.102640257659174,0.568985489042337,0.0894310934890637,0.064660180004578,0.118297591648576,0.369085639073817,0.742125838210537,0.999928297183826,0.0893061663115803,0.256775684213229,0.304429975765297,0.471778393967026,0.72578084693024,0.0422311288936106,0.189958515357919,0.00010701302640605,0.300358869121679,0.641929490682854,0.968239997653808,0.230875643011113,14,0.306214362950449,1,0.875
"200699_8",0.23099838514574,0.617173513693023,0.102640257659174,0.568985489042337,0.0894310934890637,0.064660180004578,0.118297591648576,0.369085639073817,0.742125838210537,0.999928297183826,0.0893061663115803,0.256775684213229,0.304429975765297,0.471778393967026,0.72578084693024,0.0422311288936106,0.189958515357919,0.00010701302640605,0.300358869121679,0.641929490682854,0.968239997653808,0.230875643011113,14,0.306214362950449,1,0.9375
"200699_9",0.23099838514574,0.617173513693023,0.102640257659174,0.568985489042337,0.0894310934890637,0.064660180004578,0.118297591648576,0.369085639073817,0.742125838210537,0.999928297183826,0.0893061663115803,0.256775684213229,0.304429975765297,0.471778393967026,0.72578084693024,0.0422311288936106,0.189958515357919,0.00010701302640605,0.300358869121679,0.641929490682854,0.968239997653808,0.230875643011113,14,0.306214362950449,1,1
"200700_1",0.120258992990362,0.734056419009092,0.0812229657588291,0.500063357459616,0.0779132512100752,0.0874805392277079,0.119995094177388,0.18189848272622,0.789859186367269,0.999928297183826,0.546087493642624,0.615256958287344,0.449284759352526,0.0344818451239954,0.786247929214367,0.145087090437629,0.123022895663124,0.00010701302640605,0.353426220583254,0.734371357233481,0.832476780811489,0.18343270518934,16,0.449939690722514,1,0.5
"200700_2",0.120258992990362,0.734056419009092,0.0812229657588291,0.500063357459616,0.0779132512100752,0.0874805392277079,0.119995094177388,0.18189848272622,0.789859186367269,0.999928297183826,0.546087493642624,0.615256958287344,0.449284759352526,0.0344818451239954,0.786247929214367,0.145087090437629,0.123022895663124,0.00010701302640605,0.353426220583254,0.734371357233481,0.832476780811489,0.18343270518934,16,0.449939690722514,1,0.5625
"200700_3",0.120258992990362,0.734056419009092,0.0812229657588291,0.500063357459616,0.0779132512100752,0.0874805392277079,0.119995094177388,0.18189848272622,0.789859186367269,0.999928297183826,0.546087493642624,0.615256958287344,0.449284759352526,0.0344818451239954,0.786247929214367,0.145087090437629,0.123022895663124,0.00010701302640605,0.353426220583254,0.734371357233481,0.832476780811489,0.18343270518934,16,0.449939690722514,1,0.625
"200700_4",0.120258992990362,0.734056419009092,0.0812229657588291,0.500063357459616,0.0779132512100752,0.0874805392277079,0.119995094177388,0.18189848272622,0.789859186367269,0.999928297183826,0.546087493642624,0.615256958287344,0.449284759352526,0.0344818451239954,0.786247929214367,0.145087090437629,0.123022895663124,0.00010701302640605,0.353426220583254,0.734371357233481,0.832476780811489,0.18343270518934,16,0.449939690722514,1,0.6875
"200700_5",0.120258992990362,0.734056419009092,0.0812229657588291,0.500063357459616,0.0779132512100752,0.0874805392277079,0.119995094177388,0.18189848272622,0.789859186367269,0.999928297183826,0.546087493642624,0.615256958287344,0.449284759352526,0.0344818451239954,0.786247929214367,0.145087090437629,0.123022895663124,0.00010701302640605,0.353426220583254,0.734371357233481,0.832476780811489,0.18343270518934,16,0.449939690722514,1,0.75
"200700_6",0.120258992990362,0.734056419009092,0.0812229657588291,0.500063357459616,0.0779132512100752,0.0874805392277079,0.119995094177388,0.18189848272622,0.789859186367269,0.999928297183826,0.546087493642624,0.615256958287344,0.449284759352526,0.0344818451239954,0.786247929214367,0.145087090437629,0.123022895663124,0.00010701302640605,0.353426220583254,0.734371357233481,0.832476780811489,0.18343270518934,16,0.449939690722514,1,0.8125
"200700_7",0.120258992990362,0.734056419009092,0.0812229657588291,0.500063357459616,0.0779132512100752,0.0874805392277079,0.119995094177388,0.18189848272622,0.789859186367269,0.999928297183826,0.546087493642624,0.615256958287344,0.449284759352526,0.0344818451239954,0.786247929214367,0.145087090437629,0.123022895663124,0.00010701302640605,0.353426220583254,0.734371357233481,0.832476780811489,0.18343270518934,16,0.449939690722514,1,0.875
"200700_8",0.120258992990362,0.734056419009092,0.0812229657588291,0.500063357459616,0.0779132512100752,0.0874805392277079,0.119995094177388,0.18189848272622,0.789859186367269,0.999928297183826,0.546087493642624,0.615256958287344,0.449284759352526,0.0344818451239954,0.786247929214367,0.145087090437629,0.123022895663124,0.00010701302640605,0.353426220583254,0.734371357233481,0.832476780811489,0.18343270518934,16,0.449939690722514,1,0.9375
"200700_9",0.120258992990362,0.734056419009092,0.0812229657588291,0.500063357459616,0.0779132512100752,0.0874805392277079,0.119995094177388,0.18189848272622,0.789859186367269,0.999928297183826,0.546087493642624,0.615256958287344,0.449284759352526,0.0344818451239954,0.786247929214367,0.145087090437629,0.123022895663124,0.00010701302640605,0.353426220583254,0.734371357233481,0.832476780811489,0.18343270518934,16,0.449939690722514,1,1
"200701_1",0.661495629734273,0.175499210308784,0.0300888652748596,0.571871175038112,0.0667340586122568,0.0159474005178237,0.0748324112488952,0.516983877251041,0.31547365260022,0.89560279245516,0.641517368900717,0.203049996637756,0.156664085296432,0.403840818897536,0.999991596603808,0.111545300376697,0.373437303919638,0.402570672459102,0.434494805889547,0.999990134470386,0.84559044034425,0.206750583403432,10,0.292357458940972,1,0.5
"200701_2",0.661495629734273,0.175499210308784,0.0300888652748596,0.571871175038112,0.0667340586122568,0.0159474005178237,0.0748324112488952,0.516983877251041,0.31547365260022,0.89560279245516,0.641517368900717,0.203049996637756,0.156664085296432,0.403840818897536,0.999991596603808,0.111545300376697,0.373437303919638,0.402570672459102,0.434494805889547,0.999990134470386,0.84559044034425,0.206750583403432,10,0.292357458940972,1,0.5625
"200701_3",0.661495629734273,0.175499210308784,0.0300888652748596,0.571871175038112,0.0667340586122568,0.0159474005178237,0.0748324112488952,0.516983877251041,0.31547365260022,0.89560279245516,0.641517368900717,0.203049996637756,0.156664085296432,0.403840818897536,0.999991596603808,0.111545300376697,0.373437303919638,0.402570672459102,0.434494805889547,0.999990134470386,0.84559044034425,0.206750583403432,10,0.292357458940972,1,0.625
"200701_4",0.661495629734273,0.175499210308784,0.0300888652748596,0.571871175038112,0.0667340586122568,0.0159474005178237,0.0748324112488952,0.516983877251041,0.31547365260022,0.89560279245516,0.641517368900717,0.203049996637756,0.156664085296432,0.403840818897536,0.999991596603808,0.111545300376697,0.373437303919638,0.402570672459102,0.434494805889547,0.999990134470386,0.84559044034425,0.206750583403432,10,0.292357458940972,1,0.6875
"200701_5",0.661495629734273,0.175499210308784,0.0300888652748596,0.571871175038112,0.0667340586122568,0.0159474005178237,0.0748324112488952,0.516983877251041,0.31547365260022,0.89560279245516,0.641517368900717,0.203049996637756,0.156664085296432,0.403840818897536,0.999991596603808,0.111545300376697,0.373437303919638,0.402570672459102,0.434494805889547,0.999990134470386,0.84559044034425,0.206750583403432,10,0.292357458940972,1,0.75
"200701_6",0.661495629734273,0.175499210308784,0.0300888652748596,0.571871175038112,0.0667340586122568,0.0159474005178237,0.0748324112488952,0.516983877251041,0.31547365260022,0.89560279245516,0.641517368900717,0.203049996637756,0.156664085296432,0.403840818897536,0.999991596603808,0.111545300376697,0.373437303919638,0.402570672459102,0.434494805889547,0.999990134470386,0.84559044034425,0.206750583403432,10,0.292357458940972,1,0.8125
"200701_7",0.661495629734273,0.175499210308784,0.0300888652748596,0.571871175038112,0.0667340586122568,0.0159474005178237,0.0748324112488952,0.516983877251041,0.31547365260022,0.89560279245516,0.641517368900717,0.203049996637756,0.156664085296432,0.403840818897536,0.999991596603808,0.111545300376697,0.373437303919638,0.402570672459102,0.434494805889547,0.999990134470386,0.84559044034425,0.206750583403432,10,0.292357458940972,1,0.875
"200701_8",0.661495629734273,0.175499210308784,0.0300888652748596,0.571871175038112,0.0667340586122568,0.0159474005178237,0.0748324112488952,0.516983877251041,0.31547365260022,0.89560279245516,0.641517368900717,0.203049996637756,0.156664085296432,0.403840818897536,0.999991596603808,0.111545300376697,0.373437303919638,0.402570672459102,0.434494805889547,0.999990134470386,0.84559044034425,0.206750583403432,10,0.292357458940972,1,0.9375
"200701_9",0.661495629734273,0.175499210308784,0.0300888652748596,0.571871175038112,0.0667340586122568,0.0159474005178237,0.0748324112488952,0.516983877251041,0.31547365260022,0.89560279245516,0.641517368900717,0.203049996637756,0.156664085296432,0.403840818897536,0.999991596603808,0.111545300376697,0.373437303919638,0.402570672459102,0.434494805889547,0.999990134470386,0.84559044034425,0.206750583403432,10,0.292357458940972,1,1
"200800_1",0.648982057327175,0.999963109878346,0.0303005366250548,0.615358417328654,0.098117725201555,0.119998732919027,2.35846800701693e-05,0.934794438492628,0.536702911708585,0.399883625676551,0.38869126778943,0.333154923120713,0.22681939591167,7.76303646992892e-05,0.00019440235718619,0.499989724523516,0.499858107997852,0.183349511182654,0.356205040329571,0.748767169025618,0.725086683759092,0.0223774392136385,16,0.496576451665747,1,0.5
"200800_2",0.648982057327175,0.999963109878346,0.0303005366250548,0.615358417328654,0.098117725201555,0.119998732919027,2.35846800701693e-05,0.934794438492628,0.536702911708585,0.399883625676551,0.38869126778943,0.333154923120713,0.22681939591167,7.76303646992892e-05,0.00019440235718619,0.499989724523516,0.499858107997852,0.183349511182654,0.356205040329571,0.748767169025618,0.725086683759092,0.0223774392136385,16,0.496576451665747,1,0.5625
"200800_3",0.648982057327175,0.999963109878346,0.0303005366250548,0.615358417328654,0.098117725201555,0.119998732919027,2.35846800701693e-05,0.934794438492628,0.536702911708585,0.399883625676551,0.38869126778943,0.333154923120713,0.22681939591167,7.76303646992892e-05,0.00019440235718619,0.499989724523516,0.499858107997852,0.183349511182654,0.356205040329571,0.748767169025618,0.725086683759092,0.0223774392136385,16,0.496576451665747,1,0.625
"200800_4",0.648982057327175,0.999963109878346,0.0303005366250548,0.615358417328654,0.098117725201555,0.119998732919027,2.35846800701693e-05,0.934794438492628,0.536702911708585,0.399883625676551,0.38869126778943,0.333154923120713,0.22681939591167,7.76303646992892e-05,0.00019440235718619,0.499989724523516,0.499858107997852,0.183349511182654,0.356205040329571,0.748767169025618,0.725086683759092,0.0223774392136385,16,0.496576451665747,1,0.6875
"200800_5",0.648982057327175,0.999963109878346,0.0303005366250548,0.615358417328654,0.098117725201555,0.119998732919027,2.35846800701693e-05,0.934794438492628,0.536702911708585,0.399883625676551,0.38869126778943,0.333154923120713,0.22681939591167,7.76303646992892e-05,0.00019440235718619,0.499989724523516,0.499858107997852,0.183349511182654,0.356205040329571,0.748767169025618,0.725086683759092,0.0223774392136385,16,0.496576451665747,1,0.75
"200800_6",0.648982057327175,0.999963109878346,0.0303005366250548,0.615358417328654,0.098117725201555,0.119998732919027,2.35846800701693e-05,0.934794438492628,0.536702911708585,0.399883625676551,0.38869126778943,0.333154923120713,0.22681939591167,7.76303646992892e-05,0.00019440235718619,0.499989724523516,0.499858107997852,0.183349511182654,0.356205040329571,0.748767169025618,0.725086683759092,0.0223774392136385,16,0.496576451665747,1,0.8125
"200800_7",0.648982057327175,0.999963109878346,0.0303005366250548,0.615358417328654,0.098117725201555,0.119998732919027,2.35846800701693e-05,0.934794438492628,0.536702911708585,0.399883625676551,0.38869126778943,0.333154923120713,0.22681939591167,7.76303646992892e-05,0.00019440235718619,0.499989724523516,0.499858107997852,0.183349511182654,0.356205040329571,0.748767169025618,0.725086683759092,0.0223774392136385,16,0.496576451665747,1,0.875
"200800_8",0.648982057327175,0.999963109878346,0.0303005366250548,0.615358417328654,0.098117725201555,0.119998732919027,2.35846800701693e-05,0.934794438492628,0.536702911708585,0.399883625676551,0.38869126778943,0.333154923120713,0.22681939591167,7.76303646992892e-05,0.00019440235718619,0.499989724523516,0.499858107997852,0.183349511182654,0.356205040329571,0.748767169025618,0.725086683759092,0.0223774392136385,16,0.496576451665747,1,0.9375
"200800_9",0.648982057327175,0.999963109878346,0.0303005366250548,0.615358417328654,0.098117725201555,0.119998732919027,2.35846800701693e-05,0.934794438492628,0.536702911708585,0.399883625676551,0.38869126778943,0.333154923120713,0.22681939591167,7.76303646992892e-05,0.00019440235718619,0.499989724523516,0.499858107997852,0.183349511182654,0.356205040329571,0.748767169025618,0.725086683759092,0.0223774392136385,16,0.496576451665747,1,1
"200803_1",0.544162815456098,0.999963109878346,0.0722431797985466,0.556255775718868,0.0423317313803193,0.10801613456213,0.0766191855879447,0.232724654735368,0.422991974544957,0.363417138787209,0.27626907499586,0.939042287889802,0.450096216776867,7.76303646992892e-05,0.076691141146212,0.234791458073076,0.425428523921422,0.00010701302640605,0.24300484422411,0.755283925435825,0.988284003372999,6.79376821854385e-05,15,0.432510202036462,1,0.5
"200803_2",0.544162815456098,0.999963109878346,0.0722431797985466,0.556255775718868,0.0423317313803193,0.10801613456213,0.0766191855879447,0.232724654735368,0.422991974544957,0.363417138787209,0.27626907499586,0.939042287889802,0.450096216776867,7.76303646992892e-05,0.076691141146212,0.234791458073076,0.425428523921422,0.00010701302640605,0.24300484422411,0.755283925435825,0.988284003372999,6.79376821854385e-05,15,0.432510202036462,1,0.5625
"200803_3",0.544162815456098,0.999963109878346,0.0722431797985466,0.556255775718868,0.0423317313803193,0.10801613456213,0.0766191855879447,0.232724654735368,0.422991974544957,0.363417138787209,0.27626907499586,0.939042287889802,0.450096216776867,7.76303646992892e-05,0.076691141146212,0.234791458073076,0.425428523921422,0.00010701302640605,0.24300484422411,0.755283925435825,0.988284003372999,6.79376821854385e-05,15,0.432510202036462,1,0.625
"200803_4",0.544162815456098,0.999963109878346,0.0722431797985466,0.556255775718868,0.0423317313803193,0.10801613456213,0.0766191855879447,0.232724654735368,0.422991974544957,0.363417138787209,0.27626907499586,0.939042287889802,0.450096216776867,7.76303646992892e-05,0.076691141146212,0.234791458073076,0.425428523921422,0.00010701302640605,0.24300484422411,0.755283925435825,0.988284003372999,6.79376821854385e-05,15,0.432510202036462,1,0.6875
"200803_5",0.544162815456098,0.999963109878346,0.0722431797985466,0.556255775718868,0.0423317313803193,0.10801613456213,0.0766191855879447,0.232724654735368,0.422991974544957,0.363417138787209,0.27626907499586,0.939042287889802,0.450096216776867,7.76303646992892e-05,0.076691141146212,0.234791458073076,0.425428523921422,0.00010701302640605,0.24300484422411,0.755283925435825,0.988284003372999,6.79376821854385e-05,15,0.432510202036462,1,0.75
"200803_6",0.544162815456098,0.999963109878346,0.0722431797985466,0.556255775718868,0.0423317313803193,0.10801613456213,0.0766191855879447,0.232724654735368,0.422991974544957,0.363417138787209,0.27626907499586,0.939042287889802,0.450096216776867,7.76303646992892e-05,0.076691141146212,0.234791458073076,0.425428523921422,0.00010701302640605,0.24300484422411,0.755283925435825,0.988284003372999,6.79376821854385e-05,15,0.432510202036462,1,0.8125
"200803_7",0.544162815456098,0.999963109878346,0.0722431797985466,0.556255775718868,0.0423317313803193,0.10801613456213,0.0766191855879447,0.232724654735368,0.422991974544957,0.363417138787209,0.27626907499586,0.939042287889802,0.450096216776867,7.76303646992892e-05,0.076691141146212,0.234791458073076,0.425428523921422,0.00010701302640605,0.24300484422411,0.755283925435825,0.988284003372999,6.79376821854385e-05,15,0.432510202036462,1,0.875
"200803_8",0.544162815456098,0.999963109878346,0.0722431797985466,0.556255775718868,0.0423317313803193,0.10801613456213,0.0766191855879447,0.232724654735368,0.422991974544957,0.363417138787209,0.27626907499586,0.939042287889802,0.450096216776867,7.76303646992892e-05,0.076691141146212,0.234791458073076,0.425428523921422,0.00010701302640605,0.24300484422411,0.755283925435825,0.988284003372999,6.79376821854385e-05,15,0.432510202036462,1,0.9375
"200803_9",0.544162815456098,0.999963109878346,0.0722431797985466,0.556255775718868,0.0423317313803193,0.10801613456213,0.0766191855879447,0.232724654735368,0.422991974544957,0.363417138787209,0.27626907499586,0.939042287889802,0.450096216776867,7.76303646992892e-05,0.076691141146212,0.234791458073076,0.425428523921422,0.00010701302640605,0.24300484422411,0.755283925435825,0.988284003372999,6.79376821854385e-05,15,0.432510202036462,1,1
"200900_1",0.999852021087501,0.799346729189579,0.0363218650593326,0.617910890331546,0.0694583407059826,0.0871080278347046,0.0662493117438311,0.782831646043315,0.604070647620082,0.341619094432444,0.97562211804521,6.33614411693998e-05,0.108399857369735,0.33542554203067,0.00019440235718619,0.397174180477341,0.499858107997852,0.0721538847795332,0.0568296271227813,0.956821902222305,0.769862100028269,0.170188832599005,20,0.226046419914594,1,0.5
"200900_2",0.999852021087501,0.799346729189579,0.0363218650593326,0.617910890331546,0.0694583407059826,0.0871080278347046,0.0662493117438311,0.782831646043315,0.604070647620082,0.341619094432444,0.97562211804521,6.33614411693998e-05,0.108399857369735,0.33542554203067,0.00019440235718619,0.397174180477341,0.499858107997852,0.0721538847795332,0.0568296271227813,0.956821902222305,0.769862100028269,0.170188832599005,20,0.226046419914594,1,0.5625
"200900_3",0.999852021087501,0.799346729189579,0.0363218650593326,0.617910890331546,0.0694583407059826,0.0871080278347046,0.0662493117438311,0.782831646043315,0.604070647620082,0.341619094432444,0.97562211804521,6.33614411693998e-05,0.108399857369735,0.33542554203067,0.00019440235718619,0.397174180477341,0.499858107997852,0.0721538847795332,0.0568296271227813,0.956821902222305,0.769862100028269,0.170188832599005,20,0.226046419914594,1,0.625
"200900_4",0.999852021087501,0.799346729189579,0.0363218650593326,0.617910890331546,0.0694583407059826,0.0871080278347046,0.0662493117438311,0.782831646043315,0.604070647620082,0.341619094432444,0.97562211804521,6.33614411693998e-05,0.108399857369735,0.33542554203067,0.00019440235718619,0.397174180477341,0.499858107997852,0.0721538847795332,0.0568296271227813,0.956821902222305,0.769862100028269,0.170188832599005,20,0.226046419914594,1,0.6875
"200900_5",0.999852021087501,0.799346729189579,0.0363218650593326,0.617910890331546,0.0694583407059826,0.0871080278347046,0.0662493117438311,0.782831646043315,0.604070647620082,0.341619094432444,0.97562211804521,6.33614411693998e-05,0.108399857369735,0.33542554203067,0.00019440235718619,0.397174180477341,0.499858107997852,0.0721538847795332,0.0568296271227813,0.956821902222305,0.769862100028269,0.170188832599005,20,0.226046419914594,1,0.75
"200900_6",0.999852021087501,0.799346729189579,0.0363218650593326,0.617910890331546,0.0694583407059826,0.0871080278347046,0.0662493117438311,0.782831646043315,0.604070647620082,0.341619094432444,0.97562211804521,6.33614411693998e-05,0.108399857369735,0.33542554203067,0.00019440235718619,0.397174180477341,0.499858107997852,0.0721538847795332,0.0568296271227813,0.956821902222305,0.769862100028269,0.170188832599005,20,0.226046419914594,1,0.8125
"200900_7",0.999852021087501,0.799346729189579,0.0363218650593326,0.617910890331546,0.0694583407059826,0.0871080278347046,0.0662493117438311,0.782831646043315,0.604070647620082,0.341619094432444,0.97562211804521,6.33614411693998e-05,0.108399857369735,0.33542554203067,0.00019440235718619,0.397174180477341,0.499858107997852,0.0721538847795332,0.0568296271227813,0.956821902222305,0.769862100028269,0.170188832599005,20,0.226046419914594,1,0.875
"200900_8",0.999852021087501,0.799346729189579,0.0363218650593326,0.617910890331546,0.0694583407059826,0.0871080278347046,0.0662493117438311,0.782831646043315,0.604070647620082,0.341619094432444,0.97562211804521,6.33614411693998e-05,0.108399857369735,0.33542554203067,0.00019440235718619,0.397174180477341,0.499858107997852,0.0721538847795332,0.0568296271227813,0.956821902222305,0.769862100028269,0.170188832599005,20,0.226046419914594,1,0.9375
"200900_9",0.999852021087501,0.799346729189579,0.0363218650593326,0.617910890331546,0.0694583407059826,0.0871080278347046,0.0662493117438311,0.782831646043315,0.604070647620082,0.341619094432444,0.97562211804521,6.33614411693998e-05,0.108399857369735,0.33542554203067,0.00019440235718619,0.397174180477341,0.499858107997852,0.0721538847795332,0.0568296271227813,0.956821902222305,0.769862100028269,0.170188832599005,20,0.226046419914594,1,1
"200999_1",0.488607070219374,0.625525387759873,0.192788515221906,0.641106113619117,0.0783445656904044,0.0677288843287716,0.0858803856249228,0.51350418170875,0.328312667581667,0.679314234951112,0.108693091973477,0.54933618265714,0.356219699795819,0.0470817474301891,0.915744221437839,0.00030305628819158,0.149757568355958,0.215764601851117,0.0860681643751615,0.529086454180773,0.828942742928173,0.0426373266388509,30,0.124453465518884,1,0.5
"200999_2",0.488607070219374,0.625525387759873,0.192788515221906,0.641106113619117,0.0783445656904044,0.0677288843287716,0.0858803856249228,0.51350418170875,0.328312667581667,0.679314234951112,0.108693091973477,0.54933618265714,0.356219699795819,0.0470817474301891,0.915744221437839,0.00030305628819158,0.149757568355958,0.215764601851117,0.0860681643751615,0.529086454180773,0.828942742928173,0.0426373266388509,30,0.124453465518884,1,0.5625
"200999_3",0.488607070219374,0.625525387759873,0.192788515221906,0.641106113619117,0.0783445656904044,0.0677288843287716,0.0858803856249228,0.51350418170875,0.328312667581667,0.679314234951112,0.108693091973477,0.54933618265714,0.356219699795819,0.0470817474301891,0.915744221437839,0.00030305628819158,0.149757568355958,0.215764601851117,0.0860681643751615,0.529086454180773,0.828942742928173,0.0426373266388509,30,0.124453465518884,1,0.625
"200999_4",0.488607070219374,0.625525387759873,0.192788515221906,0.641106113619117,0.0783445656904044,0.0677288843287716,0.0858803856249228,0.51350418170875,0.328312667581667,0.679314234951112,0.108693091973477,0.54933618265714,0.356219699795819,0.0470817474301891,0.915744221437839,0.00030305628819158,0.149757568355958,0.215764601851117,0.0860681643751615,0.529086454180773,0.828942742928173,0.0426373266388509,30,0.124453465518884,1,0.6875
"200999_5",0.488607070219374,0.625525387759873,0.192788515221906,0.641106113619117,0.0783445656904044,0.0677288843287716,0.0858803856249228,0.51350418170875,0.328312667581667,0.679314234951112,0.108693091973477,0.54933618265714,0.356219699795819,0.0470817474301891,0.915744221437839,0.00030305628819158,0.149757568355958,0.215764601851117,0.0860681643751615,0.529086454180773,0.828942742928173,0.0426373266388509,30,0.124453465518884,1,0.75
"200999_6",0.488607070219374,0.625525387759873,0.192788515221906,0.641106113619117,0.0783445656904044,0.0677288843287716,0.0858803856249228,0.51350418170875,0.328312667581667,0.679314234951112,0.108693091973477,0.54933618265714,0.356219699795819,0.0470817474301891,0.915744221437839,0.00030305628819158,0.149757568355958,0.215764601851117,0.0860681643751615,0.529086454180773,0.828942742928173,0.0426373266388509,30,0.124453465518884,1,0.8125
"200999_7",0.488607070219374,0.625525387759873,0.192788515221906,0.641106113619117,0.0783445656904044,0.0677288843287716,0.0858803856249228,0.51350418170875,0.328312667581667,0.679314234951112,0.108693091973477,0.54933618265714,0.356219699795819,0.0470817474301891,0.915744221437839,0.00030305628819158,0.149757568355958,0.215764601851117,0.0860681643751615,0.529086454180773,0.828942742928173,0.0426373266388509,30,0.124453465518884,1,0.875
"200999_8",0.488607070219374,0.625525387759873,0.192788515221906,0.641106113619117,0.0783445656904044,0.0677288843287716,0.0858803856249228,0.51350418170875,0.328312667581667,0.679314234951112,0.108693091973477,0.54933618265714,0.356219699795819,0.0470817474301891,0.915744221437839,0.00030305628819158,0.149757568355958,0.215764601851117,0.0860681643751615,0.529086454180773,0.828942742928173,0.0426373266388509,30,0.124453465518884,1,0.9375
"200999_9",0.488607070219374,0.625525387759873,0.192788515221906,0.641106113619117,0.0783445656904044,0.0677288843287716,0.0858803856249228,0.51350418170875,0.328312667581667,0.679314234951112,0.108693091973477,0.54933618265714,0.356219699795819,0.0470817474301891,0.915744221437839,0.00030305628819158,0.149757568355958,0.215764601851117,0.0860681643751615,0.529086454180773,0.828942742928173,0.0426373266388509,30,0.124453465518884,1,1
"201100_1",0.589691091079176,0.460918080916301,0.117202738261012,0.535429988925196,0.0378124700510515,0.015487087086913,0.0991118674581368,9.12367616361007e-05,0.251839322068835,0.999928297183826,0.860356391458774,0.614306668335425,0.31384743614871,7.76303646992892e-05,0.999991596603808,0.030152247515637,0.0995675276568405,0.392578083151553,0.240090560070386,0.887292432849709,0.748369349768146,0.163359443311503,18,0.279676080516183,1,0.5
"201100_2",0.589691091079176,0.460918080916301,0.117202738261012,0.535429988925196,0.0378124700510515,0.015487087086913,0.0991118674581368,9.12367616361007e-05,0.251839322068835,0.999928297183826,0.860356391458774,0.614306668335425,0.31384743614871,7.76303646992892e-05,0.999991596603808,0.030152247515637,0.0995675276568405,0.392578083151553,0.240090560070386,0.887292432849709,0.748369349768146,0.163359443311503,18,0.279676080516183,1,0.5625
"201100_3",0.589691091079176,0.460918080916301,0.117202738261012,0.535429988925196,0.0378124700510515,0.015487087086913,0.0991118674581368,9.12367616361007e-05,0.251839322068835,0.999928297183826,0.860356391458774,0.614306668335425,0.31384743614871,7.76303646992892e-05,0.999991596603808,0.030152247515637,0.0995675276568405,0.392578083151553,0.240090560070386,0.887292432849709,0.748369349768146,0.163359443311503,18,0.279676080516183,1,0.625
"201100_4",0.589691091079176,0.460918080916301,0.117202738261012,0.535429988925196,0.0378124700510515,0.015487087086913,0.0991118674581368,9.12367616361007e-05,0.251839322068835,0.999928297183826,0.860356391458774,0.614306668335425,0.31384743614871,7.76303646992892e-05,0.999991596603808,0.030152247515637,0.0995675276568405,0.392578083151553,0.240090560070386,0.887292432849709,0.748369349768146,0.163359443311503,18,0.279676080516183,1,0.6875
"201100_5",0.589691091079176,0.460918080916301,0.117202738261012,0.535429988925196,0.0378124700510515,0.015487087086913,0.0991118674581368,9.12367616361007e-05,0.251839322068835,0.999928297183826,0.860356391458774,0.614306668335425,0.31384743614871,7.76303646992892e-05,0.999991596603808,0.030152247515637,0.0995675276568405,0.392578083151553,0.240090560070386,0.887292432849709,0.748369349768146,0.163359443311503,18,0.279676080516183,1,0.75
"201100_6",0.589691091079176,0.460918080916301,0.117202738261012,0.535429988925196,0.0378124700510515,0.015487087086913,0.0991118674581368,9.12367616361007e-05,0.251839322068835,0.999928297183826,0.860356391458774,0.614306668335425,0.31384743614871,7.76303646992892e-05,0.999991596603808,0.030152247515637,0.0995675276568405,0.392578083151553,0.240090560070386,0.887292432849709,0.748369349768146,0.163359443311503,18,0.279676080516183,1,0.8125
"201100_7",0.589691091079176,0.460918080916301,0.117202738261012,0.535429988925196,0.0378124700510515,0.015487087086913,0.0991118674581368,9.12367616361007e-05,0.251839322068835,0.999928297183826,0.860356391458774,0.614306668335425,0.31384743614871,7.76303646992892e-05,0.999991596603808,0.030152247515637,0.0995675276568405,0.392578083151553,0.240090560070386,0.887292432849709,0.748369349768146,0.163359443311503,18,0.279676080516183,1,0.875
"201100_8",0.589691091079176,0.460918080916301,0.117202738261012,0.535429988925196,0.0378124700510515,0.015487087086913,0.0991118674581368,9.12367616361007e-05,0.251839322068835,0.999928297183826,0.860356391458774,0.614306668335425,0.31384743614871,7.76303646992892e-05,0.999991596603808,0.030152247515637,0.0995675276568405,0.392578083151553,0.240090560070386,0.887292432849709,0.748369349768146,0.163359443311503,18,0.279676080516183,1,0.9375
"201100_9",0.589691091079176,0.460918080916301,0.117202738261012,0.535429988925196,0.0378124700510515,0.015487087086913,0.0991118674581368,9.12367616361007e-05,0.251839322068835,0.999928297183826,0.860356391458774,0.614306668335425,0.31384743614871,7.76303646992892e-05,0.999991596603808,0.030152247515637,0.0995675276568405,0.392578083151553,0.240090560070386,0.887292432849709,0.748369349768146,0.163359443311503,18,0.279676080516183,1,1
"201199_1",0.737617529022647,0.363452128528474,0.0850238463259253,0.652803402931638,0.0660400450370195,0.00363979168861159,0.104207997592742,0.504195972286561,0.436376603106575,0.962215278942065,0.721282680886786,0.0329982992876778,0.0356855874126891,0.542407960695538,0.999991596603808,0.0188775332211918,0.235118161491139,0.234263725049984,0.131854428962293,0.978924481370247,0.941840628831574,0.249984006138382,9,0.14586687909285,1,0.5
"201199_2",0.737617529022647,0.363452128528474,0.0850238463259253,0.652803402931638,0.0660400450370195,0.00363979168861159,0.104207997592742,0.504195972286561,0.436376603106575,0.962215278942065,0.721282680886786,0.0329982992876778,0.0356855874126891,0.542407960695538,0.999991596603808,0.0188775332211918,0.235118161491139,0.234263725049984,0.131854428962293,0.978924481370247,0.941840628831574,0.249984006138382,9,0.14586687909285,1,0.5625
"201199_3",0.737617529022647,0.363452128528474,0.0850238463259253,0.652803402931638,0.0660400450370195,0.00363979168861159,0.104207997592742,0.504195972286561,0.436376603106575,0.962215278942065,0.721282680886786,0.0329982992876778,0.0356855874126891,0.542407960695538,0.999991596603808,0.0188775332211918,0.235118161491139,0.234263725049984,0.131854428962293,0.978924481370247,0.941840628831574,0.249984006138382,9,0.14586687909285,1,0.625
"201199_4",0.737617529022647,0.363452128528474,0.0850238463259253,0.652803402931638,0.0660400450370195,0.00363979168861159,0.104207997592742,0.504195972286561,0.436376603106575,0.962215278942065,0.721282680886786,0.0329982992876778,0.0356855874126891,0.542407960695538,0.999991596603808,0.0188775332211918,0.235118161491139,0.234263725049984,0.131854428962293,0.978924481370247,0.941840628831574,0.249984006138382,9,0.14586687909285,1,0.6875
"201199_5",0.737617529022647,0.363452128528474,0.0850238463259253,0.652803402931638,0.0660400450370195,0.00363979168861159,0.104207997592742,0.504195972286561,0.436376603106575,0.962215278942065,0.721282680886786,0.0329982992876778,0.0356855874126891,0.542407960695538,0.999991596603808,0.0188775332211918,0.235118161491139,0.234263725049984,0.131854428962293,0.978924481370247,0.941840628831574,0.249984006138382,9,0.14586687909285,1,0.75
"201199_6",0.737617529022647,0.363452128528474,0.0850238463259253,0.652803402931638,0.0660400450370195,0.00363979168861159,0.104207997592742,0.504195972286561,0.436376603106575,0.962215278942065,0.721282680886786,0.0329982992876778,0.0356855874126891,0.542407960695538,0.999991596603808,0.0188775332211918,0.235118161491139,0.234263725049984,0.131854428962293,0.978924481370247,0.941840628831574,0.249984006138382,9,0.14586687909285,1,0.8125
"201199_7",0.737617529022647,0.363452128528474,0.0850238463259253,0.652803402931638,0.0660400450370195,0.00363979168861159,0.104207997592742,0.504195972286561,0.436376603106575,0.962215278942065,0.721282680886786,0.0329982992876778,0.0356855874126891,0.542407960695538,0.999991596603808,0.0188775332211918,0.235118161491139,0.234263725049984,0.131854428962293,0.978924481370247,0.941840628831574,0.249984006138382,9,0.14586687909285,1,0.875
"201199_8",0.737617529022647,0.363452128528474,0.0850238463259253,0.652803402931638,0.0660400450370195,0.00363979168861159,0.104207997592742,0.504195972286561,0.436376603106575,0.962215278942065,0.721282680886786,0.0329982992876778,0.0356855874126891,0.542407960695538,0.999991596603808,0.0188775332211918,0.235118161491139,0.234263725049984,0.131854428962293,0.978924481370247,0.941840628831574,0.249984006138382,9,0.14586687909285,1,0.9375
"201199_9",0.737617529022647,0.363452128528474,0.0850238463259253,0.652803402931638,0.0660400450370195,0.00363979168861159,0.104207997592742,0.504195972286561,0.436376603106575,0.962215278942065,0.721282680886786,0.0329982992876778,0.0356855874126891,0.542407960695538,0.999991596603808,0.0188775332211918,0.235118161491139,0.234263725049984,0.131854428962293,0.978924481370247,0.941840628831574,0.249984006138382,9,0.14586687909285,1,1
"201299_1",0.465996448155042,0.70201362993267,0.0269198914424225,0.500063357459616,2.69250937448815e-06,0.0387136917129636,2.35846800701693e-05,9.12367616361007e-05,0.233362493064233,0.930027855582344,0.643025035942116,0.999563629297968,0.5517426268732,7.76303646992892e-05,0.729186628864657,0.43815441205148,0.448304937958051,0.499992012141552,0.499559855764972,0.672182018582117,0.700959889684393,6.79376821854385e-05,15,0.580104318359052,1,0.5
"201299_2",0.465996448155042,0.70201362993267,0.0269198914424225,0.500063357459616,2.69250937448815e-06,0.0387136917129636,2.35846800701693e-05,9.12367616361007e-05,0.233362493064233,0.930027855582344,0.643025035942116,0.999563629297968,0.5517426268732,7.76303646992892e-05,0.729186628864657,0.43815441205148,0.448304937958051,0.499992012141552,0.499559855764972,0.672182018582117,0.700959889684393,6.79376821854385e-05,15,0.580104318359052,1,0.5625
"201299_3",0.465996448155042,0.70201362993267,0.0269198914424225,0.500063357459616,2.69250937448815e-06,0.0387136917129636,2.35846800701693e-05,9.12367616361007e-05,0.233362493064233,0.930027855582344,0.643025035942116,0.999563629297968,0.5517426268732,7.76303646992892e-05,0.729186628864657,0.43815441205148,0.448304937958051,0.499992012141552,0.499559855764972,0.672182018582117,0.700959889684393,6.79376821854385e-05,15,0.580104318359052,1,0.625
"201299_4",0.465996448155042,0.70201362993267,0.0269198914424225,0.500063357459616,2.69250937448815e-06,0.0387136917129636,2.35846800701693e-05,9.12367616361007e-05,0.233362493064233,0.930027855582344,0.643025035942116,0.999563629297968,0.5517426268732,7.76303646992892e-05,0.729186628864657,0.43815441205148,0.448304937958051,0.499992012141552,0.499559855764972,0.672182018582117,0.700959889684393,6.79376821854385e-05,15,0.580104318359052,1,0.6875
"201299_5",0.465996448155042,0.70201362993267,0.0269198914424225,0.500063357459616,2.69250937448815e-06,0.0387136917129636,2.35846800701693e-05,9.12367616361007e-05,0.233362493064233,0.930027855582344,0.643025035942116,0.999563629297968,0.5517426268732,7.76303646992892e-05,0.729186628864657,0.43815441205148,0.448304937958051,0.499992012141552,0.499559855764972,0.672182018582117,0.700959889684393,6.79376821854385e-05,15,0.580104318359052,1,0.75
"201299_6",0.465996448155042,0.70201362993267,0.0269198914424225,0.500063357459616,2.69250937448815e-06,0.0387136917129636,2.35846800701693e-05,9.12367616361007e-05,0.233362493064233,0.930027855582344,0.643025035942116,0.999563629297968,0.5517426268732,7.76303646992892e-05,0.729186628864657,0.43815441205148,0.448304937958051,0.499992012141552,0.499559855764972,0.672182018582117,0.700959889684393,6.79376821854385e-05,15,0.580104318359052,1,0.8125
"201299_7",0.465996448155042,0.70201362993267,0.0269198914424225,0.500063357459616,2.69250937448815e-06,0.0387136917129636,2.35846800701693e-05,9.12367616361007e-05,0.233362493064233,0.930027855582344,0.643025035942116,0.999563629297968,0.5517426268732,7.76303646992892e-05,0.729186628864657,0.43815441205148,0.448304937958051,0.499992012141552,0.499559855764972,0.672182018582117,0.700959889684393,6.79376821854385e-05,15,0.580104318359052,1,0.875
"201299_8",0.465996448155042,0.70201362993267,0.0269198914424225,0.500063357459616,2.69250937448815e-06,0.0387136917129636,2.35846800701693e-05,9.12367616361007e-05,0.233362493064233,0.930027855582344,0.643025035942116,0.999563629297968,0.5517426268732,7.76303646992892e-05,0.729186628864657,0.43815441205148,0.448304937958051,0.499992012141552,0.499559855764972,0.672182018582117,0.700959889684393,6.79376821854385e-05,15,0.580104318359052,1,0.9375
"201299_9",0.465996448155042,0.70201362993267,0.0269198914424225,0.500063357459616,2.69250937448815e-06,0.0387136917129636,2.35846800701693e-05,9.12367616361007e-05,0.233362493064233,0.930027855582344,0.643025035942116,0.999563629297968,0.5517426268732,7.76303646992892e-05,0.729186628864657,0.43815441205148,0.448304937958051,0.499992012141552,0.499559855764972,0.672182018582117,0.700959889684393,6.79376821854385e-05,15,0.580104318359052,1,1
"201304_1",0.793809240001938,0.367007680503774,0.0116883708659292,0.549668831848005,0.0492134072818297,0.00482352856954286,0.0251199181253469,0.182994703634545,0.390963098917108,0.575006316577443,0.418666560499767,0.570345242508629,0.370673930378336,7.76303646992892e-05,0.999991596603808,0.191824675553832,0.416410345888199,0.499992012141552,0.499559855764972,0.999990134470386,0.75900956783793,0.0548146585307382,23,0.51440020448912,1,0.5
"201304_2",0.793809240001938,0.367007680503774,0.0116883708659292,0.549668831848005,0.0492134072818297,0.00482352856954286,0.0251199181253469,0.182994703634545,0.390963098917108,0.575006316577443,0.418666560499767,0.570345242508629,0.370673930378336,7.76303646992892e-05,0.999991596603808,0.191824675553832,0.416410345888199,0.499992012141552,0.499559855764972,0.999990134470386,0.75900956783793,0.0548146585307382,23,0.51440020448912,1,0.5625
"201304_3",0.793809240001938,0.367007680503774,0.0116883708659292,0.549668831848005,0.0492134072818297,0.00482352856954286,0.0251199181253469,0.182994703634545,0.390963098917108,0.575006316577443,0.418666560499767,0.570345242508629,0.370673930378336,7.76303646992892e-05,0.999991596603808,0.191824675553832,0.416410345888199,0.499992012141552,0.499559855764972,0.999990134470386,0.75900956783793,0.0548146585307382,23,0.51440020448912,1,0.625
"201304_4",0.793809240001938,0.367007680503774,0.0116883708659292,0.549668831848005,0.0492134072818297,0.00482352856954286,0.0251199181253469,0.182994703634545,0.390963098917108,0.575006316577443,0.418666560499767,0.570345242508629,0.370673930378336,7.76303646992892e-05,0.999991596603808,0.191824675553832,0.416410345888199,0.499992012141552,0.499559855764972,0.999990134470386,0.75900956783793,0.0548146585307382,23,0.51440020448912,1,0.6875
"201304_5",0.793809240001938,0.367007680503774,0.0116883708659292,0.549668831848005,0.0492134072818297,0.00482352856954286,0.0251199181253469,0.182994703634545,0.390963098917108,0.575006316577443,0.418666560499767,0.570345242508629,0.370673930378336,7.76303646992892e-05,0.999991596603808,0.191824675553832,0.416410345888199,0.499992012141552,0.499559855764972,0.999990134470386,0.75900956783793,0.0548146585307382,23,0.51440020448912,1,0.75
"201304_6",0.793809240001938,0.367007680503774,0.0116883708659292,0.549668831848005,0.0492134072818297,0.00482352856954286,0.0251199181253469,0.182994703634545,0.390963098917108,0.575006316577443,0.418666560499767,0.570345242508629,0.370673930378336,7.76303646992892e-05,0.999991596603808,0.191824675553832,0.416410345888199,0.499992012141552,0.499559855764972,0.999990134470386,0.75900956783793,0.0548146585307382,23,0.51440020448912,1,0.8125
"201304_7",0.793809240001938,0.367007680503774,0.0116883708659292,0.549668831848005,0.0492134072818297,0.00482352856954286,0.0251199181253469,0.182994703634545,0.390963098917108,0.575006316577443,0.418666560499767,0.570345242508629,0.370673930378336,7.76303646992892e-05,0.999991596603808,0.191824675553832,0.416410345888199,0.499992012141552,0.499559855764972,0.999990134470386,0.75900956783793,0.0548146585307382,23,0.51440020448912,1,0.875
"201304_8",0.793809240001938,0.367007680503774,0.0116883708659292,0.549668831848005,0.0492134072818297,0.00482352856954286,0.0251199181253469,0.182994703634545,0.390963098917108,0.575006316577443,0.418666560499767,0.570345242508629,0.370673930378336,7.76303646992892e-05,0.999991596603808,0.191824675553832,0.416410345888199,0.499992012141552,0.499559855764972,0.999990134470386,0.75900956783793,0.0548146585307382,23,0.51440020448912,1,0.9375
"201304_9",0.793809240001938,0.367007680503774,0.0116883708659292,0.549668831848005,0.0492134072818297,0.00482352856954286,0.0251199181253469,0.182994703634545,0.390963098917108,0.575006316577443,0.418666560499767,0.570345242508629,0.370673930378336,7.76303646992892e-05,0.999991596603808,0.191824675553832,0.416410345888199,0.499992012141552,0.499559855764972,0.999990134470386,0.75900956783793,0.0548146585307382,23,0.51440020448912,1,1
"201401_1",0.586866474548037,0.726757007398863,0.0863532617064248,0.567624807171318,0.026639052270951,0.0481914575236676,0.106013200705222,0.176113525233956,0.6046885301217,0.479120047765233,0.988449242221113,0.746839401043659,0.410631715328745,0.113300402165637,0.999991596603808,0.123824535189226,0.268255777995867,0.0473145634431371,0.131916434421769,0.802750739687234,0.864036771297913,0.113189005103368,16,0.28334094824469,1,0.5
"201401_2",0.586866474548037,0.726757007398863,0.0863532617064248,0.567624807171318,0.026639052270951,0.0481914575236676,0.106013200705222,0.176113525233956,0.6046885301217,0.479120047765233,0.988449242221113,0.746839401043659,0.410631715328745,0.113300402165637,0.999991596603808,0.123824535189226,0.268255777995867,0.0473145634431371,0.131916434421769,0.802750739687234,0.864036771297913,0.113189005103368,16,0.28334094824469,1,0.5625
"201401_3",0.586866474548037,0.726757007398863,0.0863532617064248,0.567624807171318,0.026639052270951,0.0481914575236676,0.106013200705222,0.176113525233956,0.6046885301217,0.479120047765233,0.988449242221113,0.746839401043659,0.410631715328745,0.113300402165637,0.999991596603808,0.123824535189226,0.268255777995867,0.0473145634431371,0.131916434421769,0.802750739687234,0.864036771297913,0.113189005103368,16,0.28334094824469,1,0.625
"201401_4",0.586866474548037,0.726757007398863,0.0863532617064248,0.567624807171318,0.026639052270951,0.0481914575236676,0.106013200705222,0.176113525233956,0.6046885301217,0.479120047765233,0.988449242221113,0.746839401043659,0.410631715328745,0.113300402165637,0.999991596603808,0.123824535189226,0.268255777995867,0.0473145634431371,0.131916434421769,0.802750739687234,0.864036771297913,0.113189005103368,16,0.28334094824469,1,0.6875
"201401_5",0.586866474548037,0.726757007398863,0.0863532617064248,0.567624807171318,0.026639052270951,0.0481914575236676,0.106013200705222,0.176113525233956,0.6046885301217,0.479120047765233,0.988449242221113,0.746839401043659,0.410631715328745,0.113300402165637,0.999991596603808,0.123824535189226,0.268255777995867,0.0473145634431371,0.131916434421769,0.802750739687234,0.864036771297913,0.113189005103368,16,0.28334094824469,1,0.75
"201401_6",0.586866474548037,0.726757007398863,0.0863532617064248,0.567624807171318,0.026639052270951,0.0481914575236676,0.106013200705222,0.176113525233956,0.6046885301217,0.479120047765233,0.988449242221113,0.746839401043659,0.410631715328745,0.113300402165637,0.999991596603808,0.123824535189226,0.268255777995867,0.0473145634431371,0.131916434421769,0.802750739687234,0.864036771297913,0.113189005103368,16,0.28334094824469,1,0.8125
"201401_7",0.586866474548037,0.726757007398863,0.0863532617064248,0.567624807171318,0.026639052270951,0.0481914575236676,0.106013200705222,0.176113525233956,0.6046885301217,0.479120047765233,0.988449242221113,0.746839401043659,0.410631715328745,0.113300402165637,0.999991596603808,0.123824535189226,0.268255777995867,0.0473145634431371,0.131916434421769,0.802750739687234,0.864036771297913,0.113189005103368,16,0.28334094824469,1,0.875
"201401_8",0.586866474548037,0.726757007398863,0.0863532617064248,0.567624807171318,0.026639052270951,0.0481914575236676,0.106013200705222,0.176113525233956,0.6046885301217,0.479120047765233,0.988449242221113,0.746839401043659,0.410631715328745,0.113300402165637,0.999991596603808,0.123824535189226,0.268255777995867,0.0473145634431371,0.131916434421769,0.802750739687234,0.864036771297913,0.113189005103368,16,0.28334094824469,1,0.9375
"201401_9",0.586866474548037,0.726757007398863,0.0863532617064248,0.567624807171318,0.026639052270951,0.0481914575236676,0.106013200705222,0.176113525233956,0.6046885301217,0.479120047765233,0.988449242221113,0.746839401043659,0.410631715328745,0.113300402165637,0.999991596603808,0.123824535189226,0.268255777995867,0.0473145634431371,0.131916434421769,0.802750739687234,0.864036771297913,0.113189005103368,16,0.28334094824469,1,1
"201503_1",0.403105105306082,0.863973959800577,0.0545446326101744,0.885849550935186,0.119963741078067,0.0523072547524222,0.0612353189811695,0.725463413637506,0.839118411873077,0.216080467267221,0.151308366542988,6.33614411693998e-05,4.64802905591205e-05,0.698244086010517,0.00019440235718619,0.499989724523516,0.326535048287731,0.00010701302640605,0.0606041059821358,0.785649337261837,0.906928565410705,0.215657178598194,13,6.59723176294938e-05,1,0.5
"201503_2",0.403105105306082,0.863973959800577,0.0545446326101744,0.885849550935186,0.119963741078067,0.0523072547524222,0.0612353189811695,0.725463413637506,0.839118411873077,0.216080467267221,0.151308366542988,6.33614411693998e-05,4.64802905591205e-05,0.698244086010517,0.00019440235718619,0.499989724523516,0.326535048287731,0.00010701302640605,0.0606041059821358,0.785649337261837,0.906928565410705,0.215657178598194,13,6.59723176294938e-05,1,0.5625
"201503_3",0.403105105306082,0.863973959800577,0.0545446326101744,0.885849550935186,0.119963741078067,0.0523072547524222,0.0612353189811695,0.725463413637506,0.839118411873077,0.216080467267221,0.151308366542988,6.33614411693998e-05,4.64802905591205e-05,0.698244086010517,0.00019440235718619,0.499989724523516,0.326535048287731,0.00010701302640605,0.0606041059821358,0.785649337261837,0.906928565410705,0.215657178598194,13,6.59723176294938e-05,1,0.625
"201503_4",0.403105105306082,0.863973959800577,0.0545446326101744,0.885849550935186,0.119963741078067,0.0523072547524222,0.0612353189811695,0.725463413637506,0.839118411873077,0.216080467267221,0.151308366542988,6.33614411693998e-05,4.64802905591205e-05,0.698244086010517,0.00019440235718619,0.499989724523516,0.326535048287731,0.00010701302640605,0.0606041059821358,0.785649337261837,0.906928565410705,0.215657178598194,13,6.59723176294938e-05,1,0.6875
"201503_5",0.403105105306082,0.863973959800577,0.0545446326101744,0.885849550935186,0.119963741078067,0.0523072547524222,0.0612353189811695,0.725463413637506,0.839118411873077,0.216080467267221,0.151308366542988,6.33614411693998e-05,4.64802905591205e-05,0.698244086010517,0.00019440235718619,0.499989724523516,0.326535048287731,0.00010701302640605,0.0606041059821358,0.785649337261837,0.906928565410705,0.215657178598194,13,6.59723176294938e-05,1,0.75
"201503_6",0.403105105306082,0.863973959800577,0.0545446326101744,0.885849550935186,0.119963741078067,0.0523072547524222,0.0612353189811695,0.725463413637506,0.839118411873077,0.216080467267221,0.151308366542988,6.33614411693998e-05,4.64802905591205e-05,0.698244086010517,0.00019440235718619,0.499989724523516,0.326535048287731,0.00010701302640605,0.0606041059821358,0.785649337261837,0.906928565410705,0.215657178598194,13,6.59723176294938e-05,1,0.8125
"201503_7",0.403105105306082,0.863973959800577,0.0545446326101744,0.885849550935186,0.119963741078067,0.0523072547524222,0.0612353189811695,0.725463413637506,0.839118411873077,0.216080467267221,0.151308366542988,6.33614411693998e-05,4.64802905591205e-05,0.698244086010517,0.00019440235718619,0.499989724523516,0.326535048287731,0.00010701302640605,0.0606041059821358,0.785649337261837,0.906928565410705,0.215657178598194,13,6.59723176294938e-05,1,0.875
"201503_8",0.403105105306082,0.863973959800577,0.0545446326101744,0.885849550935186,0.119963741078067,0.0523072547524222,0.0612353189811695,0.725463413637506,0.839118411873077,0.216080467267221,0.151308366542988,6.33614411693998e-05,4.64802905591205e-05,0.698244086010517,0.00019440235718619,0.499989724523516,0.326535048287731,0.00010701302640605,0.0606041059821358,0.785649337261837,0.906928565410705,0.215657178598194,13,6.59723176294938e-05,1,0.9375
"201503_9",0.403105105306082,0.863973959800577,0.0545446326101744,0.885849550935186,0.119963741078067,0.0523072547524222,0.0612353189811695,0.725463413637506,0.839118411873077,0.216080467267221,0.151308366542988,6.33614411693998e-05,4.64802905591205e-05,0.698244086010517,0.00019440235718619,0.499989724523516,0.326535048287731,0.00010701302640605,0.0606041059821358,0.785649337261837,0.906928565410705,0.215657178598194,13,6.59723176294938e-05,1,1
"201599_1",0.999852021087501,0.999963109878346,0.142392468442573,0.605620257449058,2.69250937448815e-06,0.0585992708774882,0.0453505840563348,0.111523809610055,0.242609755595971,0.461277133123526,0.937416296124217,0.999563629297968,0.434702123636868,7.76303646992892e-05,0.678560255941628,0.143275174572844,0.38692875606108,0.154240454800352,1.47106448851991e-05,0.598038799979249,0.84557644140401,6.79376821854385e-05,21,0.253118155374365,1,0.5
"201599_2",0.999852021087501,0.999963109878346,0.142392468442573,0.605620257449058,2.69250937448815e-06,0.0585992708774882,0.0453505840563348,0.111523809610055,0.242609755595971,0.461277133123526,0.937416296124217,0.999563629297968,0.434702123636868,7.76303646992892e-05,0.678560255941628,0.143275174572844,0.38692875606108,0.154240454800352,1.47106448851991e-05,0.598038799979249,0.84557644140401,6.79376821854385e-05,21,0.253118155374365,1,0.5625
"201599_3",0.999852021087501,0.999963109878346,0.142392468442573,0.605620257449058,2.69250937448815e-06,0.0585992708774882,0.0453505840563348,0.111523809610055,0.242609755595971,0.461277133123526,0.937416296124217,0.999563629297968,0.434702123636868,7.76303646992892e-05,0.678560255941628,0.143275174572844,0.38692875606108,0.154240454800352,1.47106448851991e-05,0.598038799979249,0.84557644140401,6.79376821854385e-05,21,0.253118155374365,1,0.625
"201599_4",0.999852021087501,0.999963109878346,0.142392468442573,0.605620257449058,2.69250937448815e-06,0.0585992708774882,0.0453505840563348,0.111523809610055,0.242609755595971,0.461277133123526,0.937416296124217,0.999563629297968,0.434702123636868,7.76303646992892e-05,0.678560255941628,0.143275174572844,0.38692875606108,0.154240454800352,1.47106448851991e-05,0.598038799979249,0.84557644140401,6.79376821854385e-05,21,0.253118155374365,1,0.6875
"201599_5",0.999852021087501,0.999963109878346,0.142392468442573,0.605620257449058,2.69250937448815e-06,0.0585992708774882,0.0453505840563348,0.111523809610055,0.242609755595971,0.461277133123526,0.937416296124217,0.999563629297968,0.434702123636868,7.76303646992892e-05,0.678560255941628,0.143275174572844,0.38692875606108,0.154240454800352,1.47106448851991e-05,0.598038799979249,0.84557644140401,6.79376821854385e-05,21,0.253118155374365,1,0.75
"201599_6",0.999852021087501,0.999963109878346,0.142392468442573,0.605620257449058,2.69250937448815e-06,0.0585992708774882,0.0453505840563348,0.111523809610055,0.242609755595971,0.461277133123526,0.937416296124217,0.999563629297968,0.434702123636868,7.76303646992892e-05,0.678560255941628,0.143275174572844,0.38692875606108,0.154240454800352,1.47106448851991e-05,0.598038799979249,0.84557644140401,6.79376821854385e-05,21,0.253118155374365,1,0.8125
"201599_7",0.999852021087501,0.999963109878346,0.142392468442573,0.605620257449058,2.69250937448815e-06,0.0585992708774882,0.0453505840563348,0.111523809610055,0.242609755595971,0.461277133123526,0.937416296124217,0.999563629297968,0.434702123636868,7.76303646992892e-05,0.678560255941628,0.143275174572844,0.38692875606108,0.154240454800352,1.47106448851991e-05,0.598038799979249,0.84557644140401,6.79376821854385e-05,21,0.253118155374365,1,0.875
"201599_8",0.999852021087501,0.999963109878346,0.142392468442573,0.605620257449058,2.69250937448815e-06,0.0585992708774882,0.0453505840563348,0.111523809610055,0.242609755595971,0.461277133123526,0.937416296124217,0.999563629297968,0.434702123636868,7.76303646992892e-05,0.678560255941628,0.143275174572844,0.38692875606108,0.154240454800352,1.47106448851991e-05,0.598038799979249,0.84557644140401,6.79376821854385e-05,21,0.253118155374365,1,0.9375
"201599_9",0.999852021087501,0.999963109878346,0.142392468442573,0.605620257449058,2.69250937448815e-06,0.0585992708774882,0.0453505840563348,0.111523809610055,0.242609755595971,0.461277133123526,0.937416296124217,0.999563629297968,0.434702123636868,7.76303646992892e-05,0.678560255941628,0.143275174572844,0.38692875606108,0.154240454800352,1.47106448851991e-05,0.598038799979249,0.84557644140401,6.79376821854385e-05,21,0.253118155374365,1,1
"201699_1",0.804847446241913,0.796789890880591,0.0721467549826583,0.518314455560368,0.0646986506745035,0.0513268566322954,0.119995094177388,0.206439424506684,0.432128689743737,0.749351314553969,0.566671180856797,0.300610241644319,0.284029206542165,0.0962217149648194,0.999991596603808,0.00030305628819158,0.290978197798284,0.0282326794061954,0.211902649993517,0.999990134470386,0.946780784092295,0.187353790428548,19,0.259363541087346,1,0.5
"201699_2",0.804847446241913,0.796789890880591,0.0721467549826583,0.518314455560368,0.0646986506745035,0.0513268566322954,0.119995094177388,0.206439424506684,0.432128689743737,0.749351314553969,0.566671180856797,0.300610241644319,0.284029206542165,0.0962217149648194,0.999991596603808,0.00030305628819158,0.290978197798284,0.0282326794061954,0.211902649993517,0.999990134470386,0.946780784092295,0.187353790428548,19,0.259363541087346,1,0.5625
"201699_3",0.804847446241913,0.796789890880591,0.0721467549826583,0.518314455560368,0.0646986506745035,0.0513268566322954,0.119995094177388,0.206439424506684,0.432128689743737,0.749351314553969,0.566671180856797,0.300610241644319,0.284029206542165,0.0962217149648194,0.999991596603808,0.00030305628819158,0.290978197798284,0.0282326794061954,0.211902649993517,0.999990134470386,0.946780784092295,0.187353790428548,19,0.259363541087346,1,0.625
"201699_4",0.804847446241913,0.796789890880591,0.0721467549826583,0.518314455560368,0.0646986506745035,0.0513268566322954,0.119995094177388,0.206439424506684,0.432128689743737,0.749351314553969,0.566671180856797,0.300610241644319,0.284029206542165,0.0962217149648194,0.999991596603808,0.00030305628819158,0.290978197798284,0.0282326794061954,0.211902649993517,0.999990134470386,0.946780784092295,0.187353790428548,19,0.259363541087346,1,0.6875
"201699_5",0.804847446241913,0.796789890880591,0.0721467549826583,0.518314455560368,0.0646986506745035,0.0513268566322954,0.119995094177388,0.206439424506684,0.432128689743737,0.749351314553969,0.566671180856797,0.300610241644319,0.284029206542165,0.0962217149648194,0.999991596603808,0.00030305628819158,0.290978197798284,0.0282326794061954,0.211902649993517,0.999990134470386,0.946780784092295,0.187353790428548,19,0.259363541087346,1,0.75
"201699_6",0.804847446241913,0.796789890880591,0.0721467549826583,0.518314455560368,0.0646986506745035,0.0513268566322954,0.119995094177388,0.206439424506684,0.432128689743737,0.749351314553969,0.566671180856797,0.300610241644319,0.284029206542165,0.0962217149648194,0.999991596603808,0.00030305628819158,0.290978197798284,0.0282326794061954,0.211902649993517,0.999990134470386,0.946780784092295,0.187353790428548,19,0.259363541087346,1,0.8125
"201699_7",0.804847446241913,0.796789890880591,0.0721467549826583,0.518314455560368,0.0646986506745035,0.0513268566322954,0.119995094177388,0.206439424506684,0.432128689743737,0.749351314553969,0.566671180856797,0.300610241644319,0.284029206542165,0.0962217149648194,0.999991596603808,0.00030305628819158,0.290978197798284,0.0282326794061954,0.211902649993517,0.999990134470386,0.946780784092295,0.187353790428548,19,0.259363541087346,1,0.875
"201699_8",0.804847446241913,0.796789890880591,0.0721467549826583,0.518314455560368,0.0646986506745035,0.0513268566322954,0.119995094177388,0.206439424506684,0.432128689743737,0.749351314553969,0.566671180856797,0.300610241644319,0.284029206542165,0.0962217149648194,0.999991596603808,0.00030305628819158,0.290978197798284,0.0282326794061954,0.211902649993517,0.999990134470386,0.946780784092295,0.187353790428548,19,0.259363541087346,1,0.9375
"201699_9",0.804847446241913,0.796789890880591,0.0721467549826583,0.518314455560368,0.0646986506745035,0.0513268566322954,0.119995094177388,0.206439424506684,0.432128689743737,0.749351314553969,0.566671180856797,0.300610241644319,0.284029206542165,0.0962217149648194,0.999991596603808,0.00030305628819158,0.290978197798284,0.0282326794061954,0.211902649993517,0.999990134470386,0.946780784092295,0.187353790428548,19,0.259363541087346,1,1
"201703_1",0.623151151879168,0.830795379520291,0.0310301295773052,0.500063357459616,0.0599987695426919,0.119998732919027,0.0666612084928627,0.367731556752049,0.421205166262687,0.872658700694979,0.263519790131746,0.63035062860216,0.503238749742368,7.76303646992892e-05,0.210117190605861,0.296263063255535,0.499858107997852,0.116987467224724,0.499559855764972,0.773802272232067,0.790691012783502,0.1044145096354,24,0.432025431592026,1,0.5
"201703_2",0.623151151879168,0.830795379520291,0.0310301295773052,0.500063357459616,0.0599987695426919,0.119998732919027,0.0666612084928627,0.367731556752049,0.421205166262687,0.872658700694979,0.263519790131746,0.63035062860216,0.503238749742368,7.76303646992892e-05,0.210117190605861,0.296263063255535,0.499858107997852,0.116987467224724,0.499559855764972,0.773802272232067,0.790691012783502,0.1044145096354,24,0.432025431592026,1,0.5625
"201703_3",0.623151151879168,0.830795379520291,0.0310301295773052,0.500063357459616,0.0599987695426919,0.119998732919027,0.0666612084928627,0.367731556752049,0.421205166262687,0.872658700694979,0.263519790131746,0.63035062860216,0.503238749742368,7.76303646992892e-05,0.210117190605861,0.296263063255535,0.499858107997852,0.116987467224724,0.499559855764972,0.773802272232067,0.790691012783502,0.1044145096354,24,0.432025431592026,1,0.625
"201703_4",0.623151151879168,0.830795379520291,0.0310301295773052,0.500063357459616,0.0599987695426919,0.119998732919027,0.0666612084928627,0.367731556752049,0.421205166262687,0.872658700694979,0.263519790131746,0.63035062860216,0.503238749742368,7.76303646992892e-05,0.210117190605861,0.296263063255535,0.499858107997852,0.116987467224724,0.499559855764972,0.773802272232067,0.790691012783502,0.1044145096354,24,0.432025431592026,1,0.6875
"201703_5",0.623151151879168,0.830795379520291,0.0310301295773052,0.500063357459616,0.0599987695426919,0.119998732919027,0.0666612084928627,0.367731556752049,0.421205166262687,0.872658700694979,0.263519790131746,0.63035062860216,0.503238749742368,7.76303646992892e-05,0.210117190605861,0.296263063255535,0.499858107997852,0.116987467224724,0.499559855764972,0.773802272232067,0.790691012783502,0.1044145096354,24,0.432025431592026,1,0.75
"201703_6",0.623151151879168,0.830795379520291,0.0310301295773052,0.500063357459616,0.0599987695426919,0.119998732919027,0.0666612084928627,0.367731556752049,0.421205166262687,0.872658700694979,0.263519790131746,0.63035062860216,0.503238749742368,7.76303646992892e-05,0.210117190605861,0.296263063255535,0.499858107997852,0.116987467224724,0.499559855764972,0.773802272232067,0.790691012783502,0.1044145096354,24,0.432025431592026,1,0.8125
"201703_7",0.623151151879168,0.830795379520291,0.0310301295773052,0.500063357459616,0.0599987695426919,0.119998732919027,0.0666612084928627,0.367731556752049,0.421205166262687,0.872658700694979,0.263519790131746,0.63035062860216,0.503238749742368,7.76303646992892e-05,0.210117190605861,0.296263063255535,0.499858107997852,0.116987467224724,0.499559855764972,0.773802272232067,0.790691012783502,0.1044145096354,24,0.432025431592026,1,0.875
"201703_8",0.623151151879168,0.830795379520291,0.0310301295773052,0.500063357459616,0.0599987695426919,0.119998732919027,0.0666612084928627,0.367731556752049,0.421205166262687,0.872658700694979,0.263519790131746,0.63035062860216,0.503238749742368,7.76303646992892e-05,0.210117190605861,0.296263063255535,0.499858107997852,0.116987467224724,0.499559855764972,0.773802272232067,0.790691012783502,0.1044145096354,24,0.432025431592026,1,0.9375
"201703_9",0.623151151879168,0.830795379520291,0.0310301295773052,0.500063357459616,0.0599987695426919,0.119998732919027,0.0666612084928627,0.367731556752049,0.421205166262687,0.872658700694979,0.263519790131746,0.63035062860216,0.503238749742368,7.76303646992892e-05,0.210117190605861,0.296263063255535,0.499858107997852,0.116987467224724,0.499559855764972,0.773802272232067,0.790691012783502,0.1044145096354,24,0.432025431592026,1,1
"201899_1",0.508370727267512,0.999963109878346,0.109985568413486,0.736693083073879,0.0925451415317699,0.078990564232976,0.103382760007281,0.545563368618998,0.551052376621838,0.162111393289524,0.333295834109949,0.168503076969359,0.0870495852804322,0.199230996360177,0.331002329939694,0.263467884710713,0.329116642932601,0.00010701302640605,1.47106448851991e-05,0.71676526425158,0.979321403153128,0.128966409801245,20,6.59723176294938e-05,1,0.5
"201899_2",0.508370727267512,0.999963109878346,0.109985568413486,0.736693083073879,0.0925451415317699,0.078990564232976,0.103382760007281,0.545563368618998,0.551052376621838,0.162111393289524,0.333295834109949,0.168503076969359,0.0870495852804322,0.199230996360177,0.331002329939694,0.263467884710713,0.329116642932601,0.00010701302640605,1.47106448851991e-05,0.71676526425158,0.979321403153128,0.128966409801245,20,6.59723176294938e-05,1,0.5625
"201899_3",0.508370727267512,0.999963109878346,0.109985568413486,0.736693083073879,0.0925451415317699,0.078990564232976,0.103382760007281,0.545563368618998,0.551052376621838,0.162111393289524,0.333295834109949,0.168503076969359,0.0870495852804322,0.199230996360177,0.331002329939694,0.263467884710713,0.329116642932601,0.00010701302640605,1.47106448851991e-05,0.71676526425158,0.979321403153128,0.128966409801245,20,6.59723176294938e-05,1,0.625
"201899_4",0.508370727267512,0.999963109878346,0.109985568413486,0.736693083073879,0.0925451415317699,0.078990564232976,0.103382760007281,0.545563368618998,0.551052376621838,0.162111393289524,0.333295834109949,0.168503076969359,0.0870495852804322,0.199230996360177,0.331002329939694,0.263467884710713,0.329116642932601,0.00010701302640605,1.47106448851991e-05,0.71676526425158,0.979321403153128,0.128966409801245,20,6.59723176294938e-05,1,0.6875
"201899_5",0.508370727267512,0.999963109878346,0.109985568413486,0.736693083073879,0.0925451415317699,0.078990564232976,0.103382760007281,0.545563368618998,0.551052376621838,0.162111393289524,0.333295834109949,0.168503076969359,0.0870495852804322,0.199230996360177,0.331002329939694,0.263467884710713,0.329116642932601,0.00010701302640605,1.47106448851991e-05,0.71676526425158,0.979321403153128,0.128966409801245,20,6.59723176294938e-05,1,0.75
"201899_6",0.508370727267512,0.999963109878346,0.109985568413486,0.736693083073879,0.0925451415317699,0.078990564232976,0.103382760007281,0.545563368618998,0.551052376621838,0.162111393289524,0.333295834109949,0.168503076969359,0.0870495852804322,0.199230996360177,0.331002329939694,0.263467884710713,0.329116642932601,0.00010701302640605,1.47106448851991e-05,0.71676526425158,0.979321403153128,0.128966409801245,20,6.59723176294938e-05,1,0.8125
"201899_7",0.508370727267512,0.999963109878346,0.109985568413486,0.736693083073879,0.0925451415317699,0.078990564232976,0.103382760007281,0.545563368618998,0.551052376621838,0.162111393289524,0.333295834109949,0.168503076969359,0.0870495852804322,0.199230996360177,0.331002329939694,0.263467884710713,0.329116642932601,0.00010701302640605,1.47106448851991e-05,0.71676526425158,0.979321403153128,0.128966409801245,20,6.59723176294938e-05,1,0.875
"201899_8",0.508370727267512,0.999963109878346,0.109985568413486,0.736693083073879,0.0925451415317699,0.078990564232976,0.103382760007281,0.545563368618998,0.551052376621838,0.162111393289524,0.333295834109949,0.168503076969359,0.0870495852804322,0.199230996360177,0.331002329939694,0.263467884710713,0.329116642932601,0.00010701302640605,1.47106448851991e-05,0.71676526425158,0.979321403153128,0.128966409801245,20,6.59723176294938e-05,1,0.9375
"201899_9",0.508370727267512,0.999963109878346,0.109985568413486,0.736693083073879,0.0925451415317699,0.078990564232976,0.103382760007281,0.545563368618998,0.551052376621838,0.162111393289524,0.333295834109949,0.168503076969359,0.0870495852804322,0.199230996360177,0.331002329939694,0.263467884710713,0.329116642932601,0.00010701302640605,1.47106448851991e-05,0.71676526425158,0.979321403153128,0.128966409801245,20,6.59723176294938e-05,1,1
"201900_1",0.0604777904099612,0.692419609742412,0.0113498518594777,0.611316693298386,0.0652650249646718,0.0629540063730542,0.0708126596116733,0.302373615880748,0.900804697731294,0.399298350155371,0.77109424324271,0.573478886003302,0.320014931966039,0.312546008307331,0.509689064187793,0.468133434060431,0.329458399578895,0.00010701302640605,0.371005493580983,0.739979225628237,0.864973842755853,0.156998802227094,7,0.300623180482362,1,0.5
"201900_2",0.0604777904099612,0.692419609742412,0.0113498518594777,0.611316693298386,0.0652650249646718,0.0629540063730542,0.0708126596116733,0.302373615880748,0.900804697731294,0.399298350155371,0.77109424324271,0.573478886003302,0.320014931966039,0.312546008307331,0.509689064187793,0.468133434060431,0.329458399578895,0.00010701302640605,0.371005493580983,0.739979225628237,0.864973842755853,0.156998802227094,7,0.300623180482362,1,0.5625
"201900_3",0.0604777904099612,0.692419609742412,0.0113498518594777,0.611316693298386,0.0652650249646718,0.0629540063730542,0.0708126596116733,0.302373615880748,0.900804697731294,0.399298350155371,0.77109424324271,0.573478886003302,0.320014931966039,0.312546008307331,0.509689064187793,0.468133434060431,0.329458399578895,0.00010701302640605,0.371005493580983,0.739979225628237,0.864973842755853,0.156998802227094,7,0.300623180482362,1,0.625
"201900_4",0.0604777904099612,0.692419609742412,0.0113498518594777,0.611316693298386,0.0652650249646718,0.0629540063730542,0.0708126596116733,0.302373615880748,0.900804697731294,0.399298350155371,0.77109424324271,0.573478886003302,0.320014931966039,0.312546008307331,0.509689064187793,0.468133434060431,0.329458399578895,0.00010701302640605,0.371005493580983,0.739979225628237,0.864973842755853,0.156998802227094,7,0.300623180482362,1,0.6875
"201900_5",0.0604777904099612,0.692419609742412,0.0113498518594777,0.611316693298386,0.0652650249646718,0.0629540063730542,0.0708126596116733,0.302373615880748,0.900804697731294,0.399298350155371,0.77109424324271,0.573478886003302,0.320014931966039,0.312546008307331,0.509689064187793,0.468133434060431,0.329458399578895,0.00010701302640605,0.371005493580983,0.739979225628237,0.864973842755853,0.156998802227094,7,0.300623180482362,1,0.75
"201900_6",0.0604777904099612,0.692419609742412,0.0113498518594777,0.611316693298386,0.0652650249646718,0.0629540063730542,0.0708126596116733,0.302373615880748,0.900804697731294,0.399298350155371,0.77109424324271,0.573478886003302,0.320014931966039,0.312546008307331,0.509689064187793,0.468133434060431,0.329458399578895,0.00010701302640605,0.371005493580983,0.739979225628237,0.864973842755853,0.156998802227094,7,0.300623180482362,1,0.8125
"201900_7",0.0604777904099612,0.692419609742412,0.0113498518594777,0.611316693298386,0.0652650249646718,0.0629540063730542,0.0708126596116733,0.302373615880748,0.900804697731294,0.399298350155371,0.77109424324271,0.573478886003302,0.320014931966039,0.312546008307331,0.509689064187793,0.468133434060431,0.329458399578895,0.00010701302640605,0.371005493580983,0.739979225628237,0.864973842755853,0.156998802227094,7,0.300623180482362,1,0.875
"201900_8",0.0604777904099612,0.692419609742412,0.0113498518594777,0.611316693298386,0.0652650249646718,0.0629540063730542,0.0708126596116733,0.302373615880748,0.900804697731294,0.399298350155371,0.77109424324271,0.573478886003302,0.320014931966039,0.312546008307331,0.509689064187793,0.468133434060431,0.329458399578895,0.00010701302640605,0.371005493580983,0.739979225628237,0.864973842755853,0.156998802227094,7,0.300623180482362,1,0.9375
"201900_9",0.0604777904099612,0.692419609742412,0.0113498518594777,0.611316693298386,0.0652650249646718,0.0629540063730542,0.0708126596116733,0.302373615880748,0.900804697731294,0.399298350155371,0.77109424324271,0.573478886003302,0.320014931966039,0.312546008307331,0.509689064187793,0.468133434060431,0.329458399578895,0.00010701302640605,0.371005493580983,0.739979225628237,0.864973842755853,0.156998802227094,7,0.300623180482362,1,1
"201902_1",0.311163838678341,0.999963109878346,0.0115048665138569,0.500063357459616,0.0399257006221672,0.0839449452156981,0.0958035519900434,0.0152530597244528,0.749124463978155,0.555896979362159,0.703147535118295,0.864264902441237,0.515684406887006,7.76303646992892e-05,0.440501081529732,0.333610528603551,0.374245149112285,0.00010701302640605,0.428039581251724,0.854431381677635,0.895371676413729,0.0948866197597547,10,0.560376149393716,1,0.5
"201902_2",0.311163838678341,0.999963109878346,0.0115048665138569,0.500063357459616,0.0399257006221672,0.0839449452156981,0.0958035519900434,0.0152530597244528,0.749124463978155,0.555896979362159,0.703147535118295,0.864264902441237,0.515684406887006,7.76303646992892e-05,0.440501081529732,0.333610528603551,0.374245149112285,0.00010701302640605,0.428039581251724,0.854431381677635,0.895371676413729,0.0948866197597547,10,0.560376149393716,1,0.5625
"201902_3",0.311163838678341,0.999963109878346,0.0115048665138569,0.500063357459616,0.0399257006221672,0.0839449452156981,0.0958035519900434,0.0152530597244528,0.749124463978155,0.555896979362159,0.703147535118295,0.864264902441237,0.515684406887006,7.76303646992892e-05,0.440501081529732,0.333610528603551,0.374245149112285,0.00010701302640605,0.428039581251724,0.854431381677635,0.895371676413729,0.0948866197597547,10,0.560376149393716,1,0.625
"201902_4",0.311163838678341,0.999963109878346,0.0115048665138569,0.500063357459616,0.0399257006221672,0.0839449452156981,0.0958035519900434,0.0152530597244528,0.749124463978155,0.555896979362159,0.703147535118295,0.864264902441237,0.515684406887006,7.76303646992892e-05,0.440501081529732,0.333610528603551,0.374245149112285,0.00010701302640605,0.428039581251724,0.854431381677635,0.895371676413729,0.0948866197597547,10,0.560376149393716,1,0.6875
"201902_5",0.311163838678341,0.999963109878346,0.0115048665138569,0.500063357459616,0.0399257006221672,0.0839449452156981,0.0958035519900434,0.0152530597244528,0.749124463978155,0.555896979362159,0.703147535118295,0.864264902441237,0.515684406887006,7.76303646992892e-05,0.440501081529732,0.333610528603551,0.374245149112285,0.00010701302640605,0.428039581251724,0.854431381677635,0.895371676413729,0.0948866197597547,10,0.560376149393716,1,0.75
"201902_6",0.311163838678341,0.999963109878346,0.0115048665138569,0.500063357459616,0.0399257006221672,0.0839449452156981,0.0958035519900434,0.0152530597244528,0.749124463978155,0.555896979362159,0.703147535118295,0.864264902441237,0.515684406887006,7.76303646992892e-05,0.440501081529732,0.333610528603551,0.374245149112285,0.00010701302640605,0.428039581251724,0.854431381677635,0.895371676413729,0.0948866197597547,10,0.560376149393716,1,0.8125
"201902_7",0.311163838678341,0.999963109878346,0.0115048665138569,0.500063357459616,0.0399257006221672,0.0839449452156981,0.0958035519900434,0.0152530597244528,0.749124463978155,0.555896979362159,0.703147535118295,0.864264902441237,0.515684406887006,7.76303646992892e-05,0.440501081529732,0.333610528603551,0.374245149112285,0.00010701302640605,0.428039581251724,0.854431381677635,0.895371676413729,0.0948866197597547,10,0.560376149393716,1,0.875
"201902_8",0.311163838678341,0.999963109878346,0.0115048665138569,0.500063357459616,0.0399257006221672,0.0839449452156981,0.0958035519900434,0.0152530597244528,0.749124463978155,0.555896979362159,0.703147535118295,0.864264902441237,0.515684406887006,7.76303646992892e-05,0.440501081529732,0.333610528603551,0.374245149112285,0.00010701302640605,0.428039581251724,0.854431381677635,0.895371676413729,0.0948866197597547,10,0.560376149393716,1,0.9375
"201902_9",0.311163838678341,0.999963109878346,0.0115048665138569,0.500063357459616,0.0399257006221672,0.0839449452156981,0.0958035519900434,0.0152530597244528,0.749124463978155,0.555896979362159,0.703147535118295,0.864264902441237,0.515684406887006,7.76303646992892e-05,0.440501081529732,0.333610528603551,0.374245149112285,0.00010701302640605,0.428039581251724,0.854431381677635,0.895371676413729,0.0948866197597547,10,0.560376149393716,1,1
"202201_1",0.448657969531343,0.460178188991977,0.10135915737744,0.552995647347207,0.0678071711157917,0.0618819391554651,0.089052850949896,0.473838269174562,0.645122904124264,0.482345183377308,0.518772390633199,0.703780300021247,0.525812867786609,0.146037377603521,0.861546492570431,0.00030305628819158,0.205941277842784,0.248663407446391,0.307539266688387,0.764187192820489,0.764629892516726,0.0288874608722191,23,0.551911446790457,1,0.5
"202201_2",0.448657969531343,0.460178188991977,0.10135915737744,0.552995647347207,0.0678071711157917,0.0618819391554651,0.089052850949896,0.473838269174562,0.645122904124264,0.482345183377308,0.518772390633199,0.703780300021247,0.525812867786609,0.146037377603521,0.861546492570431,0.00030305628819158,0.205941277842784,0.248663407446391,0.307539266688387,0.764187192820489,0.764629892516726,0.0288874608722191,23,0.551911446790457,1,0.5625
"202201_3",0.448657969531343,0.460178188991977,0.10135915737744,0.552995647347207,0.0678071711157917,0.0618819391554651,0.089052850949896,0.473838269174562,0.645122904124264,0.482345183377308,0.518772390633199,0.703780300021247,0.525812867786609,0.146037377603521,0.861546492570431,0.00030305628819158,0.205941277842784,0.248663407446391,0.307539266688387,0.764187192820489,0.764629892516726,0.0288874608722191,23,0.551911446790457,1,0.625
"202201_4",0.448657969531343,0.460178188991977,0.10135915737744,0.552995647347207,0.0678071711157917,0.0618819391554651,0.089052850949896,0.473838269174562,0.645122904124264,0.482345183377308,0.518772390633199,0.703780300021247,0.525812867786609,0.146037377603521,0.861546492570431,0.00030305628819158,0.205941277842784,0.248663407446391,0.307539266688387,0.764187192820489,0.764629892516726,0.0288874608722191,23,0.551911446790457,1,0.6875
"202201_5",0.448657969531343,0.460178188991977,0.10135915737744,0.552995647347207,0.0678071711157917,0.0618819391554651,0.089052850949896,0.473838269174562,0.645122904124264,0.482345183377308,0.518772390633199,0.703780300021247,0.525812867786609,0.146037377603521,0.861546492570431,0.00030305628819158,0.205941277842784,0.248663407446391,0.307539266688387,0.764187192820489,0.764629892516726,0.0288874608722191,23,0.551911446790457,1,0.75
"202201_6",0.448657969531343,0.460178188991977,0.10135915737744,0.552995647347207,0.0678071711157917,0.0618819391554651,0.089052850949896,0.473838269174562,0.645122904124264,0.482345183377308,0.518772390633199,0.703780300021247,0.525812867786609,0.146037377603521,0.861546492570431,0.00030305628819158,0.205941277842784,0.248663407446391,0.307539266688387,0.764187192820489,0.764629892516726,0.0288874608722191,23,0.551911446790457,1,0.8125
"202201_7",0.448657969531343,0.460178188991977,0.10135915737744,0.552995647347207,0.0678071711157917,0.0618819391554651,0.089052850949896,0.473838269174562,0.645122904124264,0.482345183377308,0.518772390633199,0.703780300021247,0.525812867786609,0.146037377603521,0.861546492570431,0.00030305628819158,0.205941277842784,0.248663407446391,0.307539266688387,0.764187192820489,0.764629892516726,0.0288874608722191,23,0.551911446790457,1,0.875
"202201_8",0.448657969531343,0.460178188991977,0.10135915737744,0.552995647347207,0.0678071711157917,0.0618819391554651,0.089052850949896,0.473838269174562,0.645122904124264,0.482345183377308,0.518772390633199,0.703780300021247,0.525812867786609,0.146037377603521,0.861546492570431,0.00030305628819158,0.205941277842784,0.248663407446391,0.307539266688387,0.764187192820489,0.764629892516726,0.0288874608722191,23,0.551911446790457,1,0.9375
"202201_9",0.448657969531343,0.460178188991977,0.10135915737744,0.552995647347207,0.0678071711157917,0.0618819391554651,0.089052850949896,0.473838269174562,0.645122904124264,0.482345183377308,0.518772390633199,0.703780300021247,0.525812867786609,0.146037377603521,0.861546492570431,0.00030305628819158,0.205941277842784,0.248663407446391,0.307539266688387,0.764187192820489,0.764629892516726,0.0288874608722191,23,0.551911446790457,1,1
"202300_1",0.814546606729296,0.863426689526713,0.0238080850707431,0.500063357459616,0.025592669473817,0.0544431518498517,0.119995094177388,0.351587877433144,0.452887932149102,0.806874600549033,0.999795092571648,0.611802461296421,0.270310840970856,7.76303646992892e-05,0.897352474943267,0.132903839435904,0.344984997846782,0.138389276825759,0.226145658580879,0.999990134470386,0.927985358025051,0.200259501594188,5,0.432023602421292,1,0.5
"202300_2",0.814546606729296,0.863426689526713,0.0238080850707431,0.500063357459616,0.025592669473817,0.0544431518498517,0.119995094177388,0.351587877433144,0.452887932149102,0.806874600549033,0.999795092571648,0.611802461296421,0.270310840970856,7.76303646992892e-05,0.897352474943267,0.132903839435904,0.344984997846782,0.138389276825759,0.226145658580879,0.999990134470386,0.927985358025051,0.200259501594188,5,0.432023602421292,1,0.5625
"202300_3",0.814546606729296,0.863426689526713,0.0238080850707431,0.500063357459616,0.025592669473817,0.0544431518498517,0.119995094177388,0.351587877433144,0.452887932149102,0.806874600549033,0.999795092571648,0.611802461296421,0.270310840970856,7.76303646992892e-05,0.897352474943267,0.132903839435904,0.344984997846782,0.138389276825759,0.226145658580879,0.999990134470386,0.927985358025051,0.200259501594188,5,0.432023602421292,1,0.625
"202300_4",0.814546606729296,0.863426689526713,0.0238080850707431,0.500063357459616,0.025592669473817,0.0544431518498517,0.119995094177388,0.351587877433144,0.452887932149102,0.806874600549033,0.999795092571648,0.611802461296421,0.270310840970856,7.76303646992892e-05,0.897352474943267,0.132903839435904,0.344984997846782,0.138389276825759,0.226145658580879,0.999990134470386,0.927985358025051,0.200259501594188,5,0.432023602421292,1,0.6875
"202300_5",0.814546606729296,0.863426689526713,0.0238080850707431,0.500063357459616,0.025592669473817,0.0544431518498517,0.119995094177388,0.351587877433144,0.452887932149102,0.806874600549033,0.999795092571648,0.611802461296421,0.270310840970856,7.76303646992892e-05,0.897352474943267,0.132903839435904,0.344984997846782,0.138389276825759,0.226145658580879,0.999990134470386,0.927985358025051,0.200259501594188,5,0.432023602421292,1,0.75
"202300_6",0.814546606729296,0.863426689526713,0.0238080850707431,0.500063357459616,0.025592669473817,0.0544431518498517,0.119995094177388,0.351587877433144,0.452887932149102,0.806874600549033,0.999795092571648,0.611802461296421,0.270310840970856,7.76303646992892e-05,0.897352474943267,0.132903839435904,0.344984997846782,0.138389276825759,0.226145658580879,0.999990134470386,0.927985358025051,0.200259501594188,5,0.432023602421292,1,0.8125
"202300_7",0.814546606729296,0.863426689526713,0.0238080850707431,0.500063357459616,0.025592669473817,0.0544431518498517,0.119995094177388,0.351587877433144,0.452887932149102,0.806874600549033,0.999795092571648,0.611802461296421,0.270310840970856,7.76303646992892e-05,0.897352474943267,0.132903839435904,0.344984997846782,0.138389276825759,0.226145658580879,0.999990134470386,0.927985358025051,0.200259501594188,5,0.432023602421292,1,0.875
"202300_8",0.814546606729296,0.863426689526713,0.0238080850707431,0.500063357459616,0.025592669473817,0.0544431518498517,0.119995094177388,0.351587877433144,0.452887932149102,0.806874600549033,0.999795092571648,0.611802461296421,0.270310840970856,7.76303646992892e-05,0.897352474943267,0.132903839435904,0.344984997846782,0.138389276825759,0.226145658580879,0.999990134470386,0.927985358025051,0.200259501594188,5,0.432023602421292,1,0.9375
"202300_9",0.814546606729296,0.863426689526713,0.0238080850707431,0.500063357459616,0.025592669473817,0.0544431518498517,0.119995094177388,0.351587877433144,0.452887932149102,0.806874600549033,0.999795092571648,0.611802461296421,0.270310840970856,7.76303646992892e-05,0.897352474943267,0.132903839435904,0.344984997846782,0.138389276825759,0.226145658580879,0.999990134470386,0.927985358025051,0.200259501594188,5,0.432023602421292,1,1
"202301_1",0.46926990229805,0.617287349946067,0.0754149669662678,0.673741707404171,0.0892350923773513,0.0685830124127513,0.0871787114726275,0.999640291173093,0.97237267545474,0.3282091209367,0.50048576994799,0.179967717232189,0.211699850838392,0.630719919986094,0.37041311912121,0.151509564738743,0.310973495350318,0.00010701302640605,0.101551558887234,0.686710184941953,0.967123804841885,0.173783623736161,12,0.300658929015794,1,0.5
"202301_2",0.46926990229805,0.617287349946067,0.0754149669662678,0.673741707404171,0.0892350923773513,0.0685830124127513,0.0871787114726275,0.999640291173093,0.97237267545474,0.3282091209367,0.50048576994799,0.179967717232189,0.211699850838392,0.630719919986094,0.37041311912121,0.151509564738743,0.310973495350318,0.00010701302640605,0.101551558887234,0.686710184941953,0.967123804841885,0.173783623736161,12,0.300658929015794,1,0.5625
"202301_3",0.46926990229805,0.617287349946067,0.0754149669662678,0.673741707404171,0.0892350923773513,0.0685830124127513,0.0871787114726275,0.999640291173093,0.97237267545474,0.3282091209367,0.50048576994799,0.179967717232189,0.211699850838392,0.630719919986094,0.37041311912121,0.151509564738743,0.310973495350318,0.00010701302640605,0.101551558887234,0.686710184941953,0.967123804841885,0.173783623736161,12,0.300658929015794,1,0.625
"202301_4",0.46926990229805,0.617287349946067,0.0754149669662678,0.673741707404171,0.0892350923773513,0.0685830124127513,0.0871787114726275,0.999640291173093,0.97237267545474,0.3282091209367,0.50048576994799,0.179967717232189,0.211699850838392,0.630719919986094,0.37041311912121,0.151509564738743,0.310973495350318,0.00010701302640605,0.101551558887234,0.686710184941953,0.967123804841885,0.173783623736161,12,0.300658929015794,1,0.6875
"202301_5",0.46926990229805,0.617287349946067,0.0754149669662678,0.673741707404171,0.0892350923773513,0.0685830124127513,0.0871787114726275,0.999640291173093,0.97237267545474,0.3282091209367,0.50048576994799,0.179967717232189,0.211699850838392,0.630719919986094,0.37041311912121,0.151509564738743,0.310973495350318,0.00010701302640605,0.101551558887234,0.686710184941953,0.967123804841885,0.173783623736161,12,0.300658929015794,1,0.75
"202301_6",0.46926990229805,0.617287349946067,0.0754149669662678,0.673741707404171,0.0892350923773513,0.0685830124127513,0.0871787114726275,0.999640291173093,0.97237267545474,0.3282091209367,0.50048576994799,0.179967717232189,0.211699850838392,0.630719919986094,0.37041311912121,0.151509564738743,0.310973495350318,0.00010701302640605,0.101551558887234,0.686710184941953,0.967123804841885,0.173783623736161,12,0.300658929015794,1,0.8125
"202301_7",0.46926990229805,0.617287349946067,0.0754149669662678,0.673741707404171,0.0892350923773513,0.0685830124127513,0.0871787114726275,0.999640291173093,0.97237267545474,0.3282091209367,0.50048576994799,0.179967717232189,0.211699850838392,0.630719919986094,0.37041311912121,0.151509564738743,0.310973495350318,0.00010701302640605,0.101551558887234,0.686710184941953,0.967123804841885,0.173783623736161,12,0.300658929015794,1,0.875
"202301_8",0.46926990229805,0.617287349946067,0.0754149669662678,0.673741707404171,0.0892350923773513,0.0685830124127513,0.0871787114726275,0.999640291173093,0.97237267545474,0.3282091209367,0.50048576994799,0.179967717232189,0.211699850838392,0.630719919986094,0.37041311912121,0.151509564738743,0.310973495350318,0.00010701302640605,0.101551558887234,0.686710184941953,0.967123804841885,0.173783623736161,12,0.300658929015794,1,0.9375
"202301_9",0.46926990229805,0.617287349946067,0.0754149669662678,0.673741707404171,0.0892350923773513,0.0685830124127513,0.0871787114726275,0.999640291173093,0.97237267545474,0.3282091209367,0.50048576994799,0.179967717232189,0.211699850838392,0.630719919986094,0.37041311912121,0.151509564738743,0.310973495350318,0.00010701302640605,0.101551558887234,0.686710184941953,0.967123804841885,0.173783623736161,12,0.300658929015794,1,1
"202400_1",0.167698522494432,0.999963109878346,0.134825501726638,0.532264872751963,0.0724840260399522,0.106568617240218,0.0759154593383464,0.265240026306905,0.377077974361525,0.49056922450363,9.64684443548322e-05,0.999563629297968,0.663072383827101,7.76303646992892e-05,0.503336650734085,0.00030305628819158,0.238941152337014,0.0661710481599559,0.41720165111841,0.570279363353253,0.870734944542036,6.79376821854385e-05,27,0.545844493966844,1,0.5
"202400_2",0.167698522494432,0.999963109878346,0.134825501726638,0.532264872751963,0.0724840260399522,0.106568617240218,0.0759154593383464,0.265240026306905,0.377077974361525,0.49056922450363,9.64684443548322e-05,0.999563629297968,0.663072383827101,7.76303646992892e-05,0.503336650734085,0.00030305628819158,0.238941152337014,0.0661710481599559,0.41720165111841,0.570279363353253,0.870734944542036,6.79376821854385e-05,27,0.545844493966844,1,0.5625
"202400_3",0.167698522494432,0.999963109878346,0.134825501726638,0.532264872751963,0.0724840260399522,0.106568617240218,0.0759154593383464,0.265240026306905,0.377077974361525,0.49056922450363,9.64684443548322e-05,0.999563629297968,0.663072383827101,7.76303646992892e-05,0.503336650734085,0.00030305628819158,0.238941152337014,0.0661710481599559,0.41720165111841,0.570279363353253,0.870734944542036,6.79376821854385e-05,27,0.545844493966844,1,0.625
"202400_4",0.167698522494432,0.999963109878346,0.134825501726638,0.532264872751963,0.0724840260399522,0.106568617240218,0.0759154593383464,0.265240026306905,0.377077974361525,0.49056922450363,9.64684443548322e-05,0.999563629297968,0.663072383827101,7.76303646992892e-05,0.503336650734085,0.00030305628819158,0.238941152337014,0.0661710481599559,0.41720165111841,0.570279363353253,0.870734944542036,6.79376821854385e-05,27,0.545844493966844,1,0.6875
"202400_5",0.167698522494432,0.999963109878346,0.134825501726638,0.532264872751963,0.0724840260399522,0.106568617240218,0.0759154593383464,0.265240026306905,0.377077974361525,0.49056922450363,9.64684443548322e-05,0.999563629297968,0.663072383827101,7.76303646992892e-05,0.503336650734085,0.00030305628819158,0.238941152337014,0.0661710481599559,0.41720165111841,0.570279363353253,0.870734944542036,6.79376821854385e-05,27,0.545844493966844,1,0.75
"202400_6",0.167698522494432,0.999963109878346,0.134825501726638,0.532264872751963,0.0724840260399522,0.106568617240218,0.0759154593383464,0.265240026306905,0.377077974361525,0.49056922450363,9.64684443548322e-05,0.999563629297968,0.663072383827101,7.76303646992892e-05,0.503336650734085,0.00030305628819158,0.238941152337014,0.0661710481599559,0.41720165111841,0.570279363353253,0.870734944542036,6.79376821854385e-05,27,0.545844493966844,1,0.8125
"202400_7",0.167698522494432,0.999963109878346,0.134825501726638,0.532264872751963,0.0724840260399522,0.106568617240218,0.0759154593383464,0.265240026306905,0.377077974361525,0.49056922450363,9.64684443548322e-05,0.999563629297968,0.663072383827101,7.76303646992892e-05,0.503336650734085,0.00030305628819158,0.238941152337014,0.0661710481599559,0.41720165111841,0.570279363353253,0.870734944542036,6.79376821854385e-05,27,0.545844493966844,1,0.875
"202400_8",0.167698522494432,0.999963109878346,0.134825501726638,0.532264872751963,0.0724840260399522,0.106568617240218,0.0759154593383464,0.265240026306905,0.377077974361525,0.49056922450363,9.64684443548322e-05,0.999563629297968,0.663072383827101,7.76303646992892e-05,0.503336650734085,0.00030305628819158,0.238941152337014,0.0661710481599559,0.41720165111841,0.570279363353253,0.870734944542036,6.79376821854385e-05,27,0.545844493966844,1,0.9375
"202400_9",0.167698522494432,0.999963109878346,0.134825501726638,0.532264872751963,0.0724840260399522,0.106568617240218,0.0759154593383464,0.265240026306905,0.377077974361525,0.49056922450363,9.64684443548322e-05,0.999563629297968,0.663072383827101,7.76303646992892e-05,0.503336650734085,0.00030305628819158,0.238941152337014,0.0661710481599559,0.41720165111841,0.570279363353253,0.870734944542036,6.79376821854385e-05,27,0.545844493966844,1,1
"202500_1",0.999852021087501,0.873100166200939,0.0399351143447871,0.562674158378704,2.69250937448815e-06,0.0323294744338315,0.0987715441091548,0.0530515919649895,0.123147899484888,0.43343063123189,0.999795092571648,0.631286315365395,0.244446844336949,0.0859561694899954,0.993629101437341,0.201707743499835,0.499858107997852,0.0416135293088943,0.145845467019481,0.999990134470386,0.940707822044047,0.138794210565341,10,0.0780571638149026,1,0.5
"202500_2",0.999852021087501,0.873100166200939,0.0399351143447871,0.562674158378704,2.69250937448815e-06,0.0323294744338315,0.0987715441091548,0.0530515919649895,0.123147899484888,0.43343063123189,0.999795092571648,0.631286315365395,0.244446844336949,0.0859561694899954,0.993629101437341,0.201707743499835,0.499858107997852,0.0416135293088943,0.145845467019481,0.999990134470386,0.940707822044047,0.138794210565341,10,0.0780571638149026,1,0.5625
"202500_3",0.999852021087501,0.873100166200939,0.0399351143447871,0.562674158378704,2.69250937448815e-06,0.0323294744338315,0.0987715441091548,0.0530515919649895,0.123147899484888,0.43343063123189,0.999795092571648,0.631286315365395,0.244446844336949,0.0859561694899954,0.993629101437341,0.201707743499835,0.499858107997852,0.0416135293088943,0.145845467019481,0.999990134470386,0.940707822044047,0.138794210565341,10,0.0780571638149026,1,0.625
"202500_4",0.999852021087501,0.873100166200939,0.0399351143447871,0.562674158378704,2.69250937448815e-06,0.0323294744338315,0.0987715441091548,0.0530515919649895,0.123147899484888,0.43343063123189,0.999795092571648,0.631286315365395,0.244446844336949,0.0859561694899954,0.993629101437341,0.201707743499835,0.499858107997852,0.0416135293088943,0.145845467019481,0.999990134470386,0.940707822044047,0.138794210565341,10,0.0780571638149026,1,0.6875
"202500_5",0.999852021087501,0.873100166200939,0.0399351143447871,0.562674158378704,2.69250937448815e-06,0.0323294744338315,0.0987715441091548,0.0530515919649895,0.123147899484888,0.43343063123189,0.999795092571648,0.631286315365395,0.244446844336949,0.0859561694899954,0.993629101437341,0.201707743499835,0.499858107997852,0.0416135293088943,0.145845467019481,0.999990134470386,0.940707822044047,0.138794210565341,10,0.0780571638149026,1,0.75
"202500_6",0.999852021087501,0.873100166200939,0.0399351143447871,0.562674158378704,2.69250937448815e-06,0.0323294744338315,0.0987715441091548,0.0530515919649895,0.123147899484888,0.43343063123189,0.999795092571648,0.631286315365395,0.244446844336949,0.0859561694899954,0.993629101437341,0.201707743499835,0.499858107997852,0.0416135293088943,0.145845467019481,0.999990134470386,0.940707822044047,0.138794210565341,10,0.0780571638149026,1,0.8125
"202500_7",0.999852021087501,0.873100166200939,0.0399351143447871,0.562674158378704,2.69250937448815e-06,0.0323294744338315,0.0987715441091548,0.0530515919649895,0.123147899484888,0.43343063123189,0.999795092571648,0.631286315365395,0.244446844336949,0.0859561694899954,0.993629101437341,0.201707743499835,0.499858107997852,0.0416135293088943,0.145845467019481,0.999990134470386,0.940707822044047,0.138794210565341,10,0.0780571638149026,1,0.875
"202500_8",0.999852021087501,0.873100166200939,0.0399351143447871,0.562674158378704,2.69250937448815e-06,0.0323294744338315,0.0987715441091548,0.0530515919649895,0.123147899484888,0.43343063123189,0.999795092571648,0.631286315365395,0.244446844336949,0.0859561694899954,0.993629101437341,0.201707743499835,0.499858107997852,0.0416135293088943,0.145845467019481,0.999990134470386,0.940707822044047,0.138794210565341,10,0.0780571638149026,1,0.9375
"202500_9",0.999852021087501,0.873100166200939,0.0399351143447871,0.562674158378704,2.69250937448815e-06,0.0323294744338315,0.0987715441091548,0.0530515919649895,0.123147899484888,0.43343063123189,0.999795092571648,0.631286315365395,0.244446844336949,0.0859561694899954,0.993629101437341,0.201707743499835,0.499858107997852,0.0416135293088943,0.145845467019481,0.999990134470386,0.940707822044047,0.138794210565341,10,0.0780571638149026,1,1
"202599_1",0.371171734843243,0.919725391678254,0.05713140945139,0.559194380098818,0.0908746876779495,0.0838481374769189,0.0997151150388456,0.550368492042889,0.69547019852603,0.540042380366874,9.64684443548322e-05,0.384737691869739,0.329922093127027,0.123674163623332,0.567359730265929,0.130788818108326,0.395126393240073,0.00010701302640605,0.354917737562759,0.742889730128216,0.999975606664492,0.148843491521768,22,0.216084319656367,1,0.5
"202599_2",0.371171734843243,0.919725391678254,0.05713140945139,0.559194380098818,0.0908746876779495,0.0838481374769189,0.0997151150388456,0.550368492042889,0.69547019852603,0.540042380366874,9.64684443548322e-05,0.384737691869739,0.329922093127027,0.123674163623332,0.567359730265929,0.130788818108326,0.395126393240073,0.00010701302640605,0.354917737562759,0.742889730128216,0.999975606664492,0.148843491521768,22,0.216084319656367,1,0.5625
"202599_3",0.371171734843243,0.919725391678254,0.05713140945139,0.559194380098818,0.0908746876779495,0.0838481374769189,0.0997151150388456,0.550368492042889,0.69547019852603,0.540042380366874,9.64684443548322e-05,0.384737691869739,0.329922093127027,0.123674163623332,0.567359730265929,0.130788818108326,0.395126393240073,0.00010701302640605,0.354917737562759,0.742889730128216,0.999975606664492,0.148843491521768,22,0.216084319656367,1,0.625
"202599_4",0.371171734843243,0.919725391678254,0.05713140945139,0.559194380098818,0.0908746876779495,0.0838481374769189,0.0997151150388456,0.550368492042889,0.69547019852603,0.540042380366874,9.64684443548322e-05,0.384737691869739,0.329922093127027,0.123674163623332,0.567359730265929,0.130788818108326,0.395126393240073,0.00010701302640605,0.354917737562759,0.742889730128216,0.999975606664492,0.148843491521768,22,0.216084319656367,1,0.6875
"202599_5",0.371171734843243,0.919725391678254,0.05713140945139,0.559194380098818,0.0908746876779495,0.0838481374769189,0.0997151150388456,0.550368492042889,0.69547019852603,0.540042380366874,9.64684443548322e-05,0.384737691869739,0.329922093127027,0.123674163623332,0.567359730265929,0.130788818108326,0.395126393240073,0.00010701302640605,0.354917737562759,0.742889730128216,0.999975606664492,0.148843491521768,22,0.216084319656367,1,0.75
"202599_6",0.371171734843243,0.919725391678254,0.05713140945139,0.559194380098818,0.0908746876779495,0.0838481374769189,0.0997151150388456,0.550368492042889,0.69547019852603,0.540042380366874,9.64684443548322e-05,0.384737691869739,0.329922093127027,0.123674163623332,0.567359730265929,0.130788818108326,0.395126393240073,0.00010701302640605,0.354917737562759,0.742889730128216,0.999975606664492,0.148843491521768,22,0.216084319656367,1,0.8125
"202599_7",0.371171734843243,0.919725391678254,0.05713140945139,0.559194380098818,0.0908746876779495,0.0838481374769189,0.0997151150388456,0.550368492042889,0.69547019852603,0.540042380366874,9.64684443548322e-05,0.384737691869739,0.329922093127027,0.123674163623332,0.567359730265929,0.130788818108326,0.395126393240073,0.00010701302640605,0.354917737562759,0.742889730128216,0.999975606664492,0.148843491521768,22,0.216084319656367,1,0.875
"202599_8",0.371171734843243,0.919725391678254,0.05713140945139,0.559194380098818,0.0908746876779495,0.0838481374769189,0.0997151150388456,0.550368492042889,0.69547019852603,0.540042380366874,9.64684443548322e-05,0.384737691869739,0.329922093127027,0.123674163623332,0.567359730265929,0.130788818108326,0.395126393240073,0.00010701302640605,0.354917737562759,0.742889730128216,0.999975606664492,0.148843491521768,22,0.216084319656367,1,0.9375
"202599_9",0.371171734843243,0.919725391678254,0.05713140945139,0.559194380098818,0.0908746876779495,0.0838481374769189,0.0997151150388456,0.550368492042889,0.69547019852603,0.540042380366874,9.64684443548322e-05,0.384737691869739,0.329922093127027,0.123674163623332,0.567359730265929,0.130788818108326,0.395126393240073,0.00010701302640605,0.354917737562759,0.742889730128216,0.999975606664492,0.148843491521768,22,0.216084319656367,1,1
"202902_1",0.648463074983625,0.999963109878346,0.133380566473447,0.609902379702158,0.00582660371887973,0.0646097664863617,0.119995094177388,9.12367616361007e-05,0.309605139123828,0.211607119334459,0.637190164877718,0.956193521922552,0.430137070452788,7.76303646992892e-05,0.999991596603808,0.08787610921983,0.354852853196317,0.00010701302640605,1.47106448851991e-05,0.67804299479097,0.999975606664492,0.0421864805233732,22,6.59723176294938e-05,1,0.5
"202902_2",0.648463074983625,0.999963109878346,0.133380566473447,0.609902379702158,0.00582660371887973,0.0646097664863617,0.119995094177388,9.12367616361007e-05,0.309605139123828,0.211607119334459,0.637190164877718,0.956193521922552,0.430137070452788,7.76303646992892e-05,0.999991596603808,0.08787610921983,0.354852853196317,0.00010701302640605,1.47106448851991e-05,0.67804299479097,0.999975606664492,0.0421864805233732,22,6.59723176294938e-05,1,0.5625
"202902_3",0.648463074983625,0.999963109878346,0.133380566473447,0.609902379702158,0.00582660371887973,0.0646097664863617,0.119995094177388,9.12367616361007e-05,0.309605139123828,0.211607119334459,0.637190164877718,0.956193521922552,0.430137070452788,7.76303646992892e-05,0.999991596603808,0.08787610921983,0.354852853196317,0.00010701302640605,1.47106448851991e-05,0.67804299479097,0.999975606664492,0.0421864805233732,22,6.59723176294938e-05,1,0.625
"202902_4",0.648463074983625,0.999963109878346,0.133380566473447,0.609902379702158,0.00582660371887973,0.0646097664863617,0.119995094177388,9.12367616361007e-05,0.309605139123828,0.211607119334459,0.637190164877718,0.956193521922552,0.430137070452788,7.76303646992892e-05,0.999991596603808,0.08787610921983,0.354852853196317,0.00010701302640605,1.47106448851991e-05,0.67804299479097,0.999975606664492,0.0421864805233732,22,6.59723176294938e-05,1,0.6875
"202902_5",0.648463074983625,0.999963109878346,0.133380566473447,0.609902379702158,0.00582660371887973,0.0646097664863617,0.119995094177388,9.12367616361007e-05,0.309605139123828,0.211607119334459,0.637190164877718,0.956193521922552,0.430137070452788,7.76303646992892e-05,0.999991596603808,0.08787610921983,0.354852853196317,0.00010701302640605,1.47106448851991e-05,0.67804299479097,0.999975606664492,0.0421864805233732,22,6.59723176294938e-05,1,0.75
"202902_6",0.648463074983625,0.999963109878346,0.133380566473447,0.609902379702158,0.00582660371887973,0.0646097664863617,0.119995094177388,9.12367616361007e-05,0.309605139123828,0.211607119334459,0.637190164877718,0.956193521922552,0.430137070452788,7.76303646992892e-05,0.999991596603808,0.08787610921983,0.354852853196317,0.00010701302640605,1.47106448851991e-05,0.67804299479097,0.999975606664492,0.0421864805233732,22,6.59723176294938e-05,1,0.8125
"202902_7",0.648463074983625,0.999963109878346,0.133380566473447,0.609902379702158,0.00582660371887973,0.0646097664863617,0.119995094177388,9.12367616361007e-05,0.309605139123828,0.211607119334459,0.637190164877718,0.956193521922552,0.430137070452788,7.76303646992892e-05,0.999991596603808,0.08787610921983,0.354852853196317,0.00010701302640605,1.47106448851991e-05,0.67804299479097,0.999975606664492,0.0421864805233732,22,6.59723176294938e-05,1,0.875
"202902_8",0.648463074983625,0.999963109878346,0.133380566473447,0.609902379702158,0.00582660371887973,0.0646097664863617,0.119995094177388,9.12367616361007e-05,0.309605139123828,0.211607119334459,0.637190164877718,0.956193521922552,0.430137070452788,7.76303646992892e-05,0.999991596603808,0.08787610921983,0.354852853196317,0.00010701302640605,1.47106448851991e-05,0.67804299479097,0.999975606664492,0.0421864805233732,22,6.59723176294938e-05,1,0.9375
"202902_9",0.648463074983625,0.999963109878346,0.133380566473447,0.609902379702158,0.00582660371887973,0.0646097664863617,0.119995094177388,9.12367616361007e-05,0.309605139123828,0.211607119334459,0.637190164877718,0.956193521922552,0.430137070452788,7.76303646992892e-05,0.999991596603808,0.08787610921983,0.354852853196317,0.00010701302640605,1.47106448851991e-05,0.67804299479097,0.999975606664492,0.0421864805233732,22,6.59723176294938e-05,1,1
"202903_1",0.158382026271739,0.816892140068577,0.105213865245909,0.503042396167272,0.0590542125679086,0.0808829472482832,0.0952919587520279,0.0581788262823851,0.911420977988344,0.561669400483359,0.105311516707313,0.947165526486338,0.674443303638239,7.76303646992892e-05,0.954884462880622,0.0941821475877515,0.191326517942692,0.0179664118023384,0.333903328616664,0.500013466963832,0.859903177275627,0.0497808453366544,30,0.436971052158429,1,0.5
"202903_2",0.158382026271739,0.816892140068577,0.105213865245909,0.503042396167272,0.0590542125679086,0.0808829472482832,0.0952919587520279,0.0581788262823851,0.911420977988344,0.561669400483359,0.105311516707313,0.947165526486338,0.674443303638239,7.76303646992892e-05,0.954884462880622,0.0941821475877515,0.191326517942692,0.0179664118023384,0.333903328616664,0.500013466963832,0.859903177275627,0.0497808453366544,30,0.436971052158429,1,0.5625
"202903_3",0.158382026271739,0.816892140068577,0.105213865245909,0.503042396167272,0.0590542125679086,0.0808829472482832,0.0952919587520279,0.0581788262823851,0.911420977988344,0.561669400483359,0.105311516707313,0.947165526486338,0.674443303638239,7.76303646992892e-05,0.954884462880622,0.0941821475877515,0.191326517942692,0.0179664118023384,0.333903328616664,0.500013466963832,0.859903177275627,0.0497808453366544,30,0.436971052158429,1,0.625
"202903_4",0.158382026271739,0.816892140068577,0.105213865245909,0.503042396167272,0.0590542125679086,0.0808829472482832,0.0952919587520279,0.0581788262823851,0.911420977988344,0.561669400483359,0.105311516707313,0.947165526486338,0.674443303638239,7.76303646992892e-05,0.954884462880622,0.0941821475877515,0.191326517942692,0.0179664118023384,0.333903328616664,0.500013466963832,0.859903177275627,0.0497808453366544,30,0.436971052158429,1,0.6875
"202903_5",0.158382026271739,0.816892140068577,0.105213865245909,0.503042396167272,0.0590542125679086,0.0808829472482832,0.0952919587520279,0.0581788262823851,0.911420977988344,0.561669400483359,0.105311516707313,0.947165526486338,0.674443303638239,7.76303646992892e-05,0.954884462880622,0.0941821475877515,0.191326517942692,0.0179664118023384,0.333903328616664,0.500013466963832,0.859903177275627,0.0497808453366544,30,0.436971052158429,1,0.75
"202903_6",0.158382026271739,0.816892140068577,0.105213865245909,0.503042396167272,0.0590542125679086,0.0808829472482832,0.0952919587520279,0.0581788262823851,0.911420977988344,0.561669400483359,0.105311516707313,0.947165526486338,0.674443303638239,7.76303646992892e-05,0.954884462880622,0.0941821475877515,0.191326517942692,0.0179664118023384,0.333903328616664,0.500013466963832,0.859903177275627,0.0497808453366544,30,0.436971052158429,1,0.8125
"202903_7",0.158382026271739,0.816892140068577,0.105213865245909,0.503042396167272,0.0590542125679086,0.0808829472482832,0.0952919587520279,0.0581788262823851,0.911420977988344,0.561669400483359,0.105311516707313,0.947165526486338,0.674443303638239,7.76303646992892e-05,0.954884462880622,0.0941821475877515,0.191326517942692,0.0179664118023384,0.333903328616664,0.500013466963832,0.859903177275627,0.0497808453366544,30,0.436971052158429,1,0.875
"202903_8",0.158382026271739,0.816892140068577,0.105213865245909,0.503042396167272,0.0590542125679086,0.0808829472482832,0.0952919587520279,0.0581788262823851,0.911420977988344,0.561669400483359,0.105311516707313,0.947165526486338,0.674443303638239,7.76303646992892e-05,0.954884462880622,0.0941821475877515,0.191326517942692,0.0179664118023384,0.333903328616664,0.500013466963832,0.859903177275627,0.0497808453366544,30,0.436971052158429,1,0.9375
"202903_9",0.158382026271739,0.816892140068577,0.105213865245909,0.503042396167272,0.0590542125679086,0.0808829472482832,0.0952919587520279,0.0581788262823851,0.911420977988344,0.561669400483359,0.105311516707313,0.947165526486338,0.674443303638239,7.76303646992892e-05,0.954884462880622,0.0941821475877515,0.191326517942692,0.0179664118023384,0.333903328616664,0.500013466963832,0.859903177275627,0.0497808453366544,30,0.436971052158429,1,1
"203099_1",0.704589216558186,0.523244037299329,0.161374059641853,0.644103050845134,0.010467947321556,3.77011053683236e-06,0.0650034977049306,0.327839081034013,0.238586273237151,0.331854061476898,0.384535291336989,0.999563629297968,0.438970777122893,7.76303646992892e-05,0.999991596603808,0.00030305628819158,0.232265033134094,0.434927282432291,0.071917859666118,0.656041260527049,0.953148008042847,6.79376821854385e-05,27,0.13262456192722,1,0.5
"203099_2",0.704589216558186,0.523244037299329,0.161374059641853,0.644103050845134,0.010467947321556,3.77011053683236e-06,0.0650034977049306,0.327839081034013,0.238586273237151,0.331854061476898,0.384535291336989,0.999563629297968,0.438970777122893,7.76303646992892e-05,0.999991596603808,0.00030305628819158,0.232265033134094,0.434927282432291,0.071917859666118,0.656041260527049,0.953148008042847,6.79376821854385e-05,27,0.13262456192722,1,0.5625
"203099_3",0.704589216558186,0.523244037299329,0.161374059641853,0.644103050845134,0.010467947321556,3.77011053683236e-06,0.0650034977049306,0.327839081034013,0.238586273237151,0.331854061476898,0.384535291336989,0.999563629297968,0.438970777122893,7.76303646992892e-05,0.999991596603808,0.00030305628819158,0.232265033134094,0.434927282432291,0.071917859666118,0.656041260527049,0.953148008042847,6.79376821854385e-05,27,0.13262456192722,1,0.625
"203099_4",0.704589216558186,0.523244037299329,0.161374059641853,0.644103050845134,0.010467947321556,3.77011053683236e-06,0.0650034977049306,0.327839081034013,0.238586273237151,0.331854061476898,0.384535291336989,0.999563629297968,0.438970777122893,7.76303646992892e-05,0.999991596603808,0.00030305628819158,0.232265033134094,0.434927282432291,0.071917859666118,0.656041260527049,0.953148008042847,6.79376821854385e-05,27,0.13262456192722,1,0.6875
"203099_5",0.704589216558186,0.523244037299329,0.161374059641853,0.644103050845134,0.010467947321556,3.77011053683236e-06,0.0650034977049306,0.327839081034013,0.238586273237151,0.331854061476898,0.384535291336989,0.999563629297968,0.438970777122893,7.76303646992892e-05,0.999991596603808,0.00030305628819158,0.232265033134094,0.434927282432291,0.071917859666118,0.656041260527049,0.953148008042847,6.79376821854385e-05,27,0.13262456192722,1,0.75
"203099_6",0.704589216558186,0.523244037299329,0.161374059641853,0.644103050845134,0.010467947321556,3.77011053683236e-06,0.0650034977049306,0.327839081034013,0.238586273237151,0.331854061476898,0.384535291336989,0.999563629297968,0.438970777122893,7.76303646992892e-05,0.999991596603808,0.00030305628819158,0.232265033134094,0.434927282432291,0.071917859666118,0.656041260527049,0.953148008042847,6.79376821854385e-05,27,0.13262456192722,1,0.8125
"203099_7",0.704589216558186,0.523244037299329,0.161374059641853,0.644103050845134,0.010467947321556,3.77011053683236e-06,0.0650034977049306,0.327839081034013,0.238586273237151,0.331854061476898,0.384535291336989,0.999563629297968,0.438970777122893,7.76303646992892e-05,0.999991596603808,0.00030305628819158,0.232265033134094,0.434927282432291,0.071917859666118,0.656041260527049,0.953148008042847,6.79376821854385e-05,27,0.13262456192722,1,0.875
"203099_8",0.704589216558186,0.523244037299329,0.161374059641853,0.644103050845134,0.010467947321556,3.77011053683236e-06,0.0650034977049306,0.327839081034013,0.238586273237151,0.331854061476898,0.384535291336989,0.999563629297968,0.438970777122893,7.76303646992892e-05,0.999991596603808,0.00030305628819158,0.232265033134094,0.434927282432291,0.071917859666118,0.656041260527049,0.953148008042847,6.79376821854385e-05,27,0.13262456192722,1,0.9375
"203099_9",0.704589216558186,0.523244037299329,0.161374059641853,0.644103050845134,0.010467947321556,3.77011053683236e-06,0.0650034977049306,0.327839081034013,0.238586273237151,0.331854061476898,0.384535291336989,0.999563629297968,0.438970777122893,7.76303646992892e-05,0.999991596603808,0.00030305628819158,0.232265033134094,0.434927282432291,0.071917859666118,0.656041260527049,0.953148008042847,6.79376821854385e-05,27,0.13262456192722,1,1
"203200_1",0.434338822034283,0.389971507547091,0.0717092012876464,0.500063357459616,2.69250937448815e-06,0.0559340667599654,2.35846800701693e-05,9.12367616361007e-05,0.24821028553767,0.72066381745819,0.636440566433952,0.999563629297968,0.966359320627256,7.76303646992892e-05,0.927027611399162,0.200716768345163,0.400978508147133,0.499992012141552,0.499559855764972,0.500013466963832,0.53536432112364,6.79376821854385e-05,25,0.96085407814012,1,0.5
"203200_2",0.434338822034283,0.389971507547091,0.0717092012876464,0.500063357459616,2.69250937448815e-06,0.0559340667599654,2.35846800701693e-05,9.12367616361007e-05,0.24821028553767,0.72066381745819,0.636440566433952,0.999563629297968,0.966359320627256,7.76303646992892e-05,0.927027611399162,0.200716768345163,0.400978508147133,0.499992012141552,0.499559855764972,0.500013466963832,0.53536432112364,6.79376821854385e-05,25,0.96085407814012,1,0.5625
"203200_3",0.434338822034283,0.389971507547091,0.0717092012876464,0.500063357459616,2.69250937448815e-06,0.0559340667599654,2.35846800701693e-05,9.12367616361007e-05,0.24821028553767,0.72066381745819,0.636440566433952,0.999563629297968,0.966359320627256,7.76303646992892e-05,0.927027611399162,0.200716768345163,0.400978508147133,0.499992012141552,0.499559855764972,0.500013466963832,0.53536432112364,6.79376821854385e-05,25,0.96085407814012,1,0.625
"203200_4",0.434338822034283,0.389971507547091,0.0717092012876464,0.500063357459616,2.69250937448815e-06,0.0559340667599654,2.35846800701693e-05,9.12367616361007e-05,0.24821028553767,0.72066381745819,0.636440566433952,0.999563629297968,0.966359320627256,7.76303646992892e-05,0.927027611399162,0.200716768345163,0.400978508147133,0.499992012141552,0.499559855764972,0.500013466963832,0.53536432112364,6.79376821854385e-05,25,0.96085407814012,1,0.6875
"203200_5",0.434338822034283,0.389971507547091,0.0717092012876464,0.500063357459616,2.69250937448815e-06,0.0559340667599654,2.35846800701693e-05,9.12367616361007e-05,0.24821028553767,0.72066381745819,0.636440566433952,0.999563629297968,0.966359320627256,7.76303646992892e-05,0.927027611399162,0.200716768345163,0.400978508147133,0.499992012141552,0.499559855764972,0.500013466963832,0.53536432112364,6.79376821854385e-05,25,0.96085407814012,1,0.75
"203200_6",0.434338822034283,0.389971507547091,0.0717092012876464,0.500063357459616,2.69250937448815e-06,0.0559340667599654,2.35846800701693e-05,9.12367616361007e-05,0.24821028553767,0.72066381745819,0.636440566433952,0.999563629297968,0.966359320627256,7.76303646992892e-05,0.927027611399162,0.200716768345163,0.400978508147133,0.499992012141552,0.499559855764972,0.500013466963832,0.53536432112364,6.79376821854385e-05,25,0.96085407814012,1,0.8125
"203200_7",0.434338822034283,0.389971507547091,0.0717092012876464,0.500063357459616,2.69250937448815e-06,0.0559340667599654,2.35846800701693e-05,9.12367616361007e-05,0.24821028553767,0.72066381745819,0.636440566433952,0.999563629297968,0.966359320627256,7.76303646992892e-05,0.927027611399162,0.200716768345163,0.400978508147133,0.499992012141552,0.499559855764972,0.500013466963832,0.53536432112364,6.79376821854385e-05,25,0.96085407814012,1,0.875
"203200_8",0.434338822034283,0.389971507547091,0.0717092012876464,0.500063357459616,2.69250937448815e-06,0.0559340667599654,2.35846800701693e-05,9.12367616361007e-05,0.24821028553767,0.72066381745819,0.636440566433952,0.999563629297968,0.966359320627256,7.76303646992892e-05,0.927027611399162,0.200716768345163,0.400978508147133,0.499992012141552,0.499559855764972,0.500013466963832,0.53536432112364,6.79376821854385e-05,25,0.96085407814012,1,0.9375
"203200_9",0.434338822034283,0.389971507547091,0.0717092012876464,0.500063357459616,2.69250937448815e-06,0.0559340667599654,2.35846800701693e-05,9.12367616361007e-05,0.24821028553767,0.72066381745819,0.636440566433952,0.999563629297968,0.966359320627256,7.76303646992892e-05,0.927027611399162,0.200716768345163,0.400978508147133,0.499992012141552,0.499559855764972,0.500013466963832,0.53536432112364,6.79376821854385e-05,25,0.96085407814012,1,1
"203201_1",0.548031868374667,0.809219790977823,0.0529856148331463,0.624176572625601,0.0383587092665749,0.0351018376462516,2.35846800701693e-05,9.12367616361007e-05,0.428524639454934,0.687066360461371,9.64684443548322e-05,0.578119760760873,0.394981519436683,0.15606951301352,0.484533271622499,0.376976311039053,0.499858107997852,0.0975900551452371,0.482268463845604,0.500013466963832,0.925817292991091,0.0638811348260304,24,0.189658993778987,1,0.5
"203201_2",0.548031868374667,0.809219790977823,0.0529856148331463,0.624176572625601,0.0383587092665749,0.0351018376462516,2.35846800701693e-05,9.12367616361007e-05,0.428524639454934,0.687066360461371,9.64684443548322e-05,0.578119760760873,0.394981519436683,0.15606951301352,0.484533271622499,0.376976311039053,0.499858107997852,0.0975900551452371,0.482268463845604,0.500013466963832,0.925817292991091,0.0638811348260304,24,0.189658993778987,1,0.5625
"203201_3",0.548031868374667,0.809219790977823,0.0529856148331463,0.624176572625601,0.0383587092665749,0.0351018376462516,2.35846800701693e-05,9.12367616361007e-05,0.428524639454934,0.687066360461371,9.64684443548322e-05,0.578119760760873,0.394981519436683,0.15606951301352,0.484533271622499,0.376976311039053,0.499858107997852,0.0975900551452371,0.482268463845604,0.500013466963832,0.925817292991091,0.0638811348260304,24,0.189658993778987,1,0.625
"203201_4",0.548031868374667,0.809219790977823,0.0529856148331463,0.624176572625601,0.0383587092665749,0.0351018376462516,2.35846800701693e-05,9.12367616361007e-05,0.428524639454934,0.687066360461371,9.64684443548322e-05,0.578119760760873,0.394981519436683,0.15606951301352,0.484533271622499,0.376976311039053,0.499858107997852,0.0975900551452371,0.482268463845604,0.500013466963832,0.925817292991091,0.0638811348260304,24,0.189658993778987,1,0.6875
"203201_5",0.548031868374667,0.809219790977823,0.0529856148331463,0.624176572625601,0.0383587092665749,0.0351018376462516,2.35846800701693e-05,9.12367616361007e-05,0.428524639454934,0.687066360461371,9.64684443548322e-05,0.578119760760873,0.394981519436683,0.15606951301352,0.484533271622499,0.376976311039053,0.499858107997852,0.0975900551452371,0.482268463845604,0.500013466963832,0.925817292991091,0.0638811348260304,24,0.189658993778987,1,0.75
"203201_6",0.548031868374667,0.809219790977823,0.0529856148331463,0.624176572625601,0.0383587092665749,0.0351018376462516,2.35846800701693e-05,9.12367616361007e-05,0.428524639454934,0.687066360461371,9.64684443548322e-05,0.578119760760873,0.394981519436683,0.15606951301352,0.484533271622499,0.376976311039053,0.499858107997852,0.0975900551452371,0.482268463845604,0.500013466963832,0.925817292991091,0.0638811348260304,24,0.189658993778987,1,0.8125
"203201_7",0.548031868374667,0.809219790977823,0.0529856148331463,0.624176572625601,0.0383587092665749,0.0351018376462516,2.35846800701693e-05,9.12367616361007e-05,0.428524639454934,0.687066360461371,9.64684443548322e-05,0.578119760760873,0.394981519436683,0.15606951301352,0.484533271622499,0.376976311039053,0.499858107997852,0.0975900551452371,0.482268463845604,0.500013466963832,0.925817292991091,0.0638811348260304,24,0.189658993778987,1,0.875
"203201_8",0.548031868374667,0.809219790977823,0.0529856148331463,0.624176572625601,0.0383587092665749,0.0351018376462516,2.35846800701693e-05,9.12367616361007e-05,0.428524639454934,0.687066360461371,9.64684443548322e-05,0.578119760760873,0.394981519436683,0.15606951301352,0.484533271622499,0.376976311039053,0.499858107997852,0.0975900551452371,0.482268463845604,0.500013466963832,0.925817292991091,0.0638811348260304,24,0.189658993778987,1,0.9375
"203201_9",0.548031868374667,0.809219790977823,0.0529856148331463,0.624176572625601,0.0383587092665749,0.0351018376462516,2.35846800701693e-05,9.12367616361007e-05,0.428524639454934,0.687066360461371,9.64684443548322e-05,0.578119760760873,0.394981519436683,0.15606951301352,0.484533271622499,0.376976311039053,0.499858107997852,0.0975900551452371,0.482268463845604,0.500013466963832,0.925817292991091,0.0638811348260304,24,0.189658993778987,1,1
"203202_1",0.616387477039627,0.609404162760905,0.0424225857380687,0.648701796141984,0.0292440850644339,3.77011053683236e-06,0.0172449129447135,0.104328694997262,0.520460359516766,0.984013736758957,0.19494162545271,0.495854396527499,0.213532643206612,0.328369381270295,0.961855221868637,0.183208105023197,0.359963123824659,0.341325093430556,0.364188911606079,0.76450143690651,0.999975606664492,0.161397586447683,8,0.40406453013537,1,0.5
"203202_2",0.616387477039627,0.609404162760905,0.0424225857380687,0.648701796141984,0.0292440850644339,3.77011053683236e-06,0.0172449129447135,0.104328694997262,0.520460359516766,0.984013736758957,0.19494162545271,0.495854396527499,0.213532643206612,0.328369381270295,0.961855221868637,0.183208105023197,0.359963123824659,0.341325093430556,0.364188911606079,0.76450143690651,0.999975606664492,0.161397586447683,8,0.40406453013537,1,0.5625
"203202_3",0.616387477039627,0.609404162760905,0.0424225857380687,0.648701796141984,0.0292440850644339,3.77011053683236e-06,0.0172449129447135,0.104328694997262,0.520460359516766,0.984013736758957,0.19494162545271,0.495854396527499,0.213532643206612,0.328369381270295,0.961855221868637,0.183208105023197,0.359963123824659,0.341325093430556,0.364188911606079,0.76450143690651,0.999975606664492,0.161397586447683,8,0.40406453013537,1,0.625
"203202_4",0.616387477039627,0.609404162760905,0.0424225857380687,0.648701796141984,0.0292440850644339,3.77011053683236e-06,0.0172449129447135,0.104328694997262,0.520460359516766,0.984013736758957,0.19494162545271,0.495854396527499,0.213532643206612,0.328369381270295,0.961855221868637,0.183208105023197,0.359963123824659,0.341325093430556,0.364188911606079,0.76450143690651,0.999975606664492,0.161397586447683,8,0.40406453013537,1,0.6875
"203202_5",0.616387477039627,0.609404162760905,0.0424225857380687,0.648701796141984,0.0292440850644339,3.77011053683236e-06,0.0172449129447135,0.104328694997262,0.520460359516766,0.984013736758957,0.19494162545271,0.495854396527499,0.213532643206612,0.328369381270295,0.961855221868637,0.183208105023197,0.359963123824659,0.341325093430556,0.364188911606079,0.76450143690651,0.999975606664492,0.161397586447683,8,0.40406453013537,1,0.75
"203202_6",0.616387477039627,0.609404162760905,0.0424225857380687,0.648701796141984,0.0292440850644339,3.77011053683236e-06,0.0172449129447135,0.104328694997262,0.520460359516766,0.984013736758957,0.19494162545271,0.495854396527499,0.213532643206612,0.328369381270295,0.961855221868637,0.183208105023197,0.359963123824659,0.341325093430556,0.364188911606079,0.76450143690651,0.999975606664492,0.161397586447683,8,0.40406453013537,1,0.8125
"203202_7",0.616387477039627,0.609404162760905,0.0424225857380687,0.648701796141984,0.0292440850644339,3.77011053683236e-06,0.0172449129447135,0.104328694997262,0.520460359516766,0.984013736758957,0.19494162545271,0.495854396527499,0.213532643206612,0.328369381270295,0.961855221868637,0.183208105023197,0.359963123824659,0.341325093430556,0.364188911606079,0.76450143690651,0.999975606664492,0.161397586447683,8,0.40406453013537,1,0.875
"203202_8",0.616387477039627,0.609404162760905,0.0424225857380687,0.648701796141984,0.0292440850644339,3.77011053683236e-06,0.0172449129447135,0.104328694997262,0.520460359516766,0.984013736758957,0.19494162545271,0.495854396527499,0.213532643206612,0.328369381270295,0.961855221868637,0.183208105023197,0.359963123824659,0.341325093430556,0.364188911606079,0.76450143690651,0.999975606664492,0.161397586447683,8,0.40406453013537,1,0.9375
"203202_9",0.616387477039627,0.609404162760905,0.0424225857380687,0.648701796141984,0.0292440850644339,3.77011053683236e-06,0.0172449129447135,0.104328694997262,0.520460359516766,0.984013736758957,0.19494162545271,0.495854396527499,0.213532643206612,0.328369381270295,0.961855221868637,0.183208105023197,0.359963123824659,0.341325093430556,0.364188911606079,0.76450143690651,0.999975606664492,0.161397586447683,8,0.40406453013537,1,1
"203301_1",0.595121224186591,0.873526348382259,0.111798762467395,0.642632221708138,0.059251217788609,0.0775079744324373,0.0945004918844459,0.589641494933119,0.51325994161119,0.411125443671112,0.961447818711401,0.523666541056348,0.24731896775368,0.131788354678676,0.47586352475543,0.170488614042049,0.246193788832912,0.0218651369276718,0.0178980495139892,0.785452936958276,0.833900103721456,0.0908180931658959,13,0.23704885310522,1,0.5
"203301_2",0.595121224186591,0.873526348382259,0.111798762467395,0.642632221708138,0.059251217788609,0.0775079744324373,0.0945004918844459,0.589641494933119,0.51325994161119,0.411125443671112,0.961447818711401,0.523666541056348,0.24731896775368,0.131788354678676,0.47586352475543,0.170488614042049,0.246193788832912,0.0218651369276718,0.0178980495139892,0.785452936958276,0.833900103721456,0.0908180931658959,13,0.23704885310522,1,0.5625
"203301_3",0.595121224186591,0.873526348382259,0.111798762467395,0.642632221708138,0.059251217788609,0.0775079744324373,0.0945004918844459,0.589641494933119,0.51325994161119,0.411125443671112,0.961447818711401,0.523666541056348,0.24731896775368,0.131788354678676,0.47586352475543,0.170488614042049,0.246193788832912,0.0218651369276718,0.0178980495139892,0.785452936958276,0.833900103721456,0.0908180931658959,13,0.23704885310522,1,0.625
"203301_4",0.595121224186591,0.873526348382259,0.111798762467395,0.642632221708138,0.059251217788609,0.0775079744324373,0.0945004918844459,0.589641494933119,0.51325994161119,0.411125443671112,0.961447818711401,0.523666541056348,0.24731896775368,0.131788354678676,0.47586352475543,0.170488614042049,0.246193788832912,0.0218651369276718,0.0178980495139892,0.785452936958276,0.833900103721456,0.0908180931658959,13,0.23704885310522,1,0.6875
"203301_5",0.595121224186591,0.873526348382259,0.111798762467395,0.642632221708138,0.059251217788609,0.0775079744324373,0.0945004918844459,0.589641494933119,0.51325994161119,0.411125443671112,0.961447818711401,0.523666541056348,0.24731896775368,0.131788354678676,0.47586352475543,0.170488614042049,0.246193788832912,0.0218651369276718,0.0178980495139892,0.785452936958276,0.833900103721456,0.0908180931658959,13,0.23704885310522,1,0.75
"203301_6",0.595121224186591,0.873526348382259,0.111798762467395,0.642632221708138,0.059251217788609,0.0775079744324373,0.0945004918844459,0.589641494933119,0.51325994161119,0.411125443671112,0.961447818711401,0.523666541056348,0.24731896775368,0.131788354678676,0.47586352475543,0.170488614042049,0.246193788832912,0.0218651369276718,0.0178980495139892,0.785452936958276,0.833900103721456,0.0908180931658959,13,0.23704885310522,1,0.8125
"203301_7",0.595121224186591,0.873526348382259,0.111798762467395,0.642632221708138,0.059251217788609,0.0775079744324373,0.0945004918844459,0.589641494933119,0.51325994161119,0.411125443671112,0.961447818711401,0.523666541056348,0.24731896775368,0.131788354678676,0.47586352475543,0.170488614042049,0.246193788832912,0.0218651369276718,0.0178980495139892,0.785452936958276,0.833900103721456,0.0908180931658959,13,0.23704885310522,1,0.875
"203301_8",0.595121224186591,0.873526348382259,0.111798762467395,0.642632221708138,0.059251217788609,0.0775079744324373,0.0945004918844459,0.589641494933119,0.51325994161119,0.411125443671112,0.961447818711401,0.523666541056348,0.24731896775368,0.131788354678676,0.47586352475543,0.170488614042049,0.246193788832912,0.0218651369276718,0.0178980495139892,0.785452936958276,0.833900103721456,0.0908180931658959,13,0.23704885310522,1,0.9375
"203301_9",0.595121224186591,0.873526348382259,0.111798762467395,0.642632221708138,0.059251217788609,0.0775079744324373,0.0945004918844459,0.589641494933119,0.51325994161119,0.411125443671112,0.961447818711401,0.523666541056348,0.24731896775368,0.131788354678676,0.47586352475543,0.170488614042049,0.246193788832912,0.0218651369276718,0.0178980495139892,0.785452936958276,0.833900103721456,0.0908180931658959,13,0.23704885310522,1,1
"203401_1",0.475434223697915,0.999963109878346,0.0902748518886339,0.573265985145056,0.0770937019684478,0.0873317423805782,0.105371826896241,0.500875809923702,0.72628316080608,0.648469297806194,0.656028122759841,0.602011770056517,0.386741493022345,0.0546032039599088,0.19116691650539,0.087563543952073,0.153697019849354,0.00152692155378703,0.179236912678294,0.862111801603634,0.860700399859005,0.0589399944808063,10,0.70815860434506,1,0.5
"203401_2",0.475434223697915,0.999963109878346,0.0902748518886339,0.573265985145056,0.0770937019684478,0.0873317423805782,0.105371826896241,0.500875809923702,0.72628316080608,0.648469297806194,0.656028122759841,0.602011770056517,0.386741493022345,0.0546032039599088,0.19116691650539,0.087563543952073,0.153697019849354,0.00152692155378703,0.179236912678294,0.862111801603634,0.860700399859005,0.0589399944808063,10,0.70815860434506,1,0.5625
"203401_3",0.475434223697915,0.999963109878346,0.0902748518886339,0.573265985145056,0.0770937019684478,0.0873317423805782,0.105371826896241,0.500875809923702,0.72628316080608,0.648469297806194,0.656028122759841,0.602011770056517,0.386741493022345,0.0546032039599088,0.19116691650539,0.087563543952073,0.153697019849354,0.00152692155378703,0.179236912678294,0.862111801603634,0.860700399859005,0.0589399944808063,10,0.70815860434506,1,0.625
"203401_4",0.475434223697915,0.999963109878346,0.0902748518886339,0.573265985145056,0.0770937019684478,0.0873317423805782,0.105371826896241,0.500875809923702,0.72628316080608,0.648469297806194,0.656028122759841,0.602011770056517,0.386741493022345,0.0546032039599088,0.19116691650539,0.087563543952073,0.153697019849354,0.00152692155378703,0.179236912678294,0.862111801603634,0.860700399859005,0.0589399944808063,10,0.70815860434506,1,0.6875
"203401_5",0.475434223697915,0.999963109878346,0.0902748518886339,0.573265985145056,0.0770937019684478,0.0873317423805782,0.105371826896241,0.500875809923702,0.72628316080608,0.648469297806194,0.656028122759841,0.602011770056517,0.386741493022345,0.0546032039599088,0.19116691650539,0.087563543952073,0.153697019849354,0.00152692155378703,0.179236912678294,0.862111801603634,0.860700399859005,0.0589399944808063,10,0.70815860434506,1,0.75
"203401_6",0.475434223697915,0.999963109878346,0.0902748518886339,0.573265985145056,0.0770937019684478,0.0873317423805782,0.105371826896241,0.500875809923702,0.72628316080608,0.648469297806194,0.656028122759841,0.602011770056517,0.386741493022345,0.0546032039599088,0.19116691650539,0.087563543952073,0.153697019849354,0.00152692155378703,0.179236912678294,0.862111801603634,0.860700399859005,0.0589399944808063,10,0.70815860434506,1,0.8125
"203401_7",0.475434223697915,0.999963109878346,0.0902748518886339,0.573265985145056,0.0770937019684478,0.0873317423805782,0.105371826896241,0.500875809923702,0.72628316080608,0.648469297806194,0.656028122759841,0.602011770056517,0.386741493022345,0.0546032039599088,0.19116691650539,0.087563543952073,0.153697019849354,0.00152692155378703,0.179236912678294,0.862111801603634,0.860700399859005,0.0589399944808063,10,0.70815860434506,1,0.875
"203401_8",0.475434223697915,0.999963109878346,0.0902748518886339,0.573265985145056,0.0770937019684478,0.0873317423805782,0.105371826896241,0.500875809923702,0.72628316080608,0.648469297806194,0.656028122759841,0.602011770056517,0.386741493022345,0.0546032039599088,0.19116691650539,0.087563543952073,0.153697019849354,0.00152692155378703,0.179236912678294,0.862111801603634,0.860700399859005,0.0589399944808063,10,0.70815860434506,1,0.9375
"203401_9",0.475434223697915,0.999963109878346,0.0902748518886339,0.573265985145056,0.0770937019684478,0.0873317423805782,0.105371826896241,0.500875809923702,0.72628316080608,0.648469297806194,0.656028122759841,0.602011770056517,0.386741493022345,0.0546032039599088,0.19116691650539,0.087563543952073,0.153697019849354,0.00152692155378703,0.179236912678294,0.862111801603634,0.860700399859005,0.0589399944808063,10,0.70815860434506,1,1
"203501_1",0.164885680599292,0.514208357516207,0.0525519142729689,0.500063357459616,0.0926331594926766,0.113163748365625,0.119995094177388,0.925778308930992,0.835494959518518,0.813483442055921,0.626775565137256,0.537747740174317,0.419418561818676,0.198332670702808,0.688392198450542,0.0665360073262244,0.234668930914461,0.0774468940991189,0.398721353855011,0.836688634330778,0.873998195102604,0.199977819074129,12,0.49258005437118,1,0.5
"203501_2",0.164885680599292,0.514208357516207,0.0525519142729689,0.500063357459616,0.0926331594926766,0.113163748365625,0.119995094177388,0.925778308930992,0.835494959518518,0.813483442055921,0.626775565137256,0.537747740174317,0.419418561818676,0.198332670702808,0.688392198450542,0.0665360073262244,0.234668930914461,0.0774468940991189,0.398721353855011,0.836688634330778,0.873998195102604,0.199977819074129,12,0.49258005437118,1,0.5625
"203501_3",0.164885680599292,0.514208357516207,0.0525519142729689,0.500063357459616,0.0926331594926766,0.113163748365625,0.119995094177388,0.925778308930992,0.835494959518518,0.813483442055921,0.626775565137256,0.537747740174317,0.419418561818676,0.198332670702808,0.688392198450542,0.0665360073262244,0.234668930914461,0.0774468940991189,0.398721353855011,0.836688634330778,0.873998195102604,0.199977819074129,12,0.49258005437118,1,0.625
"203501_4",0.164885680599292,0.514208357516207,0.0525519142729689,0.500063357459616,0.0926331594926766,0.113163748365625,0.119995094177388,0.925778308930992,0.835494959518518,0.813483442055921,0.626775565137256,0.537747740174317,0.419418561818676,0.198332670702808,0.688392198450542,0.0665360073262244,0.234668930914461,0.0774468940991189,0.398721353855011,0.836688634330778,0.873998195102604,0.199977819074129,12,0.49258005437118,1,0.6875
"203501_5",0.164885680599292,0.514208357516207,0.0525519142729689,0.500063357459616,0.0926331594926766,0.113163748365625,0.119995094177388,0.925778308930992,0.835494959518518,0.813483442055921,0.626775565137256,0.537747740174317,0.419418561818676,0.198332670702808,0.688392198450542,0.0665360073262244,0.234668930914461,0.0774468940991189,0.398721353855011,0.836688634330778,0.873998195102604,0.199977819074129,12,0.49258005437118,1,0.75
"203501_6",0.164885680599292,0.514208357516207,0.0525519142729689,0.500063357459616,0.0926331594926766,0.113163748365625,0.119995094177388,0.925778308930992,0.835494959518518,0.813483442055921,0.626775565137256,0.537747740174317,0.419418561818676,0.198332670702808,0.688392198450542,0.0665360073262244,0.234668930914461,0.0774468940991189,0.398721353855011,0.836688634330778,0.873998195102604,0.199977819074129,12,0.49258005437118,1,0.8125
"203501_7",0.164885680599292,0.514208357516207,0.0525519142729689,0.500063357459616,0.0926331594926766,0.113163748365625,0.119995094177388,0.925778308930992,0.835494959518518,0.813483442055921,0.626775565137256,0.537747740174317,0.419418561818676,0.198332670702808,0.688392198450542,0.0665360073262244,0.234668930914461,0.0774468940991189,0.398721353855011,0.836688634330778,0.873998195102604,0.199977819074129,12,0.49258005437118,1,0.875
"203501_8",0.164885680599292,0.514208357516207,0.0525519142729689,0.500063357459616,0.0926331594926766,0.113163748365625,0.119995094177388,0.925778308930992,0.835494959518518,0.813483442055921,0.626775565137256,0.537747740174317,0.419418561818676,0.198332670702808,0.688392198450542,0.0665360073262244,0.234668930914461,0.0774468940991189,0.398721353855011,0.836688634330778,0.873998195102604,0.199977819074129,12,0.49258005437118,1,0.9375
"203501_9",0.164885680599292,0.514208357516207,0.0525519142729689,0.500063357459616,0.0926331594926766,0.113163748365625,0.119995094177388,0.925778308930992,0.835494959518518,0.813483442055921,0.626775565137256,0.537747740174317,0.419418561818676,0.198332670702808,0.688392198450542,0.0665360073262244,0.234668930914461,0.0774468940991189,0.398721353855011,0.836688634330778,0.873998195102604,0.199977819074129,12,0.49258005437118,1,1
"203700_1",0.998963837536865,0.774810524586934,0.0874400240683936,0.751892916794605,0.077053114410642,0.0352186002756307,0.0777449627003937,0.768054798698569,0.758144775719315,0.126213467899476,0.747563814770337,6.33614411693998e-05,0.0437150475876872,0.405504900931371,0.442352979285222,0.209904191913678,0.338512120020095,0.088723875644708,1.47106448851991e-05,0.854095430360812,0.9082496425876,0.154802727738699,20,0.0957147039638784,1,0.5
"203700_2",0.998963837536865,0.774810524586934,0.0874400240683936,0.751892916794605,0.077053114410642,0.0352186002756307,0.0777449627003937,0.768054798698569,0.758144775719315,0.126213467899476,0.747563814770337,6.33614411693998e-05,0.0437150475876872,0.405504900931371,0.442352979285222,0.209904191913678,0.338512120020095,0.088723875644708,1.47106448851991e-05,0.854095430360812,0.9082496425876,0.154802727738699,20,0.0957147039638784,1,0.5625
"203700_3",0.998963837536865,0.774810524586934,0.0874400240683936,0.751892916794605,0.077053114410642,0.0352186002756307,0.0777449627003937,0.768054798698569,0.758144775719315,0.126213467899476,0.747563814770337,6.33614411693998e-05,0.0437150475876872,0.405504900931371,0.442352979285222,0.209904191913678,0.338512120020095,0.088723875644708,1.47106448851991e-05,0.854095430360812,0.9082496425876,0.154802727738699,20,0.0957147039638784,1,0.625
"203700_4",0.998963837536865,0.774810524586934,0.0874400240683936,0.751892916794605,0.077053114410642,0.0352186002756307,0.0777449627003937,0.768054798698569,0.758144775719315,0.126213467899476,0.747563814770337,6.33614411693998e-05,0.0437150475876872,0.405504900931371,0.442352979285222,0.209904191913678,0.338512120020095,0.088723875644708,1.47106448851991e-05,0.854095430360812,0.9082496425876,0.154802727738699,20,0.0957147039638784,1,0.6875
"203700_5",0.998963837536865,0.774810524586934,0.0874400240683936,0.751892916794605,0.077053114410642,0.0352186002756307,0.0777449627003937,0.768054798698569,0.758144775719315,0.126213467899476,0.747563814770337,6.33614411693998e-05,0.0437150475876872,0.405504900931371,0.442352979285222,0.209904191913678,0.338512120020095,0.088723875644708,1.47106448851991e-05,0.854095430360812,0.9082496425876,0.154802727738699,20,0.0957147039638784,1,0.75
"203700_6",0.998963837536865,0.774810524586934,0.0874400240683936,0.751892916794605,0.077053114410642,0.0352186002756307,0.0777449627003937,0.768054798698569,0.758144775719315,0.126213467899476,0.747563814770337,6.33614411693998e-05,0.0437150475876872,0.405504900931371,0.442352979285222,0.209904191913678,0.338512120020095,0.088723875644708,1.47106448851991e-05,0.854095430360812,0.9082496425876,0.154802727738699,20,0.0957147039638784,1,0.8125
"203700_7",0.998963837536865,0.774810524586934,0.0874400240683936,0.751892916794605,0.077053114410642,0.0352186002756307,0.0777449627003937,0.768054798698569,0.758144775719315,0.126213467899476,0.747563814770337,6.33614411693998e-05,0.0437150475876872,0.405504900931371,0.442352979285222,0.209904191913678,0.338512120020095,0.088723875644708,1.47106448851991e-05,0.854095430360812,0.9082496425876,0.154802727738699,20,0.0957147039638784,1,0.875
"203700_8",0.998963837536865,0.774810524586934,0.0874400240683936,0.751892916794605,0.077053114410642,0.0352186002756307,0.0777449627003937,0.768054798698569,0.758144775719315,0.126213467899476,0.747563814770337,6.33614411693998e-05,0.0437150475876872,0.405504900931371,0.442352979285222,0.209904191913678,0.338512120020095,0.088723875644708,1.47106448851991e-05,0.854095430360812,0.9082496425876,0.154802727738699,20,0.0957147039638784,1,0.9375
"203700_9",0.998963837536865,0.774810524586934,0.0874400240683936,0.751892916794605,0.077053114410642,0.0352186002756307,0.0777449627003937,0.768054798698569,0.758144775719315,0.126213467899476,0.747563814770337,6.33614411693998e-05,0.0437150475876872,0.405504900931371,0.442352979285222,0.209904191913678,0.338512120020095,0.088723875644708,1.47106448851991e-05,0.854095430360812,0.9082496425876,0.154802727738699,20,0.0957147039638784,1,1
"203702_1",0.653669588719555,0.519654060896559,0.21078818695307,0.702569289242831,0.0432178775217331,0.0345156154014544,0.0265683922856064,0.11971600002063,0.0154563206016897,0.592611195766173,0.430799126066397,0.831450107169504,0.430666216024116,7.76303646992892e-05,0.855685566313314,0.00030305628819158,0.150248314472388,0.441426175668139,0.102866430427765,0.513416702858022,0.631696479286578,6.79376821854385e-05,29,0.276531394389085,1,0.5
"203702_2",0.653669588719555,0.519654060896559,0.21078818695307,0.702569289242831,0.0432178775217331,0.0345156154014544,0.0265683922856064,0.11971600002063,0.0154563206016897,0.592611195766173,0.430799126066397,0.831450107169504,0.430666216024116,7.76303646992892e-05,0.855685566313314,0.00030305628819158,0.150248314472388,0.441426175668139,0.102866430427765,0.513416702858022,0.631696479286578,6.79376821854385e-05,29,0.276531394389085,1,0.5625
"203702_3",0.653669588719555,0.519654060896559,0.21078818695307,0.702569289242831,0.0432178775217331,0.0345156154014544,0.0265683922856064,0.11971600002063,0.0154563206016897,0.592611195766173,0.430799126066397,0.831450107169504,0.430666216024116,7.76303646992892e-05,0.855685566313314,0.00030305628819158,0.150248314472388,0.441426175668139,0.102866430427765,0.513416702858022,0.631696479286578,6.79376821854385e-05,29,0.276531394389085,1,0.625
"203702_4",0.653669588719555,0.519654060896559,0.21078818695307,0.702569289242831,0.0432178775217331,0.0345156154014544,0.0265683922856064,0.11971600002063,0.0154563206016897,0.592611195766173,0.430799126066397,0.831450107169504,0.430666216024116,7.76303646992892e-05,0.855685566313314,0.00030305628819158,0.150248314472388,0.441426175668139,0.102866430427765,0.513416702858022,0.631696479286578,6.79376821854385e-05,29,0.276531394389085,1,0.6875
"203702_5",0.653669588719555,0.519654060896559,0.21078818695307,0.702569289242831,0.0432178775217331,0.0345156154014544,0.0265683922856064,0.11971600002063,0.0154563206016897,0.592611195766173,0.430799126066397,0.831450107169504,0.430666216024116,7.76303646992892e-05,0.855685566313314,0.00030305628819158,0.150248314472388,0.441426175668139,0.102866430427765,0.513416702858022,0.631696479286578,6.79376821854385e-05,29,0.276531394389085,1,0.75
"203702_6",0.653669588719555,0.519654060896559,0.21078818695307,0.702569289242831,0.0432178775217331,0.0345156154014544,0.0265683922856064,0.11971600002063,0.0154563206016897,0.592611195766173,0.430799126066397,0.831450107169504,0.430666216024116,7.76303646992892e-05,0.855685566313314,0.00030305628819158,0.150248314472388,0.441426175668139,0.102866430427765,0.513416702858022,0.631696479286578,6.79376821854385e-05,29,0.276531394389085,1,0.8125
"203702_7",0.653669588719555,0.519654060896559,0.21078818695307,0.702569289242831,0.0432178775217331,0.0345156154014544,0.0265683922856064,0.11971600002063,0.0154563206016897,0.592611195766173,0.430799126066397,0.831450107169504,0.430666216024116,7.76303646992892e-05,0.855685566313314,0.00030305628819158,0.150248314472388,0.441426175668139,0.102866430427765,0.513416702858022,0.631696479286578,6.79376821854385e-05,29,0.276531394389085,1,0.875
"203702_8",0.653669588719555,0.519654060896559,0.21078818695307,0.702569289242831,0.0432178775217331,0.0345156154014544,0.0265683922856064,0.11971600002063,0.0154563206016897,0.592611195766173,0.430799126066397,0.831450107169504,0.430666216024116,7.76303646992892e-05,0.855685566313314,0.00030305628819158,0.150248314472388,0.441426175668139,0.102866430427765,0.513416702858022,0.631696479286578,6.79376821854385e-05,29,0.276531394389085,1,0.9375
"203702_9",0.653669588719555,0.519654060896559,0.21078818695307,0.702569289242831,0.0432178775217331,0.0345156154014544,0.0265683922856064,0.11971600002063,0.0154563206016897,0.592611195766173,0.430799126066397,0.831450107169504,0.430666216024116,7.76303646992892e-05,0.855685566313314,0.00030305628819158,0.150248314472388,0.441426175668139,0.102866430427765,0.513416702858022,0.631696479286578,6.79376821854385e-05,29,0.276531394389085,1,1
"203800_1",0.999852021087501,0.490060458888231,0.0447965113382245,0.564780698521376,2.69250937448815e-06,3.77011053683236e-06,0.0953739751556334,0.0235470551319734,0.298113838482807,0.600708001359707,0.999795092571648,0.368284434198091,0.237228076475917,0.280691462735941,0.999991596603808,0.0840950928561583,0.490192106401235,0.276190567521147,0.114748524140663,0.999990134470386,0.890053777301011,0.191486683103854,17,0.170345810712427,1,0.5
"203800_2",0.999852021087501,0.490060458888231,0.0447965113382245,0.564780698521376,2.69250937448815e-06,3.77011053683236e-06,0.0953739751556334,0.0235470551319734,0.298113838482807,0.600708001359707,0.999795092571648,0.368284434198091,0.237228076475917,0.280691462735941,0.999991596603808,0.0840950928561583,0.490192106401235,0.276190567521147,0.114748524140663,0.999990134470386,0.890053777301011,0.191486683103854,17,0.170345810712427,1,0.5625
"203800_3",0.999852021087501,0.490060458888231,0.0447965113382245,0.564780698521376,2.69250937448815e-06,3.77011053683236e-06,0.0953739751556334,0.0235470551319734,0.298113838482807,0.600708001359707,0.999795092571648,0.368284434198091,0.237228076475917,0.280691462735941,0.999991596603808,0.0840950928561583,0.490192106401235,0.276190567521147,0.114748524140663,0.999990134470386,0.890053777301011,0.191486683103854,17,0.170345810712427,1,0.625
"203800_4",0.999852021087501,0.490060458888231,0.0447965113382245,0.564780698521376,2.69250937448815e-06,3.77011053683236e-06,0.0953739751556334,0.0235470551319734,0.298113838482807,0.600708001359707,0.999795092571648,0.368284434198091,0.237228076475917,0.280691462735941,0.999991596603808,0.0840950928561583,0.490192106401235,0.276190567521147,0.114748524140663,0.999990134470386,0.890053777301011,0.191486683103854,17,0.170345810712427,1,0.6875
"203800_5",0.999852021087501,0.490060458888231,0.0447965113382245,0.564780698521376,2.69250937448815e-06,3.77011053683236e-06,0.0953739751556334,0.0235470551319734,0.298113838482807,0.600708001359707,0.999795092571648,0.368284434198091,0.237228076475917,0.280691462735941,0.999991596603808,0.0840950928561583,0.490192106401235,0.276190567521147,0.114748524140663,0.999990134470386,0.890053777301011,0.191486683103854,17,0.170345810712427,1,0.75
"203800_6",0.999852021087501,0.490060458888231,0.0447965113382245,0.564780698521376,2.69250937448815e-06,3.77011053683236e-06,0.0953739751556334,0.0235470551319734,0.298113838482807,0.600708001359707,0.999795092571648,0.368284434198091,0.237228076475917,0.280691462735941,0.999991596603808,0.0840950928561583,0.490192106401235,0.276190567521147,0.114748524140663,0.999990134470386,0.890053777301011,0.191486683103854,17,0.170345810712427,1,0.8125
"203800_7",0.999852021087501,0.490060458888231,0.0447965113382245,0.564780698521376,2.69250937448815e-06,3.77011053683236e-06,0.0953739751556334,0.0235470551319734,0.298113838482807,0.600708001359707,0.999795092571648,0.368284434198091,0.237228076475917,0.280691462735941,0.999991596603808,0.0840950928561583,0.490192106401235,0.276190567521147,0.114748524140663,0.999990134470386,0.890053777301011,0.191486683103854,17,0.170345810712427,1,0.875
"203800_8",0.999852021087501,0.490060458888231,0.0447965113382245,0.564780698521376,2.69250937448815e-06,3.77011053683236e-06,0.0953739751556334,0.0235470551319734,0.298113838482807,0.600708001359707,0.999795092571648,0.368284434198091,0.237228076475917,0.280691462735941,0.999991596603808,0.0840950928561583,0.490192106401235,0.276190567521147,0.114748524140663,0.999990134470386,0.890053777301011,0.191486683103854,17,0.170345810712427,1,0.9375
"203800_9",0.999852021087501,0.490060458888231,0.0447965113382245,0.564780698521376,2.69250937448815e-06,3.77011053683236e-06,0.0953739751556334,0.0235470551319734,0.298113838482807,0.600708001359707,0.999795092571648,0.368284434198091,0.237228076475917,0.280691462735941,0.999991596603808,0.0840950928561583,0.490192106401235,0.276190567521147,0.114748524140663,0.999990134470386,0.890053777301011,0.191486683103854,17,0.170345810712427,1,1
"203804_1",0.620446529882127,0.979147277921035,0.0194637459623095,0.500063357459616,0.0216933050191154,0.0950389006665079,0.0722449707362899,0.607441785586123,0.758665793362842,0.695676537997438,0.330420852633842,0.949045867048649,0.573789704283175,7.76303646992892e-05,0.57433584172202,0.112147105909564,0.499858107997852,0.0791615934796376,0.426548720576545,0.735678770279813,0.999975606664492,0.117718610274111,14,0.628199277387835,1,0.5
"203804_2",0.620446529882127,0.979147277921035,0.0194637459623095,0.500063357459616,0.0216933050191154,0.0950389006665079,0.0722449707362899,0.607441785586123,0.758665793362842,0.695676537997438,0.330420852633842,0.949045867048649,0.573789704283175,7.76303646992892e-05,0.57433584172202,0.112147105909564,0.499858107997852,0.0791615934796376,0.426548720576545,0.735678770279813,0.999975606664492,0.117718610274111,14,0.628199277387835,1,0.5625
"203804_3",0.620446529882127,0.979147277921035,0.0194637459623095,0.500063357459616,0.0216933050191154,0.0950389006665079,0.0722449707362899,0.607441785586123,0.758665793362842,0.695676537997438,0.330420852633842,0.949045867048649,0.573789704283175,7.76303646992892e-05,0.57433584172202,0.112147105909564,0.499858107997852,0.0791615934796376,0.426548720576545,0.735678770279813,0.999975606664492,0.117718610274111,14,0.628199277387835,1,0.625
"203804_4",0.620446529882127,0.979147277921035,0.0194637459623095,0.500063357459616,0.0216933050191154,0.0950389006665079,0.0722449707362899,0.607441785586123,0.758665793362842,0.695676537997438,0.330420852633842,0.949045867048649,0.573789704283175,7.76303646992892e-05,0.57433584172202,0.112147105909564,0.499858107997852,0.0791615934796376,0.426548720576545,0.735678770279813,0.999975606664492,0.117718610274111,14,0.628199277387835,1,0.6875
"203804_5",0.620446529882127,0.979147277921035,0.0194637459623095,0.500063357459616,0.0216933050191154,0.0950389006665079,0.0722449707362899,0.607441785586123,0.758665793362842,0.695676537997438,0.330420852633842,0.949045867048649,0.573789704283175,7.76303646992892e-05,0.57433584172202,0.112147105909564,0.499858107997852,0.0791615934796376,0.426548720576545,0.735678770279813,0.999975606664492,0.117718610274111,14,0.628199277387835,1,0.75
"203804_6",0.620446529882127,0.979147277921035,0.0194637459623095,0.500063357459616,0.0216933050191154,0.0950389006665079,0.0722449707362899,0.607441785586123,0.758665793362842,0.695676537997438,0.330420852633842,0.949045867048649,0.573789704283175,7.76303646992892e-05,0.57433584172202,0.112147105909564,0.499858107997852,0.0791615934796376,0.426548720576545,0.735678770279813,0.999975606664492,0.117718610274111,14,0.628199277387835,1,0.8125
"203804_7",0.620446529882127,0.979147277921035,0.0194637459623095,0.500063357459616,0.0216933050191154,0.0950389006665079,0.0722449707362899,0.607441785586123,0.758665793362842,0.695676537997438,0.330420852633842,0.949045867048649,0.573789704283175,7.76303646992892e-05,0.57433584172202,0.112147105909564,0.499858107997852,0.0791615934796376,0.426548720576545,0.735678770279813,0.999975606664492,0.117718610274111,14,0.628199277387835,1,0.875
"203804_8",0.620446529882127,0.979147277921035,0.0194637459623095,0.500063357459616,0.0216933050191154,0.0950389006665079,0.0722449707362899,0.607441785586123,0.758665793362842,0.695676537997438,0.330420852633842,0.949045867048649,0.573789704283175,7.76303646992892e-05,0.57433584172202,0.112147105909564,0.499858107997852,0.0791615934796376,0.426548720576545,0.735678770279813,0.999975606664492,0.117718610274111,14,0.628199277387835,1,0.9375
"203804_9",0.620446529882127,0.979147277921035,0.0194637459623095,0.500063357459616,0.0216933050191154,0.0950389006665079,0.0722449707362899,0.607441785586123,0.758665793362842,0.695676537997438,0.330420852633842,0.949045867048649,0.573789704283175,7.76303646992892e-05,0.57433584172202,0.112147105909564,0.499858107997852,0.0791615934796376,0.426548720576545,0.735678770279813,0.999975606664492,0.117718610274111,14,0.628199277387835,1,1
"203899_1",0.55091191700608,0.96625058280333,0.136210788304817,0.500063357459616,0.0558629232983415,0.11453991934362,0.119017827279998,0.999640291173093,0.785248611723475,0.81512336970484,0.376859261011372,0.753263907683993,0.491999370942179,0.180337350629379,0.517085263440852,0.00030305628819158,0.23020722573919,0.00010701302640605,0.0921555947466907,0.59034356389533,0.999975606664492,0.11680184414738,14,0.593288565409134,1,0.5
"203899_2",0.55091191700608,0.96625058280333,0.136210788304817,0.500063357459616,0.0558629232983415,0.11453991934362,0.119017827279998,0.999640291173093,0.785248611723475,0.81512336970484,0.376859261011372,0.753263907683993,0.491999370942179,0.180337350629379,0.517085263440852,0.00030305628819158,0.23020722573919,0.00010701302640605,0.0921555947466907,0.59034356389533,0.999975606664492,0.11680184414738,14,0.593288565409134,1,0.5625
"203899_3",0.55091191700608,0.96625058280333,0.136210788304817,0.500063357459616,0.0558629232983415,0.11453991934362,0.119017827279998,0.999640291173093,0.785248611723475,0.81512336970484,0.376859261011372,0.753263907683993,0.491999370942179,0.180337350629379,0.517085263440852,0.00030305628819158,0.23020722573919,0.00010701302640605,0.0921555947466907,0.59034356389533,0.999975606664492,0.11680184414738,14,0.593288565409134,1,0.625
"203899_4",0.55091191700608,0.96625058280333,0.136210788304817,0.500063357459616,0.0558629232983415,0.11453991934362,0.119017827279998,0.999640291173093,0.785248611723475,0.81512336970484,0.376859261011372,0.753263907683993,0.491999370942179,0.180337350629379,0.517085263440852,0.00030305628819158,0.23020722573919,0.00010701302640605,0.0921555947466907,0.59034356389533,0.999975606664492,0.11680184414738,14,0.593288565409134,1,0.6875
"203899_5",0.55091191700608,0.96625058280333,0.136210788304817,0.500063357459616,0.0558629232983415,0.11453991934362,0.119017827279998,0.999640291173093,0.785248611723475,0.81512336970484,0.376859261011372,0.753263907683993,0.491999370942179,0.180337350629379,0.517085263440852,0.00030305628819158,0.23020722573919,0.00010701302640605,0.0921555947466907,0.59034356389533,0.999975606664492,0.11680184414738,14,0.593288565409134,1,0.75
"203899_6",0.55091191700608,0.96625058280333,0.136210788304817,0.500063357459616,0.0558629232983415,0.11453991934362,0.119017827279998,0.999640291173093,0.785248611723475,0.81512336970484,0.376859261011372,0.753263907683993,0.491999370942179,0.180337350629379,0.517085263440852,0.00030305628819158,0.23020722573919,0.00010701302640605,0.0921555947466907,0.59034356389533,0.999975606664492,0.11680184414738,14,0.593288565409134,1,0.8125
"203899_7",0.55091191700608,0.96625058280333,0.136210788304817,0.500063357459616,0.0558629232983415,0.11453991934362,0.119017827279998,0.999640291173093,0.785248611723475,0.81512336970484,0.376859261011372,0.753263907683993,0.491999370942179,0.180337350629379,0.517085263440852,0.00030305628819158,0.23020722573919,0.00010701302640605,0.0921555947466907,0.59034356389533,0.999975606664492,0.11680184414738,14,0.593288565409134,1,0.875
"203899_8",0.55091191700608,0.96625058280333,0.136210788304817,0.500063357459616,0.0558629232983415,0.11453991934362,0.119017827279998,0.999640291173093,0.785248611723475,0.81512336970484,0.376859261011372,0.753263907683993,0.491999370942179,0.180337350629379,0.517085263440852,0.00030305628819158,0.23020722573919,0.00010701302640605,0.0921555947466907,0.59034356389533,0.999975606664492,0.11680184414738,14,0.593288565409134,1,0.9375
"203899_9",0.55091191700608,0.96625058280333,0.136210788304817,0.500063357459616,0.0558629232983415,0.11453991934362,0.119017827279998,0.999640291173093,0.785248611723475,0.81512336970484,0.376859261011372,0.753263907683993,0.491999370942179,0.180337350629379,0.517085263440852,0.00030305628819158,0.23020722573919,0.00010701302640605,0.0921555947466907,0.59034356389533,0.999975606664492,0.11680184414738,14,0.593288565409134,1,1
"203900_1",0.78350015293315,0.546562418585291,0.109567562366557,0.610684162712738,0.0425456367336143,0.0334724922706709,0.0711170812350289,0.330892977948001,0.516014589940863,0.463696664018145,0.873810272339838,0.65426477045595,0.410668765684301,0.100656762489889,0.878090318614346,0.0387018886619077,0.21598356890456,0.336869760192851,0.136745286409901,0.831319048791002,0.738512033879078,0.0269212719442759,21,0.49161216418946,1,0.5
"203900_2",0.78350015293315,0.546562418585291,0.109567562366557,0.610684162712738,0.0425456367336143,0.0334724922706709,0.0711170812350289,0.330892977948001,0.516014589940863,0.463696664018145,0.873810272339838,0.65426477045595,0.410668765684301,0.100656762489889,0.878090318614346,0.0387018886619077,0.21598356890456,0.336869760192851,0.136745286409901,0.831319048791002,0.738512033879078,0.0269212719442759,21,0.49161216418946,1,0.5625
"203900_3",0.78350015293315,0.546562418585291,0.109567562366557,0.610684162712738,0.0425456367336143,0.0334724922706709,0.0711170812350289,0.330892977948001,0.516014589940863,0.463696664018145,0.873810272339838,0.65426477045595,0.410668765684301,0.100656762489889,0.878090318614346,0.0387018886619077,0.21598356890456,0.336869760192851,0.136745286409901,0.831319048791002,0.738512033879078,0.0269212719442759,21,0.49161216418946,1,0.625
"203900_4",0.78350015293315,0.546562418585291,0.109567562366557,0.610684162712738,0.0425456367336143,0.0334724922706709,0.0711170812350289,0.330892977948001,0.516014589940863,0.463696664018145,0.873810272339838,0.65426477045595,0.410668765684301,0.100656762489889,0.878090318614346,0.0387018886619077,0.21598356890456,0.336869760192851,0.136745286409901,0.831319048791002,0.738512033879078,0.0269212719442759,21,0.49161216418946,1,0.6875
"203900_5",0.78350015293315,0.546562418585291,0.109567562366557,0.610684162712738,0.0425456367336143,0.0334724922706709,0.0711170812350289,0.330892977948001,0.516014589940863,0.463696664018145,0.873810272339838,0.65426477045595,0.410668765684301,0.100656762489889,0.878090318614346,0.0387018886619077,0.21598356890456,0.336869760192851,0.136745286409901,0.831319048791002,0.738512033879078,0.0269212719442759,21,0.49161216418946,1,0.75
"203900_6",0.78350015293315,0.546562418585291,0.109567562366557,0.610684162712738,0.0425456367336143,0.0334724922706709,0.0711170812350289,0.330892977948001,0.516014589940863,0.463696664018145,0.873810272339838,0.65426477045595,0.410668765684301,0.100656762489889,0.878090318614346,0.0387018886619077,0.21598356890456,0.336869760192851,0.136745286409901,0.831319048791002,0.738512033879078,0.0269212719442759,21,0.49161216418946,1,0.8125
"203900_7",0.78350015293315,0.546562418585291,0.109567562366557,0.610684162712738,0.0425456367336143,0.0334724922706709,0.0711170812350289,0.330892977948001,0.516014589940863,0.463696664018145,0.873810272339838,0.65426477045595,0.410668765684301,0.100656762489889,0.878090318614346,0.0387018886619077,0.21598356890456,0.336869760192851,0.136745286409901,0.831319048791002,0.738512033879078,0.0269212719442759,21,0.49161216418946,1,0.875
"203900_8",0.78350015293315,0.546562418585291,0.109567562366557,0.610684162712738,0.0425456367336143,0.0334724922706709,0.0711170812350289,0.330892977948001,0.516014589940863,0.463696664018145,0.873810272339838,0.65426477045595,0.410668765684301,0.100656762489889,0.878090318614346,0.0387018886619077,0.21598356890456,0.336869760192851,0.136745286409901,0.831319048791002,0.738512033879078,0.0269212719442759,21,0.49161216418946,1,0.9375
"203900_9",0.78350015293315,0.546562418585291,0.109567562366557,0.610684162712738,0.0425456367336143,0.0334724922706709,0.0711170812350289,0.330892977948001,0.516014589940863,0.463696664018145,0.873810272339838,0.65426477045595,0.410668765684301,0.100656762489889,0.878090318614346,0.0387018886619077,0.21598356890456,0.336869760192851,0.136745286409901,0.831319048791002,0.738512033879078,0.0269212719442759,21,0.49161216418946,1,1
"204000_1",0.119048387227613,0.854510833047334,0.067735230853168,0.699488982371118,0.0804536289351367,0.0482207580418676,0.0136527882758647,0.0184685140765556,0.944349324805642,0.54203745046694,0.243610234772838,0.464742269348962,0.263028063322382,7.76303646992892e-05,0.405574449012015,0.499989724523516,0.234275275875625,0.089485936354168,0.249826128558655,0.500013466963832,0.784373240812462,0.118533727488016,24,0.138768228324187,1,0.5
"204000_2",0.119048387227613,0.854510833047334,0.067735230853168,0.699488982371118,0.0804536289351367,0.0482207580418676,0.0136527882758647,0.0184685140765556,0.944349324805642,0.54203745046694,0.243610234772838,0.464742269348962,0.263028063322382,7.76303646992892e-05,0.405574449012015,0.499989724523516,0.234275275875625,0.089485936354168,0.249826128558655,0.500013466963832,0.784373240812462,0.118533727488016,24,0.138768228324187,1,0.5625
"204000_3",0.119048387227613,0.854510833047334,0.067735230853168,0.699488982371118,0.0804536289351367,0.0482207580418676,0.0136527882758647,0.0184685140765556,0.944349324805642,0.54203745046694,0.243610234772838,0.464742269348962,0.263028063322382,7.76303646992892e-05,0.405574449012015,0.499989724523516,0.234275275875625,0.089485936354168,0.249826128558655,0.500013466963832,0.784373240812462,0.118533727488016,24,0.138768228324187,1,0.625
"204000_4",0.119048387227613,0.854510833047334,0.067735230853168,0.699488982371118,0.0804536289351367,0.0482207580418676,0.0136527882758647,0.0184685140765556,0.944349324805642,0.54203745046694,0.243610234772838,0.464742269348962,0.263028063322382,7.76303646992892e-05,0.405574449012015,0.499989724523516,0.234275275875625,0.089485936354168,0.249826128558655,0.500013466963832,0.784373240812462,0.118533727488016,24,0.138768228324187,1,0.6875
"204000_5",0.119048387227613,0.854510833047334,0.067735230853168,0.699488982371118,0.0804536289351367,0.0482207580418676,0.0136527882758647,0.0184685140765556,0.944349324805642,0.54203745046694,0.243610234772838,0.464742269348962,0.263028063322382,7.76303646992892e-05,0.405574449012015,0.499989724523516,0.234275275875625,0.089485936354168,0.249826128558655,0.500013466963832,0.784373240812462,0.118533727488016,24,0.138768228324187,1,0.75
"204000_6",0.119048387227613,0.854510833047334,0.067735230853168,0.699488982371118,0.0804536289351367,0.0482207580418676,0.0136527882758647,0.0184685140765556,0.944349324805642,0.54203745046694,0.243610234772838,0.464742269348962,0.263028063322382,7.76303646992892e-05,0.405574449012015,0.499989724523516,0.234275275875625,0.089485936354168,0.249826128558655,0.500013466963832,0.784373240812462,0.118533727488016,24,0.138768228324187,1,0.8125
"204000_7",0.119048387227613,0.854510833047334,0.067735230853168,0.699488982371118,0.0804536289351367,0.0482207580418676,0.0136527882758647,0.0184685140765556,0.944349324805642,0.54203745046694,0.243610234772838,0.464742269348962,0.263028063322382,7.76303646992892e-05,0.405574449012015,0.499989724523516,0.234275275875625,0.089485936354168,0.249826128558655,0.500013466963832,0.784373240812462,0.118533727488016,24,0.138768228324187,1,0.875
"204000_8",0.119048387227613,0.854510833047334,0.067735230853168,0.699488982371118,0.0804536289351367,0.0482207580418676,0.0136527882758647,0.0184685140765556,0.944349324805642,0.54203745046694,0.243610234772838,0.464742269348962,0.263028063322382,7.76303646992892e-05,0.405574449012015,0.499989724523516,0.234275275875625,0.089485936354168,0.249826128558655,0.500013466963832,0.784373240812462,0.118533727488016,24,0.138768228324187,1,0.9375
"204000_9",0.119048387227613,0.854510833047334,0.067735230853168,0.699488982371118,0.0804536289351367,0.0482207580418676,0.0136527882758647,0.0184685140765556,0.944349324805642,0.54203745046694,0.243610234772838,0.464742269348962,0.263028063322382,7.76303646992892e-05,0.405574449012015,0.499989724523516,0.234275275875625,0.089485936354168,0.249826128558655,0.500013466963832,0.784373240812462,0.118533727488016,24,0.138768228324187,1,1
"204099_1",0.505959587479701,0.94982385537567,0.132236230104505,0.54435234986265,0.0479669122672065,0.0747802727811703,0.104567822618631,0.284036580266623,0.734740998069768,0.800520961138968,0.501429618234518,0.78582916333042,0.517244939640604,0.0667218532874886,0.649391119596661,0.00030305628819158,0.146023003439466,0.0202138927270561,0.132897457936597,0.627338272746744,0.890761848629873,0.0688529273122213,18,0.592184730013131,1,0.5
"204099_2",0.505959587479701,0.94982385537567,0.132236230104505,0.54435234986265,0.0479669122672065,0.0747802727811703,0.104567822618631,0.284036580266623,0.734740998069768,0.800520961138968,0.501429618234518,0.78582916333042,0.517244939640604,0.0667218532874886,0.649391119596661,0.00030305628819158,0.146023003439466,0.0202138927270561,0.132897457936597,0.627338272746744,0.890761848629873,0.0688529273122213,18,0.592184730013131,1,0.5625
"204099_3",0.505959587479701,0.94982385537567,0.132236230104505,0.54435234986265,0.0479669122672065,0.0747802727811703,0.104567822618631,0.284036580266623,0.734740998069768,0.800520961138968,0.501429618234518,0.78582916333042,0.517244939640604,0.0667218532874886,0.649391119596661,0.00030305628819158,0.146023003439466,0.0202138927270561,0.132897457936597,0.627338272746744,0.890761848629873,0.0688529273122213,18,0.592184730013131,1,0.625
"204099_4",0.505959587479701,0.94982385537567,0.132236230104505,0.54435234986265,0.0479669122672065,0.0747802727811703,0.104567822618631,0.284036580266623,0.734740998069768,0.800520961138968,0.501429618234518,0.78582916333042,0.517244939640604,0.0667218532874886,0.649391119596661,0.00030305628819158,0.146023003439466,0.0202138927270561,0.132897457936597,0.627338272746744,0.890761848629873,0.0688529273122213,18,0.592184730013131,1,0.6875
"204099_5",0.505959587479701,0.94982385537567,0.132236230104505,0.54435234986265,0.0479669122672065,0.0747802727811703,0.104567822618631,0.284036580266623,0.734740998069768,0.800520961138968,0.501429618234518,0.78582916333042,0.517244939640604,0.0667218532874886,0.649391119596661,0.00030305628819158,0.146023003439466,0.0202138927270561,0.132897457936597,0.627338272746744,0.890761848629873,0.0688529273122213,18,0.592184730013131,1,0.75
"204099_6",0.505959587479701,0.94982385537567,0.132236230104505,0.54435234986265,0.0479669122672065,0.0747802727811703,0.104567822618631,0.284036580266623,0.734740998069768,0.800520961138968,0.501429618234518,0.78582916333042,0.517244939640604,0.0667218532874886,0.649391119596661,0.00030305628819158,0.146023003439466,0.0202138927270561,0.132897457936597,0.627338272746744,0.890761848629873,0.0688529273122213,18,0.592184730013131,1,0.8125
"204099_7",0.505959587479701,0.94982385537567,0.132236230104505,0.54435234986265,0.0479669122672065,0.0747802727811703,0.104567822618631,0.284036580266623,0.734740998069768,0.800520961138968,0.501429618234518,0.78582916333042,0.517244939640604,0.0667218532874886,0.649391119596661,0.00030305628819158,0.146023003439466,0.0202138927270561,0.132897457936597,0.627338272746744,0.890761848629873,0.0688529273122213,18,0.592184730013131,1,0.875
"204099_8",0.505959587479701,0.94982385537567,0.132236230104505,0.54435234986265,0.0479669122672065,0.0747802727811703,0.104567822618631,0.284036580266623,0.734740998069768,0.800520961138968,0.501429618234518,0.78582916333042,0.517244939640604,0.0667218532874886,0.649391119596661,0.00030305628819158,0.146023003439466,0.0202138927270561,0.132897457936597,0.627338272746744,0.890761848629873,0.0688529273122213,18,0.592184730013131,1,0.9375
"204099_9",0.505959587479701,0.94982385537567,0.132236230104505,0.54435234986265,0.0479669122672065,0.0747802727811703,0.104567822618631,0.284036580266623,0.734740998069768,0.800520961138968,0.501429618234518,0.78582916333042,0.517244939640604,0.0667218532874886,0.649391119596661,0.00030305628819158,0.146023003439466,0.0202138927270561,0.132897457936597,0.627338272746744,0.890761848629873,0.0688529273122213,18,0.592184730013131,1,1
"204101_1",0.439032388114669,0.71654643781459,0.0319679907537217,0.634281920029171,0.06180070998519,0.0537786371411484,0.0323348973805764,0.30424848728037,0.901123639575148,0.322896121636834,0.834016951389556,0.550538309114576,0.339782165515915,0.092767049918801,0.339078054719443,0.478822951938981,0.312632763515276,0.173541848358964,0.265939720854581,0.724243022998269,0.73005795563701,0.0808110751820388,17,0.441347483834085,1,0.5
"204101_2",0.439032388114669,0.71654643781459,0.0319679907537217,0.634281920029171,0.06180070998519,0.0537786371411484,0.0323348973805764,0.30424848728037,0.901123639575148,0.322896121636834,0.834016951389556,0.550538309114576,0.339782165515915,0.092767049918801,0.339078054719443,0.478822951938981,0.312632763515276,0.173541848358964,0.265939720854581,0.724243022998269,0.73005795563701,0.0808110751820388,17,0.441347483834085,1,0.5625
"204101_3",0.439032388114669,0.71654643781459,0.0319679907537217,0.634281920029171,0.06180070998519,0.0537786371411484,0.0323348973805764,0.30424848728037,0.901123639575148,0.322896121636834,0.834016951389556,0.550538309114576,0.339782165515915,0.092767049918801,0.339078054719443,0.478822951938981,0.312632763515276,0.173541848358964,0.265939720854581,0.724243022998269,0.73005795563701,0.0808110751820388,17,0.441347483834085,1,0.625
"204101_4",0.439032388114669,0.71654643781459,0.0319679907537217,0.634281920029171,0.06180070998519,0.0537786371411484,0.0323348973805764,0.30424848728037,0.901123639575148,0.322896121636834,0.834016951389556,0.550538309114576,0.339782165515915,0.092767049918801,0.339078054719443,0.478822951938981,0.312632763515276,0.173541848358964,0.265939720854581,0.724243022998269,0.73005795563701,0.0808110751820388,17,0.441347483834085,1,0.6875
"204101_5",0.439032388114669,0.71654643781459,0.0319679907537217,0.634281920029171,0.06180070998519,0.0537786371411484,0.0323348973805764,0.30424848728037,0.901123639575148,0.322896121636834,0.834016951389556,0.550538309114576,0.339782165515915,0.092767049918801,0.339078054719443,0.478822951938981,0.312632763515276,0.173541848358964,0.265939720854581,0.724243022998269,0.73005795563701,0.0808110751820388,17,0.441347483834085,1,0.75
"204101_6",0.439032388114669,0.71654643781459,0.0319679907537217,0.634281920029171,0.06180070998519,0.0537786371411484,0.0323348973805764,0.30424848728037,0.901123639575148,0.322896121636834,0.834016951389556,0.550538309114576,0.339782165515915,0.092767049918801,0.339078054719443,0.478822951938981,0.312632763515276,0.173541848358964,0.265939720854581,0.724243022998269,0.73005795563701,0.0808110751820388,17,0.441347483834085,1,0.8125
"204101_7",0.439032388114669,0.71654643781459,0.0319679907537217,0.634281920029171,0.06180070998519,0.0537786371411484,0.0323348973805764,0.30424848728037,0.901123639575148,0.322896121636834,0.834016951389556,0.550538309114576,0.339782165515915,0.092767049918801,0.339078054719443,0.478822951938981,0.312632763515276,0.173541848358964,0.265939720854581,0.724243022998269,0.73005795563701,0.0808110751820388,17,0.441347483834085,1,0.875
"204101_8",0.439032388114669,0.71654643781459,0.0319679907537217,0.634281920029171,0.06180070998519,0.0537786371411484,0.0323348973805764,0.30424848728037,0.901123639575148,0.322896121636834,0.834016951389556,0.550538309114576,0.339782165515915,0.092767049918801,0.339078054719443,0.478822951938981,0.312632763515276,0.173541848358964,0.265939720854581,0.724243022998269,0.73005795563701,0.0808110751820388,17,0.441347483834085,1,0.9375
"204101_9",0.439032388114669,0.71654643781459,0.0319679907537217,0.634281920029171,0.06180070998519,0.0537786371411484,0.0323348973805764,0.30424848728037,0.901123639575148,0.322896121636834,0.834016951389556,0.550538309114576,0.339782165515915,0.092767049918801,0.339078054719443,0.478822951938981,0.312632763515276,0.173541848358964,0.265939720854581,0.724243022998269,0.73005795563701,0.0808110751820388,17,0.441347483834085,1,1
"204199_1",0.416575978191647,0.62664028651857,0.0252689906103657,0.500063357459616,0.0395759103106087,0.0521561908946189,0.0648676122669642,9.12367616361007e-05,0.771002752543305,0.999928297183826,0.371592470088332,0.814378180263719,0.567818240517284,7.76303646992892e-05,0.891924516119375,0.159738503312593,0.265797446720417,0.346574944953374,0.499559855764972,0.780411484337729,0.836873690082265,0.168992575106167,16,0.794171251089678,1,0.5
"204199_2",0.416575978191647,0.62664028651857,0.0252689906103657,0.500063357459616,0.0395759103106087,0.0521561908946189,0.0648676122669642,9.12367616361007e-05,0.771002752543305,0.999928297183826,0.371592470088332,0.814378180263719,0.567818240517284,7.76303646992892e-05,0.891924516119375,0.159738503312593,0.265797446720417,0.346574944953374,0.499559855764972,0.780411484337729,0.836873690082265,0.168992575106167,16,0.794171251089678,1,0.5625
"204199_3",0.416575978191647,0.62664028651857,0.0252689906103657,0.500063357459616,0.0395759103106087,0.0521561908946189,0.0648676122669642,9.12367616361007e-05,0.771002752543305,0.999928297183826,0.371592470088332,0.814378180263719,0.567818240517284,7.76303646992892e-05,0.891924516119375,0.159738503312593,0.265797446720417,0.346574944953374,0.499559855764972,0.780411484337729,0.836873690082265,0.168992575106167,16,0.794171251089678,1,0.625
"204199_4",0.416575978191647,0.62664028651857,0.0252689906103657,0.500063357459616,0.0395759103106087,0.0521561908946189,0.0648676122669642,9.12367616361007e-05,0.771002752543305,0.999928297183826,0.371592470088332,0.814378180263719,0.567818240517284,7.76303646992892e-05,0.891924516119375,0.159738503312593,0.265797446720417,0.346574944953374,0.499559855764972,0.780411484337729,0.836873690082265,0.168992575106167,16,0.794171251089678,1,0.6875
"204199_5",0.416575978191647,0.62664028651857,0.0252689906103657,0.500063357459616,0.0395759103106087,0.0521561908946189,0.0648676122669642,9.12367616361007e-05,0.771002752543305,0.999928297183826,0.371592470088332,0.814378180263719,0.567818240517284,7.76303646992892e-05,0.891924516119375,0.159738503312593,0.265797446720417,0.346574944953374,0.499559855764972,0.780411484337729,0.836873690082265,0.168992575106167,16,0.794171251089678,1,0.75
"204199_6",0.416575978191647,0.62664028651857,0.0252689906103657,0.500063357459616,0.0395759103106087,0.0521561908946189,0.0648676122669642,9.12367616361007e-05,0.771002752543305,0.999928297183826,0.371592470088332,0.814378180263719,0.567818240517284,7.76303646992892e-05,0.891924516119375,0.159738503312593,0.265797446720417,0.346574944953374,0.499559855764972,0.780411484337729,0.836873690082265,0.168992575106167,16,0.794171251089678,1,0.8125
"204199_7",0.416575978191647,0.62664028651857,0.0252689906103657,0.500063357459616,0.0395759103106087,0.0521561908946189,0.0648676122669642,9.12367616361007e-05,0.771002752543305,0.999928297183826,0.371592470088332,0.814378180263719,0.567818240517284,7.76303646992892e-05,0.891924516119375,0.159738503312593,0.265797446720417,0.346574944953374,0.499559855764972,0.780411484337729,0.836873690082265,0.168992575106167,16,0.794171251089678,1,0.875
"204199_8",0.416575978191647,0.62664028651857,0.0252689906103657,0.500063357459616,0.0395759103106087,0.0521561908946189,0.0648676122669642,9.12367616361007e-05,0.771002752543305,0.999928297183826,0.371592470088332,0.814378180263719,0.567818240517284,7.76303646992892e-05,0.891924516119375,0.159738503312593,0.265797446720417,0.346574944953374,0.499559855764972,0.780411484337729,0.836873690082265,0.168992575106167,16,0.794171251089678,1,0.9375
"204199_9",0.416575978191647,0.62664028651857,0.0252689906103657,0.500063357459616,0.0395759103106087,0.0521561908946189,0.0648676122669642,9.12367616361007e-05,0.771002752543305,0.999928297183826,0.371592470088332,0.814378180263719,0.567818240517284,7.76303646992892e-05,0.891924516119375,0.159738503312593,0.265797446720417,0.346574944953374,0.499559855764972,0.780411484337729,0.836873690082265,0.168992575106167,16,0.794171251089678,1,1
"204499_1",0.531970834523096,0.904512118489154,0.0256001278102858,0.71603263723555,0.0832367516416206,0.0576573373631794,0.0471515311789093,0.407300426778294,0.319218202757588,0.0861666422543458,0.182799864901762,0.241493172071165,0.13149119319769,0.273503467912798,0.119583623885419,0.413479420985506,0.499858107997852,0.00010701302640605,0.349977680454335,0.901634995222572,0.923808174208557,0.0595142524470607,14,0.0633959747559892,1,0.5
"204499_2",0.531970834523096,0.904512118489154,0.0256001278102858,0.71603263723555,0.0832367516416206,0.0576573373631794,0.0471515311789093,0.407300426778294,0.319218202757588,0.0861666422543458,0.182799864901762,0.241493172071165,0.13149119319769,0.273503467912798,0.119583623885419,0.413479420985506,0.499858107997852,0.00010701302640605,0.349977680454335,0.901634995222572,0.923808174208557,0.0595142524470607,14,0.0633959747559892,1,0.5625
"204499_3",0.531970834523096,0.904512118489154,0.0256001278102858,0.71603263723555,0.0832367516416206,0.0576573373631794,0.0471515311789093,0.407300426778294,0.319218202757588,0.0861666422543458,0.182799864901762,0.241493172071165,0.13149119319769,0.273503467912798,0.119583623885419,0.413479420985506,0.499858107997852,0.00010701302640605,0.349977680454335,0.901634995222572,0.923808174208557,0.0595142524470607,14,0.0633959747559892,1,0.625
"204499_4",0.531970834523096,0.904512118489154,0.0256001278102858,0.71603263723555,0.0832367516416206,0.0576573373631794,0.0471515311789093,0.407300426778294,0.319218202757588,0.0861666422543458,0.182799864901762,0.241493172071165,0.13149119319769,0.273503467912798,0.119583623885419,0.413479420985506,0.499858107997852,0.00010701302640605,0.349977680454335,0.901634995222572,0.923808174208557,0.0595142524470607,14,0.0633959747559892,1,0.6875
"204499_5",0.531970834523096,0.904512118489154,0.0256001278102858,0.71603263723555,0.0832367516416206,0.0576573373631794,0.0471515311789093,0.407300426778294,0.319218202757588,0.0861666422543458,0.182799864901762,0.241493172071165,0.13149119319769,0.273503467912798,0.119583623885419,0.413479420985506,0.499858107997852,0.00010701302640605,0.349977680454335,0.901634995222572,0.923808174208557,0.0595142524470607,14,0.0633959747559892,1,0.75
"204499_6",0.531970834523096,0.904512118489154,0.0256001278102858,0.71603263723555,0.0832367516416206,0.0576573373631794,0.0471515311789093,0.407300426778294,0.319218202757588,0.0861666422543458,0.182799864901762,0.241493172071165,0.13149119319769,0.273503467912798,0.119583623885419,0.413479420985506,0.499858107997852,0.00010701302640605,0.349977680454335,0.901634995222572,0.923808174208557,0.0595142524470607,14,0.0633959747559892,1,0.8125
"204499_7",0.531970834523096,0.904512118489154,0.0256001278102858,0.71603263723555,0.0832367516416206,0.0576573373631794,0.0471515311789093,0.407300426778294,0.319218202757588,0.0861666422543458,0.182799864901762,0.241493172071165,0.13149119319769,0.273503467912798,0.119583623885419,0.413479420985506,0.499858107997852,0.00010701302640605,0.349977680454335,0.901634995222572,0.923808174208557,0.0595142524470607,14,0.0633959747559892,1,0.875
"204499_8",0.531970834523096,0.904512118489154,0.0256001278102858,0.71603263723555,0.0832367516416206,0.0576573373631794,0.0471515311789093,0.407300426778294,0.319218202757588,0.0861666422543458,0.182799864901762,0.241493172071165,0.13149119319769,0.273503467912798,0.119583623885419,0.413479420985506,0.499858107997852,0.00010701302640605,0.349977680454335,0.901634995222572,0.923808174208557,0.0595142524470607,14,0.0633959747559892,1,0.9375
"204499_9",0.531970834523096,0.904512118489154,0.0256001278102858,0.71603263723555,0.0832367516416206,0.0576573373631794,0.0471515311789093,0.407300426778294,0.319218202757588,0.0861666422543458,0.182799864901762,0.241493172071165,0.13149119319769,0.273503467912798,0.119583623885419,0.413479420985506,0.499858107997852,0.00010701302640605,0.349977680454335,0.901634995222572,0.923808174208557,0.0595142524470607,14,0.0633959747559892,1,1
"204501_1",0.497199883846754,0.759996554202982,0.064810478281415,0.500063357459616,0.118833380807317,0.119998732919027,0.119995094177388,0.999640291173093,0.792505041546635,0.898554053336919,0.873250405598999,0.201630649124959,0.226840544967525,0.188946785997862,0.00019440235718619,0.0684827491075911,0.185936417564402,0.117203252639401,0.217814369505515,0.999990134470386,0.825506319519357,0.199805620847264,7,0.669609379783907,1,0.5
"204501_2",0.497199883846754,0.759996554202982,0.064810478281415,0.500063357459616,0.118833380807317,0.119998732919027,0.119995094177388,0.999640291173093,0.792505041546635,0.898554053336919,0.873250405598999,0.201630649124959,0.226840544967525,0.188946785997862,0.00019440235718619,0.0684827491075911,0.185936417564402,0.117203252639401,0.217814369505515,0.999990134470386,0.825506319519357,0.199805620847264,7,0.669609379783907,1,0.5625
"204501_3",0.497199883846754,0.759996554202982,0.064810478281415,0.500063357459616,0.118833380807317,0.119998732919027,0.119995094177388,0.999640291173093,0.792505041546635,0.898554053336919,0.873250405598999,0.201630649124959,0.226840544967525,0.188946785997862,0.00019440235718619,0.0684827491075911,0.185936417564402,0.117203252639401,0.217814369505515,0.999990134470386,0.825506319519357,0.199805620847264,7,0.669609379783907,1,0.625
"204501_4",0.497199883846754,0.759996554202982,0.064810478281415,0.500063357459616,0.118833380807317,0.119998732919027,0.119995094177388,0.999640291173093,0.792505041546635,0.898554053336919,0.873250405598999,0.201630649124959,0.226840544967525,0.188946785997862,0.00019440235718619,0.0684827491075911,0.185936417564402,0.117203252639401,0.217814369505515,0.999990134470386,0.825506319519357,0.199805620847264,7,0.669609379783907,1,0.6875
"204501_5",0.497199883846754,0.759996554202982,0.064810478281415,0.500063357459616,0.118833380807317,0.119998732919027,0.119995094177388,0.999640291173093,0.792505041546635,0.898554053336919,0.873250405598999,0.201630649124959,0.226840544967525,0.188946785997862,0.00019440235718619,0.0684827491075911,0.185936417564402,0.117203252639401,0.217814369505515,0.999990134470386,0.825506319519357,0.199805620847264,7,0.669609379783907,1,0.75
"204501_6",0.497199883846754,0.759996554202982,0.064810478281415,0.500063357459616,0.118833380807317,0.119998732919027,0.119995094177388,0.999640291173093,0.792505041546635,0.898554053336919,0.873250405598999,0.201630649124959,0.226840544967525,0.188946785997862,0.00019440235718619,0.0684827491075911,0.185936417564402,0.117203252639401,0.217814369505515,0.999990134470386,0.825506319519357,0.199805620847264,7,0.669609379783907,1,0.8125
"204501_7",0.497199883846754,0.759996554202982,0.064810478281415,0.500063357459616,0.118833380807317,0.119998732919027,0.119995094177388,0.999640291173093,0.792505041546635,0.898554053336919,0.873250405598999,0.201630649124959,0.226840544967525,0.188946785997862,0.00019440235718619,0.0684827491075911,0.185936417564402,0.117203252639401,0.217814369505515,0.999990134470386,0.825506319519357,0.199805620847264,7,0.669609379783907,1,0.875
"204501_8",0.497199883846754,0.759996554202982,0.064810478281415,0.500063357459616,0.118833380807317,0.119998732919027,0.119995094177388,0.999640291173093,0.792505041546635,0.898554053336919,0.873250405598999,0.201630649124959,0.226840544967525,0.188946785997862,0.00019440235718619,0.0684827491075911,0.185936417564402,0.117203252639401,0.217814369505515,0.999990134470386,0.825506319519357,0.199805620847264,7,0.669609379783907,1,0.9375
"204501_9",0.497199883846754,0.759996554202982,0.064810478281415,0.500063357459616,0.118833380807317,0.119998732919027,0.119995094177388,0.999640291173093,0.792505041546635,0.898554053336919,0.873250405598999,0.201630649124959,0.226840544967525,0.188946785997862,0.00019440235718619,0.0684827491075911,0.185936417564402,0.117203252639401,0.217814369505515,0.999990134470386,0.825506319519357,0.199805620847264,7,0.669609379783907,1,1
"204600_1",0.530429709068904,0.857916365714953,0.0800312473134856,0.520327680956655,0.0340689785354963,0.0654031733278875,0.119995094177388,0.429123187347725,0.29731538508629,0.631047853624591,0.697890176506891,0.792778973446592,0.343483253937814,7.76303646992892e-05,0.999991596603808,0.00030305628819158,0.329446790015273,0.0536767742360725,0.230293273806985,0.930304451228919,0.999975606664492,0.12867526423295,11,0.218112289250331,1,0.5
"204600_2",0.530429709068904,0.857916365714953,0.0800312473134856,0.520327680956655,0.0340689785354963,0.0654031733278875,0.119995094177388,0.429123187347725,0.29731538508629,0.631047853624591,0.697890176506891,0.792778973446592,0.343483253937814,7.76303646992892e-05,0.999991596603808,0.00030305628819158,0.329446790015273,0.0536767742360725,0.230293273806985,0.930304451228919,0.999975606664492,0.12867526423295,11,0.218112289250331,1,0.5625
"204600_3",0.530429709068904,0.857916365714953,0.0800312473134856,0.520327680956655,0.0340689785354963,0.0654031733278875,0.119995094177388,0.429123187347725,0.29731538508629,0.631047853624591,0.697890176506891,0.792778973446592,0.343483253937814,7.76303646992892e-05,0.999991596603808,0.00030305628819158,0.329446790015273,0.0536767742360725,0.230293273806985,0.930304451228919,0.999975606664492,0.12867526423295,11,0.218112289250331,1,0.625
"204600_4",0.530429709068904,0.857916365714953,0.0800312473134856,0.520327680956655,0.0340689785354963,0.0654031733278875,0.119995094177388,0.429123187347725,0.29731538508629,0.631047853624591,0.697890176506891,0.792778973446592,0.343483253937814,7.76303646992892e-05,0.999991596603808,0.00030305628819158,0.329446790015273,0.0536767742360725,0.230293273806985,0.930304451228919,0.999975606664492,0.12867526423295,11,0.218112289250331,1,0.6875
"204600_5",0.530429709068904,0.857916365714953,0.0800312473134856,0.520327680956655,0.0340689785354963,0.0654031733278875,0.119995094177388,0.429123187347725,0.29731538508629,0.631047853624591,0.697890176506891,0.792778973446592,0.343483253937814,7.76303646992892e-05,0.999991596603808,0.00030305628819158,0.329446790015273,0.0536767742360725,0.230293273806985,0.930304451228919,0.999975606664492,0.12867526423295,11,0.218112289250331,1,0.75
"204600_6",0.530429709068904,0.857916365714953,0.0800312473134856,0.520327680956655,0.0340689785354963,0.0654031733278875,0.119995094177388,0.429123187347725,0.29731538508629,0.631047853624591,0.697890176506891,0.792778973446592,0.343483253937814,7.76303646992892e-05,0.999991596603808,0.00030305628819158,0.329446790015273,0.0536767742360725,0.230293273806985,0.930304451228919,0.999975606664492,0.12867526423295,11,0.218112289250331,1,0.8125
"204600_7",0.530429709068904,0.857916365714953,0.0800312473134856,0.520327680956655,0.0340689785354963,0.0654031733278875,0.119995094177388,0.429123187347725,0.29731538508629,0.631047853624591,0.697890176506891,0.792778973446592,0.343483253937814,7.76303646992892e-05,0.999991596603808,0.00030305628819158,0.329446790015273,0.0536767742360725,0.230293273806985,0.930304451228919,0.999975606664492,0.12867526423295,11,0.218112289250331,1,0.875
"204600_8",0.530429709068904,0.857916365714953,0.0800312473134856,0.520327680956655,0.0340689785354963,0.0654031733278875,0.119995094177388,0.429123187347725,0.29731538508629,0.631047853624591,0.697890176506891,0.792778973446592,0.343483253937814,7.76303646992892e-05,0.999991596603808,0.00030305628819158,0.329446790015273,0.0536767742360725,0.230293273806985,0.930304451228919,0.999975606664492,0.12867526423295,11,0.218112289250331,1,0.9375
"204600_9",0.530429709068904,0.857916365714953,0.0800312473134856,0.520327680956655,0.0340689785354963,0.0654031733278875,0.119995094177388,0.429123187347725,0.29731538508629,0.631047853624591,0.697890176506891,0.792778973446592,0.343483253937814,7.76303646992892e-05,0.999991596603808,0.00030305628819158,0.329446790015273,0.0536767742360725,0.230293273806985,0.930304451228919,0.999975606664492,0.12867526423295,11,0.218112289250331,1,1
"204702_1",0.925786132516919,0.999963109878346,0.0221250985909005,0.688602657710567,0.041833903180137,0.0523508307432472,0.0498734938038187,0.370553809851782,0.450937069476683,0.15605683084765,0.724311384631859,0.365745619552362,0.154795326219929,0.234302599518501,0.00019440235718619,0.39959785226693,0.499858107997852,0.00010701302640605,0.152284081510722,0.962513449956465,0.951706800646964,0.0701374495243748,8,0.296270491387582,1,0.5
"204702_2",0.925786132516919,0.999963109878346,0.0221250985909005,0.688602657710567,0.041833903180137,0.0523508307432472,0.0498734938038187,0.370553809851782,0.450937069476683,0.15605683084765,0.724311384631859,0.365745619552362,0.154795326219929,0.234302599518501,0.00019440235718619,0.39959785226693,0.499858107997852,0.00010701302640605,0.152284081510722,0.962513449956465,0.951706800646964,0.0701374495243748,8,0.296270491387582,1,0.5625
"204702_3",0.925786132516919,0.999963109878346,0.0221250985909005,0.688602657710567,0.041833903180137,0.0523508307432472,0.0498734938038187,0.370553809851782,0.450937069476683,0.15605683084765,0.724311384631859,0.365745619552362,0.154795326219929,0.234302599518501,0.00019440235718619,0.39959785226693,0.499858107997852,0.00010701302640605,0.152284081510722,0.962513449956465,0.951706800646964,0.0701374495243748,8,0.296270491387582,1,0.625
"204702_4",0.925786132516919,0.999963109878346,0.0221250985909005,0.688602657710567,0.041833903180137,0.0523508307432472,0.0498734938038187,0.370553809851782,0.450937069476683,0.15605683084765,0.724311384631859,0.365745619552362,0.154795326219929,0.234302599518501,0.00019440235718619,0.39959785226693,0.499858107997852,0.00010701302640605,0.152284081510722,0.962513449956465,0.951706800646964,0.0701374495243748,8,0.296270491387582,1,0.6875
"204702_5",0.925786132516919,0.999963109878346,0.0221250985909005,0.688602657710567,0.041833903180137,0.0523508307432472,0.0498734938038187,0.370553809851782,0.450937069476683,0.15605683084765,0.724311384631859,0.365745619552362,0.154795326219929,0.234302599518501,0.00019440235718619,0.39959785226693,0.499858107997852,0.00010701302640605,0.152284081510722,0.962513449956465,0.951706800646964,0.0701374495243748,8,0.296270491387582,1,0.75
"204702_6",0.925786132516919,0.999963109878346,0.0221250985909005,0.688602657710567,0.041833903180137,0.0523508307432472,0.0498734938038187,0.370553809851782,0.450937069476683,0.15605683084765,0.724311384631859,0.365745619552362,0.154795326219929,0.234302599518501,0.00019440235718619,0.39959785226693,0.499858107997852,0.00010701302640605,0.152284081510722,0.962513449956465,0.951706800646964,0.0701374495243748,8,0.296270491387582,1,0.8125
"204702_7",0.925786132516919,0.999963109878346,0.0221250985909005,0.688602657710567,0.041833903180137,0.0523508307432472,0.0498734938038187,0.370553809851782,0.450937069476683,0.15605683084765,0.724311384631859,0.365745619552362,0.154795326219929,0.234302599518501,0.00019440235718619,0.39959785226693,0.499858107997852,0.00010701302640605,0.152284081510722,0.962513449956465,0.951706800646964,0.0701374495243748,8,0.296270491387582,1,0.875
"204702_8",0.925786132516919,0.999963109878346,0.0221250985909005,0.688602657710567,0.041833903180137,0.0523508307432472,0.0498734938038187,0.370553809851782,0.450937069476683,0.15605683084765,0.724311384631859,0.365745619552362,0.154795326219929,0.234302599518501,0.00019440235718619,0.39959785226693,0.499858107997852,0.00010701302640605,0.152284081510722,0.962513449956465,0.951706800646964,0.0701374495243748,8,0.296270491387582,1,0.9375
"204702_9",0.925786132516919,0.999963109878346,0.0221250985909005,0.688602657710567,0.041833903180137,0.0523508307432472,0.0498734938038187,0.370553809851782,0.450937069476683,0.15605683084765,0.724311384631859,0.365745619552362,0.154795326219929,0.234302599518501,0.00019440235718619,0.39959785226693,0.499858107997852,0.00010701302640605,0.152284081510722,0.962513449956465,0.951706800646964,0.0701374495243748,8,0.296270491387582,1,1
"204704_1",0.235836921638151,0.999963109878346,0.0793863633996155,0.500063357459616,0.0225734989685093,0.103283365323205,0.0649555758185932,9.12367616361007e-05,0.58700239663169,0.854416042033961,0.57395288028745,0.999563629297968,0.786905422465863,7.76303646992892e-05,0.789942724019304,0.205033503278168,0.209599844953074,0.249176449644299,0.472236092177275,0.627020738002022,0.721797331714582,6.79376821854385e-05,25,0.7212963948275,1,0.5
"204704_2",0.235836921638151,0.999963109878346,0.0793863633996155,0.500063357459616,0.0225734989685093,0.103283365323205,0.0649555758185932,9.12367616361007e-05,0.58700239663169,0.854416042033961,0.57395288028745,0.999563629297968,0.786905422465863,7.76303646992892e-05,0.789942724019304,0.205033503278168,0.209599844953074,0.249176449644299,0.472236092177275,0.627020738002022,0.721797331714582,6.79376821854385e-05,25,0.7212963948275,1,0.5625
"204704_3",0.235836921638151,0.999963109878346,0.0793863633996155,0.500063357459616,0.0225734989685093,0.103283365323205,0.0649555758185932,9.12367616361007e-05,0.58700239663169,0.854416042033961,0.57395288028745,0.999563629297968,0.786905422465863,7.76303646992892e-05,0.789942724019304,0.205033503278168,0.209599844953074,0.249176449644299,0.472236092177275,0.627020738002022,0.721797331714582,6.79376821854385e-05,25,0.7212963948275,1,0.625
"204704_4",0.235836921638151,0.999963109878346,0.0793863633996155,0.500063357459616,0.0225734989685093,0.103283365323205,0.0649555758185932,9.12367616361007e-05,0.58700239663169,0.854416042033961,0.57395288028745,0.999563629297968,0.786905422465863,7.76303646992892e-05,0.789942724019304,0.205033503278168,0.209599844953074,0.249176449644299,0.472236092177275,0.627020738002022,0.721797331714582,6.79376821854385e-05,25,0.7212963948275,1,0.6875
"204704_5",0.235836921638151,0.999963109878346,0.0793863633996155,0.500063357459616,0.0225734989685093,0.103283365323205,0.0649555758185932,9.12367616361007e-05,0.58700239663169,0.854416042033961,0.57395288028745,0.999563629297968,0.786905422465863,7.76303646992892e-05,0.789942724019304,0.205033503278168,0.209599844953074,0.249176449644299,0.472236092177275,0.627020738002022,0.721797331714582,6.79376821854385e-05,25,0.7212963948275,1,0.75
"204704_6",0.235836921638151,0.999963109878346,0.0793863633996155,0.500063357459616,0.0225734989685093,0.103283365323205,0.0649555758185932,9.12367616361007e-05,0.58700239663169,0.854416042033961,0.57395288028745,0.999563629297968,0.786905422465863,7.76303646992892e-05,0.789942724019304,0.205033503278168,0.209599844953074,0.249176449644299,0.472236092177275,0.627020738002022,0.721797331714582,6.79376821854385e-05,25,0.7212963948275,1,0.8125
"204704_7",0.235836921638151,0.999963109878346,0.0793863633996155,0.500063357459616,0.0225734989685093,0.103283365323205,0.0649555758185932,9.12367616361007e-05,0.58700239663169,0.854416042033961,0.57395288028745,0.999563629297968,0.786905422465863,7.76303646992892e-05,0.789942724019304,0.205033503278168,0.209599844953074,0.249176449644299,0.472236092177275,0.627020738002022,0.721797331714582,6.79376821854385e-05,25,0.7212963948275,1,0.875
"204704_8",0.235836921638151,0.999963109878346,0.0793863633996155,0.500063357459616,0.0225734989685093,0.103283365323205,0.0649555758185932,9.12367616361007e-05,0.58700239663169,0.854416042033961,0.57395288028745,0.999563629297968,0.786905422465863,7.76303646992892e-05,0.789942724019304,0.205033503278168,0.209599844953074,0.249176449644299,0.472236092177275,0.627020738002022,0.721797331714582,6.79376821854385e-05,25,0.7212963948275,1,0.9375
"204704_9",0.235836921638151,0.999963109878346,0.0793863633996155,0.500063357459616,0.0225734989685093,0.103283365323205,0.0649555758185932,9.12367616361007e-05,0.58700239663169,0.854416042033961,0.57395288028745,0.999563629297968,0.786905422465863,7.76303646992892e-05,0.789942724019304,0.205033503278168,0.209599844953074,0.249176449644299,0.472236092177275,0.627020738002022,0.721797331714582,6.79376821854385e-05,25,0.7212963948275,1,1
"205199_1",0.654968146074463,0.633205000729481,0.0465149968493287,0.581010088489708,0.0339296120567608,0.026197899707007,0.0676172099635237,0.562382286859415,0.454843623012518,0.579155240799665,0.999795092571648,0.690705141786374,0.23307157450517,7.76303646992892e-05,0.999991596603808,0.132080597068781,0.287176836338583,0.387376780261873,0.215508713852181,0.999990134470386,0.895177960564487,0.128586906615597,8,0.381129140835006,1,0.5
"205199_2",0.654968146074463,0.633205000729481,0.0465149968493287,0.581010088489708,0.0339296120567608,0.026197899707007,0.0676172099635237,0.562382286859415,0.454843623012518,0.579155240799665,0.999795092571648,0.690705141786374,0.23307157450517,7.76303646992892e-05,0.999991596603808,0.132080597068781,0.287176836338583,0.387376780261873,0.215508713852181,0.999990134470386,0.895177960564487,0.128586906615597,8,0.381129140835006,1,0.5625
"205199_3",0.654968146074463,0.633205000729481,0.0465149968493287,0.581010088489708,0.0339296120567608,0.026197899707007,0.0676172099635237,0.562382286859415,0.454843623012518,0.579155240799665,0.999795092571648,0.690705141786374,0.23307157450517,7.76303646992892e-05,0.999991596603808,0.132080597068781,0.287176836338583,0.387376780261873,0.215508713852181,0.999990134470386,0.895177960564487,0.128586906615597,8,0.381129140835006,1,0.625
"205199_4",0.654968146074463,0.633205000729481,0.0465149968493287,0.581010088489708,0.0339296120567608,0.026197899707007,0.0676172099635237,0.562382286859415,0.454843623012518,0.579155240799665,0.999795092571648,0.690705141786374,0.23307157450517,7.76303646992892e-05,0.999991596603808,0.132080597068781,0.287176836338583,0.387376780261873,0.215508713852181,0.999990134470386,0.895177960564487,0.128586906615597,8,0.381129140835006,1,0.6875
"205199_5",0.654968146074463,0.633205000729481,0.0465149968493287,0.581010088489708,0.0339296120567608,0.026197899707007,0.0676172099635237,0.562382286859415,0.454843623012518,0.579155240799665,0.999795092571648,0.690705141786374,0.23307157450517,7.76303646992892e-05,0.999991596603808,0.132080597068781,0.287176836338583,0.387376780261873,0.215508713852181,0.999990134470386,0.895177960564487,0.128586906615597,8,0.381129140835006,1,0.75
"205199_6",0.654968146074463,0.633205000729481,0.0465149968493287,0.581010088489708,0.0339296120567608,0.026197899707007,0.0676172099635237,0.562382286859415,0.454843623012518,0.579155240799665,0.999795092571648,0.690705141786374,0.23307157450517,7.76303646992892e-05,0.999991596603808,0.132080597068781,0.287176836338583,0.387376780261873,0.215508713852181,0.999990134470386,0.895177960564487,0.128586906615597,8,0.381129140835006,1,0.8125
"205199_7",0.654968146074463,0.633205000729481,0.0465149968493287,0.581010088489708,0.0339296120567608,0.026197899707007,0.0676172099635237,0.562382286859415,0.454843623012518,0.579155240799665,0.999795092571648,0.690705141786374,0.23307157450517,7.76303646992892e-05,0.999991596603808,0.132080597068781,0.287176836338583,0.387376780261873,0.215508713852181,0.999990134470386,0.895177960564487,0.128586906615597,8,0.381129140835006,1,0.875
"205199_8",0.654968146074463,0.633205000729481,0.0465149968493287,0.581010088489708,0.0339296120567608,0.026197899707007,0.0676172099635237,0.562382286859415,0.454843623012518,0.579155240799665,0.999795092571648,0.690705141786374,0.23307157450517,7.76303646992892e-05,0.999991596603808,0.132080597068781,0.287176836338583,0.387376780261873,0.215508713852181,0.999990134470386,0.895177960564487,0.128586906615597,8,0.381129140835006,1,0.9375
"205199_9",0.654968146074463,0.633205000729481,0.0465149968493287,0.581010088489708,0.0339296120567608,0.026197899707007,0.0676172099635237,0.562382286859415,0.454843623012518,0.579155240799665,0.999795092571648,0.690705141786374,0.23307157450517,7.76303646992892e-05,0.999991596603808,0.132080597068781,0.287176836338583,0.387376780261873,0.215508713852181,0.999990134470386,0.895177960564487,0.128586906615597,8,0.381129140835006,1,1
"205300_1",0.00021768103810027,0.680403274157734,0.0233317742072778,0.619535600097275,0.0652753381226779,0.0255934201032728,0.06813673400003,0.100041671126689,0.670501483911058,0.999928297183826,9.64684443548322e-05,0.425949227563142,0.230619513589667,0.532662963111362,0.759507597801017,0.28490334928974,0.344582460059221,0.00010701302640605,0.499559855764972,0.690470851848674,0.999975606664492,0.232180330817963,3,0.253374669206536,1,0.5
"205300_2",0.00021768103810027,0.680403274157734,0.0233317742072778,0.619535600097275,0.0652753381226779,0.0255934201032728,0.06813673400003,0.100041671126689,0.670501483911058,0.999928297183826,9.64684443548322e-05,0.425949227563142,0.230619513589667,0.532662963111362,0.759507597801017,0.28490334928974,0.344582460059221,0.00010701302640605,0.499559855764972,0.690470851848674,0.999975606664492,0.232180330817963,3,0.253374669206536,1,0.5625
"205300_3",0.00021768103810027,0.680403274157734,0.0233317742072778,0.619535600097275,0.0652753381226779,0.0255934201032728,0.06813673400003,0.100041671126689,0.670501483911058,0.999928297183826,9.64684443548322e-05,0.425949227563142,0.230619513589667,0.532662963111362,0.759507597801017,0.28490334928974,0.344582460059221,0.00010701302640605,0.499559855764972,0.690470851848674,0.999975606664492,0.232180330817963,3,0.253374669206536,1,0.625
"205300_4",0.00021768103810027,0.680403274157734,0.0233317742072778,0.619535600097275,0.0652753381226779,0.0255934201032728,0.06813673400003,0.100041671126689,0.670501483911058,0.999928297183826,9.64684443548322e-05,0.425949227563142,0.230619513589667,0.532662963111362,0.759507597801017,0.28490334928974,0.344582460059221,0.00010701302640605,0.499559855764972,0.690470851848674,0.999975606664492,0.232180330817963,3,0.253374669206536,1,0.6875
"205300_5",0.00021768103810027,0.680403274157734,0.0233317742072778,0.619535600097275,0.0652753381226779,0.0255934201032728,0.06813673400003,0.100041671126689,0.670501483911058,0.999928297183826,9.64684443548322e-05,0.425949227563142,0.230619513589667,0.532662963111362,0.759507597801017,0.28490334928974,0.344582460059221,0.00010701302640605,0.499559855764972,0.690470851848674,0.999975606664492,0.232180330817963,3,0.253374669206536,1,0.75
"205300_6",0.00021768103810027,0.680403274157734,0.0233317742072778,0.619535600097275,0.0652753381226779,0.0255934201032728,0.06813673400003,0.100041671126689,0.670501483911058,0.999928297183826,9.64684443548322e-05,0.425949227563142,0.230619513589667,0.532662963111362,0.759507597801017,0.28490334928974,0.344582460059221,0.00010701302640605,0.499559855764972,0.690470851848674,0.999975606664492,0.232180330817963,3,0.253374669206536,1,0.8125
"205300_7",0.00021768103810027,0.680403274157734,0.0233317742072778,0.619535600097275,0.0652753381226779,0.0255934201032728,0.06813673400003,0.100041671126689,0.670501483911058,0.999928297183826,9.64684443548322e-05,0.425949227563142,0.230619513589667,0.532662963111362,0.759507597801017,0.28490334928974,0.344582460059221,0.00010701302640605,0.499559855764972,0.690470851848674,0.999975606664492,0.232180330817963,3,0.253374669206536,1,0.875
"205300_8",0.00021768103810027,0.680403274157734,0.0233317742072778,0.619535600097275,0.0652753381226779,0.0255934201032728,0.06813673400003,0.100041671126689,0.670501483911058,0.999928297183826,9.64684443548322e-05,0.425949227563142,0.230619513589667,0.532662963111362,0.759507597801017,0.28490334928974,0.344582460059221,0.00010701302640605,0.499559855764972,0.690470851848674,0.999975606664492,0.232180330817963,3,0.253374669206536,1,0.9375
"205300_9",0.00021768103810027,0.680403274157734,0.0233317742072778,0.619535600097275,0.0652753381226779,0.0255934201032728,0.06813673400003,0.100041671126689,0.670501483911058,0.999928297183826,9.64684443548322e-05,0.425949227563142,0.230619513589667,0.532662963111362,0.759507597801017,0.28490334928974,0.344582460059221,0.00010701302640605,0.499559855764972,0.690470851848674,0.999975606664492,0.232180330817963,3,0.253374669206536,1,1
"205302_1",0.759649062779285,0.858104141966935,0.0302245884431135,0.527253255074131,0.0334223803152851,0.0250735413661919,0.0783763859978168,9.12367616361007e-05,0.867584342097256,0.999928297183826,0.999795092571648,0.50170907558066,0.349338019284239,0.0566125166615843,0.63733027998525,0.290856477390059,0.214391266507162,0.186860213381583,0.242105079184735,0.931544119779527,0.808878709576718,0.18631888720916,11,0.691820634571335,1,0.5
"205302_2",0.759649062779285,0.858104141966935,0.0302245884431135,0.527253255074131,0.0334223803152851,0.0250735413661919,0.0783763859978168,9.12367616361007e-05,0.867584342097256,0.999928297183826,0.999795092571648,0.50170907558066,0.349338019284239,0.0566125166615843,0.63733027998525,0.290856477390059,0.214391266507162,0.186860213381583,0.242105079184735,0.931544119779527,0.808878709576718,0.18631888720916,11,0.691820634571335,1,0.5625
"205302_3",0.759649062779285,0.858104141966935,0.0302245884431135,0.527253255074131,0.0334223803152851,0.0250735413661919,0.0783763859978168,9.12367616361007e-05,0.867584342097256,0.999928297183826,0.999795092571648,0.50170907558066,0.349338019284239,0.0566125166615843,0.63733027998525,0.290856477390059,0.214391266507162,0.186860213381583,0.242105079184735,0.931544119779527,0.808878709576718,0.18631888720916,11,0.691820634571335,1,0.625
"205302_4",0.759649062779285,0.858104141966935,0.0302245884431135,0.527253255074131,0.0334223803152851,0.0250735413661919,0.0783763859978168,9.12367616361007e-05,0.867584342097256,0.999928297183826,0.999795092571648,0.50170907558066,0.349338019284239,0.0566125166615843,0.63733027998525,0.290856477390059,0.214391266507162,0.186860213381583,0.242105079184735,0.931544119779527,0.808878709576718,0.18631888720916,11,0.691820634571335,1,0.6875
"205302_5",0.759649062779285,0.858104141966935,0.0302245884431135,0.527253255074131,0.0334223803152851,0.0250735413661919,0.0783763859978168,9.12367616361007e-05,0.867584342097256,0.999928297183826,0.999795092571648,0.50170907558066,0.349338019284239,0.0566125166615843,0.63733027998525,0.290856477390059,0.214391266507162,0.186860213381583,0.242105079184735,0.931544119779527,0.808878709576718,0.18631888720916,11,0.691820634571335,1,0.75
"205302_6",0.759649062779285,0.858104141966935,0.0302245884431135,0.527253255074131,0.0334223803152851,0.0250735413661919,0.0783763859978168,9.12367616361007e-05,0.867584342097256,0.999928297183826,0.999795092571648,0.50170907558066,0.349338019284239,0.0566125166615843,0.63733027998525,0.290856477390059,0.214391266507162,0.186860213381583,0.242105079184735,0.931544119779527,0.808878709576718,0.18631888720916,11,0.691820634571335,1,0.8125
"205302_7",0.759649062779285,0.858104141966935,0.0302245884431135,0.527253255074131,0.0334223803152851,0.0250735413661919,0.0783763859978168,9.12367616361007e-05,0.867584342097256,0.999928297183826,0.999795092571648,0.50170907558066,0.349338019284239,0.0566125166615843,0.63733027998525,0.290856477390059,0.214391266507162,0.186860213381583,0.242105079184735,0.931544119779527,0.808878709576718,0.18631888720916,11,0.691820634571335,1,0.875
"205302_8",0.759649062779285,0.858104141966935,0.0302245884431135,0.527253255074131,0.0334223803152851,0.0250735413661919,0.0783763859978168,9.12367616361007e-05,0.867584342097256,0.999928297183826,0.999795092571648,0.50170907558066,0.349338019284239,0.0566125166615843,0.63733027998525,0.290856477390059,0.214391266507162,0.186860213381583,0.242105079184735,0.931544119779527,0.808878709576718,0.18631888720916,11,0.691820634571335,1,0.9375
"205302_9",0.759649062779285,0.858104141966935,0.0302245884431135,0.527253255074131,0.0334223803152851,0.0250735413661919,0.0783763859978168,9.12367616361007e-05,0.867584342097256,0.999928297183826,0.999795092571648,0.50170907558066,0.349338019284239,0.0566125166615843,0.63733027998525,0.290856477390059,0.214391266507162,0.186860213381583,0.242105079184735,0.931544119779527,0.808878709576718,0.18631888720916,11,0.691820634571335,1,1
"205303_1",0.693006916517414,0.726758699162456,0.186526969917421,0.586685957466254,0.0522818975549418,0.0795530428492784,0.111576627515798,0.504128801193556,0.410300491317284,0.394360803901613,0.68647788974175,0.797144899203988,0.491347812539834,7.76303646992892e-05,0.968716058788373,0.00030305628819158,0.140419708960647,0.192284986875505,1.47106448851991e-05,0.658717379785952,0.76954302018882,6.79376821854385e-05,30,0.293012630814604,1,0.5
"205303_2",0.693006916517414,0.726758699162456,0.186526969917421,0.586685957466254,0.0522818975549418,0.0795530428492784,0.111576627515798,0.504128801193556,0.410300491317284,0.394360803901613,0.68647788974175,0.797144899203988,0.491347812539834,7.76303646992892e-05,0.968716058788373,0.00030305628819158,0.140419708960647,0.192284986875505,1.47106448851991e-05,0.658717379785952,0.76954302018882,6.79376821854385e-05,30,0.293012630814604,1,0.5625
"205303_3",0.693006916517414,0.726758699162456,0.186526969917421,0.586685957466254,0.0522818975549418,0.0795530428492784,0.111576627515798,0.504128801193556,0.410300491317284,0.394360803901613,0.68647788974175,0.797144899203988,0.491347812539834,7.76303646992892e-05,0.968716058788373,0.00030305628819158,0.140419708960647,0.192284986875505,1.47106448851991e-05,0.658717379785952,0.76954302018882,6.79376821854385e-05,30,0.293012630814604,1,0.625
"205303_4",0.693006916517414,0.726758699162456,0.186526969917421,0.586685957466254,0.0522818975549418,0.0795530428492784,0.111576627515798,0.504128801193556,0.410300491317284,0.394360803901613,0.68647788974175,0.797144899203988,0.491347812539834,7.76303646992892e-05,0.968716058788373,0.00030305628819158,0.140419708960647,0.192284986875505,1.47106448851991e-05,0.658717379785952,0.76954302018882,6.79376821854385e-05,30,0.293012630814604,1,0.6875
"205303_5",0.693006916517414,0.726758699162456,0.186526969917421,0.586685957466254,0.0522818975549418,0.0795530428492784,0.111576627515798,0.504128801193556,0.410300491317284,0.394360803901613,0.68647788974175,0.797144899203988,0.491347812539834,7.76303646992892e-05,0.968716058788373,0.00030305628819158,0.140419708960647,0.192284986875505,1.47106448851991e-05,0.658717379785952,0.76954302018882,6.79376821854385e-05,30,0.293012630814604,1,0.75
"205303_6",0.693006916517414,0.726758699162456,0.186526969917421,0.586685957466254,0.0522818975549418,0.0795530428492784,0.111576627515798,0.504128801193556,0.410300491317284,0.394360803901613,0.68647788974175,0.797144899203988,0.491347812539834,7.76303646992892e-05,0.968716058788373,0.00030305628819158,0.140419708960647,0.192284986875505,1.47106448851991e-05,0.658717379785952,0.76954302018882,6.79376821854385e-05,30,0.293012630814604,1,0.8125
"205303_7",0.693006916517414,0.726758699162456,0.186526969917421,0.586685957466254,0.0522818975549418,0.0795530428492784,0.111576627515798,0.504128801193556,0.410300491317284,0.394360803901613,0.68647788974175,0.797144899203988,0.491347812539834,7.76303646992892e-05,0.968716058788373,0.00030305628819158,0.140419708960647,0.192284986875505,1.47106448851991e-05,0.658717379785952,0.76954302018882,6.79376821854385e-05,30,0.293012630814604,1,0.875
"205303_8",0.693006916517414,0.726758699162456,0.186526969917421,0.586685957466254,0.0522818975549418,0.0795530428492784,0.111576627515798,0.504128801193556,0.410300491317284,0.394360803901613,0.68647788974175,0.797144899203988,0.491347812539834,7.76303646992892e-05,0.968716058788373,0.00030305628819158,0.140419708960647,0.192284986875505,1.47106448851991e-05,0.658717379785952,0.76954302018882,6.79376821854385e-05,30,0.293012630814604,1,0.9375
"205303_9",0.693006916517414,0.726758699162456,0.186526969917421,0.586685957466254,0.0522818975549418,0.0795530428492784,0.111576627515798,0.504128801193556,0.410300491317284,0.394360803901613,0.68647788974175,0.797144899203988,0.491347812539834,7.76303646992892e-05,0.968716058788373,0.00030305628819158,0.140419708960647,0.192284986875505,1.47106448851991e-05,0.658717379785952,0.76954302018882,6.79376821854385e-05,30,0.293012630814604,1,1
"205601_1",0.220320040559344,0.500002818902297,0.0535085046004718,0.500063357459616,0.0461121502000109,0.0364706993596828,0.0856334458002053,9.12367616361007e-05,0.662408569839089,0.999928297183826,0.719142579255707,0.769641887189534,0.514209640196844,0.0228876166074766,0.999991596603808,0.204075565353376,0.127286509459531,0.241542044358712,0.499559855764972,0.811980585095136,0.724044756209953,0.150719549518649,13,0.658030199349658,1,0.5
"205601_2",0.220320040559344,0.500002818902297,0.0535085046004718,0.500063357459616,0.0461121502000109,0.0364706993596828,0.0856334458002053,9.12367616361007e-05,0.662408569839089,0.999928297183826,0.719142579255707,0.769641887189534,0.514209640196844,0.0228876166074766,0.999991596603808,0.204075565353376,0.127286509459531,0.241542044358712,0.499559855764972,0.811980585095136,0.724044756209953,0.150719549518649,13,0.658030199349658,1,0.5625
"205601_3",0.220320040559344,0.500002818902297,0.0535085046004718,0.500063357459616,0.0461121502000109,0.0364706993596828,0.0856334458002053,9.12367616361007e-05,0.662408569839089,0.999928297183826,0.719142579255707,0.769641887189534,0.514209640196844,0.0228876166074766,0.999991596603808,0.204075565353376,0.127286509459531,0.241542044358712,0.499559855764972,0.811980585095136,0.724044756209953,0.150719549518649,13,0.658030199349658,1,0.625
"205601_4",0.220320040559344,0.500002818902297,0.0535085046004718,0.500063357459616,0.0461121502000109,0.0364706993596828,0.0856334458002053,9.12367616361007e-05,0.662408569839089,0.999928297183826,0.719142579255707,0.769641887189534,0.514209640196844,0.0228876166074766,0.999991596603808,0.204075565353376,0.127286509459531,0.241542044358712,0.499559855764972,0.811980585095136,0.724044756209953,0.150719549518649,13,0.658030199349658,1,0.6875
"205601_5",0.220320040559344,0.500002818902297,0.0535085046004718,0.500063357459616,0.0461121502000109,0.0364706993596828,0.0856334458002053,9.12367616361007e-05,0.662408569839089,0.999928297183826,0.719142579255707,0.769641887189534,0.514209640196844,0.0228876166074766,0.999991596603808,0.204075565353376,0.127286509459531,0.241542044358712,0.499559855764972,0.811980585095136,0.724044756209953,0.150719549518649,13,0.658030199349658,1,0.75
"205601_6",0.220320040559344,0.500002818902297,0.0535085046004718,0.500063357459616,0.0461121502000109,0.0364706993596828,0.0856334458002053,9.12367616361007e-05,0.662408569839089,0.999928297183826,0.719142579255707,0.769641887189534,0.514209640196844,0.0228876166074766,0.999991596603808,0.204075565353376,0.127286509459531,0.241542044358712,0.499559855764972,0.811980585095136,0.724044756209953,0.150719549518649,13,0.658030199349658,1,0.8125
"205601_7",0.220320040559344,0.500002818902297,0.0535085046004718,0.500063357459616,0.0461121502000109,0.0364706993596828,0.0856334458002053,9.12367616361007e-05,0.662408569839089,0.999928297183826,0.719142579255707,0.769641887189534,0.514209640196844,0.0228876166074766,0.999991596603808,0.204075565353376,0.127286509459531,0.241542044358712,0.499559855764972,0.811980585095136,0.724044756209953,0.150719549518649,13,0.658030199349658,1,0.875
"205601_8",0.220320040559344,0.500002818902297,0.0535085046004718,0.500063357459616,0.0461121502000109,0.0364706993596828,0.0856334458002053,9.12367616361007e-05,0.662408569839089,0.999928297183826,0.719142579255707,0.769641887189534,0.514209640196844,0.0228876166074766,0.999991596603808,0.204075565353376,0.127286509459531,0.241542044358712,0.499559855764972,0.811980585095136,0.724044756209953,0.150719549518649,13,0.658030199349658,1,0.9375
"205601_9",0.220320040559344,0.500002818902297,0.0535085046004718,0.500063357459616,0.0461121502000109,0.0364706993596828,0.0856334458002053,9.12367616361007e-05,0.662408569839089,0.999928297183826,0.719142579255707,0.769641887189534,0.514209640196844,0.0228876166074766,0.999991596603808,0.204075565353376,0.127286509459531,0.241542044358712,0.499559855764972,0.811980585095136,0.724044756209953,0.150719549518649,13,0.658030199349658,1,1
"205602_1",0.313151985168257,0.728704858316986,0.0847396364811864,0.500063357459616,0.0568976464743441,0.0845813466456855,0.0783526314907706,0.011241436464422,0.517300222934681,0.568335149228721,0.196934657906226,0.999563629297968,0.666389047383849,7.76303646992892e-05,0.92329937254603,0.126691157395159,0.28516729875913,0.222408559713137,0.479928327122047,0.684303640105007,0.745583168392591,6.79376821854385e-05,30,0.448312540940706,1,0.5
"205602_2",0.313151985168257,0.728704858316986,0.0847396364811864,0.500063357459616,0.0568976464743441,0.0845813466456855,0.0783526314907706,0.011241436464422,0.517300222934681,0.568335149228721,0.196934657906226,0.999563629297968,0.666389047383849,7.76303646992892e-05,0.92329937254603,0.126691157395159,0.28516729875913,0.222408559713137,0.479928327122047,0.684303640105007,0.745583168392591,6.79376821854385e-05,30,0.448312540940706,1,0.5625
"205602_3",0.313151985168257,0.728704858316986,0.0847396364811864,0.500063357459616,0.0568976464743441,0.0845813466456855,0.0783526314907706,0.011241436464422,0.517300222934681,0.568335149228721,0.196934657906226,0.999563629297968,0.666389047383849,7.76303646992892e-05,0.92329937254603,0.126691157395159,0.28516729875913,0.222408559713137,0.479928327122047,0.684303640105007,0.745583168392591,6.79376821854385e-05,30,0.448312540940706,1,0.625
"205602_4",0.313151985168257,0.728704858316986,0.0847396364811864,0.500063357459616,0.0568976464743441,0.0845813466456855,0.0783526314907706,0.011241436464422,0.517300222934681,0.568335149228721,0.196934657906226,0.999563629297968,0.666389047383849,7.76303646992892e-05,0.92329937254603,0.126691157395159,0.28516729875913,0.222408559713137,0.479928327122047,0.684303640105007,0.745583168392591,6.79376821854385e-05,30,0.448312540940706,1,0.6875
"205602_5",0.313151985168257,0.728704858316986,0.0847396364811864,0.500063357459616,0.0568976464743441,0.0845813466456855,0.0783526314907706,0.011241436464422,0.517300222934681,0.568335149228721,0.196934657906226,0.999563629297968,0.666389047383849,7.76303646992892e-05,0.92329937254603,0.126691157395159,0.28516729875913,0.222408559713137,0.479928327122047,0.684303640105007,0.745583168392591,6.79376821854385e-05,30,0.448312540940706,1,0.75
"205602_6",0.313151985168257,0.728704858316986,0.0847396364811864,0.500063357459616,0.0568976464743441,0.0845813466456855,0.0783526314907706,0.011241436464422,0.517300222934681,0.568335149228721,0.196934657906226,0.999563629297968,0.666389047383849,7.76303646992892e-05,0.92329937254603,0.126691157395159,0.28516729875913,0.222408559713137,0.479928327122047,0.684303640105007,0.745583168392591,6.79376821854385e-05,30,0.448312540940706,1,0.8125
"205602_7",0.313151985168257,0.728704858316986,0.0847396364811864,0.500063357459616,0.0568976464743441,0.0845813466456855,0.0783526314907706,0.011241436464422,0.517300222934681,0.568335149228721,0.196934657906226,0.999563629297968,0.666389047383849,7.76303646992892e-05,0.92329937254603,0.126691157395159,0.28516729875913,0.222408559713137,0.479928327122047,0.684303640105007,0.745583168392591,6.79376821854385e-05,30,0.448312540940706,1,0.875
"205602_8",0.313151985168257,0.728704858316986,0.0847396364811864,0.500063357459616,0.0568976464743441,0.0845813466456855,0.0783526314907706,0.011241436464422,0.517300222934681,0.568335149228721,0.196934657906226,0.999563629297968,0.666389047383849,7.76303646992892e-05,0.92329937254603,0.126691157395159,0.28516729875913,0.222408559713137,0.479928327122047,0.684303640105007,0.745583168392591,6.79376821854385e-05,30,0.448312540940706,1,0.9375
"205602_9",0.313151985168257,0.728704858316986,0.0847396364811864,0.500063357459616,0.0568976464743441,0.0845813466456855,0.0783526314907706,0.011241436464422,0.517300222934681,0.568335149228721,0.196934657906226,0.999563629297968,0.666389047383849,7.76303646992892e-05,0.92329937254603,0.126691157395159,0.28516729875913,0.222408559713137,0.479928327122047,0.684303640105007,0.745583168392591,6.79376821854385e-05,30,0.448312540940706,1,1
"205801_1",0.576492467060703,0.589724933533865,0.0594777402594708,0.500063357459616,0.0342617138406795,0.0827791172941766,0.103698888951293,0.295648920401085,0.40421717818005,0.786899736085871,0.89708884254468,0.969885390964158,0.57702359826933,7.76303646992892e-05,0.999991596603808,0.0463958561655496,0.303698103936554,0.327784797039543,0.425721378582909,0.95157021357891,0.749765500337048,0.0767809462659483,20,0.553618367365228,1,0.5
"205801_2",0.576492467060703,0.589724933533865,0.0594777402594708,0.500063357459616,0.0342617138406795,0.0827791172941766,0.103698888951293,0.295648920401085,0.40421717818005,0.786899736085871,0.89708884254468,0.969885390964158,0.57702359826933,7.76303646992892e-05,0.999991596603808,0.0463958561655496,0.303698103936554,0.327784797039543,0.425721378582909,0.95157021357891,0.749765500337048,0.0767809462659483,20,0.553618367365228,1,0.5625
"205801_3",0.576492467060703,0.589724933533865,0.0594777402594708,0.500063357459616,0.0342617138406795,0.0827791172941766,0.103698888951293,0.295648920401085,0.40421717818005,0.786899736085871,0.89708884254468,0.969885390964158,0.57702359826933,7.76303646992892e-05,0.999991596603808,0.0463958561655496,0.303698103936554,0.327784797039543,0.425721378582909,0.95157021357891,0.749765500337048,0.0767809462659483,20,0.553618367365228,1,0.625
"205801_4",0.576492467060703,0.589724933533865,0.0594777402594708,0.500063357459616,0.0342617138406795,0.0827791172941766,0.103698888951293,0.295648920401085,0.40421717818005,0.786899736085871,0.89708884254468,0.969885390964158,0.57702359826933,7.76303646992892e-05,0.999991596603808,0.0463958561655496,0.303698103936554,0.327784797039543,0.425721378582909,0.95157021357891,0.749765500337048,0.0767809462659483,20,0.553618367365228,1,0.6875
"205801_5",0.576492467060703,0.589724933533865,0.0594777402594708,0.500063357459616,0.0342617138406795,0.0827791172941766,0.103698888951293,0.295648920401085,0.40421717818005,0.786899736085871,0.89708884254468,0.969885390964158,0.57702359826933,7.76303646992892e-05,0.999991596603808,0.0463958561655496,0.303698103936554,0.327784797039543,0.425721378582909,0.95157021357891,0.749765500337048,0.0767809462659483,20,0.553618367365228,1,0.75
"205801_6",0.576492467060703,0.589724933533865,0.0594777402594708,0.500063357459616,0.0342617138406795,0.0827791172941766,0.103698888951293,0.295648920401085,0.40421717818005,0.786899736085871,0.89708884254468,0.969885390964158,0.57702359826933,7.76303646992892e-05,0.999991596603808,0.0463958561655496,0.303698103936554,0.327784797039543,0.425721378582909,0.95157021357891,0.749765500337048,0.0767809462659483,20,0.553618367365228,1,0.8125
"205801_7",0.576492467060703,0.589724933533865,0.0594777402594708,0.500063357459616,0.0342617138406795,0.0827791172941766,0.103698888951293,0.295648920401085,0.40421717818005,0.786899736085871,0.89708884254468,0.969885390964158,0.57702359826933,7.76303646992892e-05,0.999991596603808,0.0463958561655496,0.303698103936554,0.327784797039543,0.425721378582909,0.95157021357891,0.749765500337048,0.0767809462659483,20,0.553618367365228,1,0.875
"205801_8",0.576492467060703,0.589724933533865,0.0594777402594708,0.500063357459616,0.0342617138406795,0.0827791172941766,0.103698888951293,0.295648920401085,0.40421717818005,0.786899736085871,0.89708884254468,0.969885390964158,0.57702359826933,7.76303646992892e-05,0.999991596603808,0.0463958561655496,0.303698103936554,0.327784797039543,0.425721378582909,0.95157021357891,0.749765500337048,0.0767809462659483,20,0.553618367365228,1,0.9375
"205801_9",0.576492467060703,0.589724933533865,0.0594777402594708,0.500063357459616,0.0342617138406795,0.0827791172941766,0.103698888951293,0.295648920401085,0.40421717818005,0.786899736085871,0.89708884254468,0.969885390964158,0.57702359826933,7.76303646992892e-05,0.999991596603808,0.0463958561655496,0.303698103936554,0.327784797039543,0.425721378582909,0.95157021357891,0.749765500337048,0.0767809462659483,20,0.553618367365228,1,1
"206099_1",0.772362241037628,0.999963109878346,0.043890739341312,0.616757638050801,0.0857163283650625,0.074519436132414,0.103769150342063,0.445835990446916,0.999854110333847,0.563947311145707,0.460538225532375,0.0212085195201295,0.23803861244068,0.414978981446624,0.00019440235718619,0.290790864400877,0.343206565326067,0.00010701302640605,0.0999306046612716,0.806084690079095,0.955301272872991,0.202389589255119,16,0.472922926715514,1,0.5
"206099_2",0.772362241037628,0.999963109878346,0.043890739341312,0.616757638050801,0.0857163283650625,0.074519436132414,0.103769150342063,0.445835990446916,0.999854110333847,0.563947311145707,0.460538225532375,0.0212085195201295,0.23803861244068,0.414978981446624,0.00019440235718619,0.290790864400877,0.343206565326067,0.00010701302640605,0.0999306046612716,0.806084690079095,0.955301272872991,0.202389589255119,16,0.472922926715514,1,0.5625
"206099_3",0.772362241037628,0.999963109878346,0.043890739341312,0.616757638050801,0.0857163283650625,0.074519436132414,0.103769150342063,0.445835990446916,0.999854110333847,0.563947311145707,0.460538225532375,0.0212085195201295,0.23803861244068,0.414978981446624,0.00019440235718619,0.290790864400877,0.343206565326067,0.00010701302640605,0.0999306046612716,0.806084690079095,0.955301272872991,0.202389589255119,16,0.472922926715514,1,0.625
"206099_4",0.772362241037628,0.999963109878346,0.043890739341312,0.616757638050801,0.0857163283650625,0.074519436132414,0.103769150342063,0.445835990446916,0.999854110333847,0.563947311145707,0.460538225532375,0.0212085195201295,0.23803861244068,0.414978981446624,0.00019440235718619,0.290790864400877,0.343206565326067,0.00010701302640605,0.0999306046612716,0.806084690079095,0.955301272872991,0.202389589255119,16,0.472922926715514,1,0.6875
"206099_5",0.772362241037628,0.999963109878346,0.043890739341312,0.616757638050801,0.0857163283650625,0.074519436132414,0.103769150342063,0.445835990446916,0.999854110333847,0.563947311145707,0.460538225532375,0.0212085195201295,0.23803861244068,0.414978981446624,0.00019440235718619,0.290790864400877,0.343206565326067,0.00010701302640605,0.0999306046612716,0.806084690079095,0.955301272872991,0.202389589255119,16,0.472922926715514,1,0.75
"206099_6",0.772362241037628,0.999963109878346,0.043890739341312,0.616757638050801,0.0857163283650625,0.074519436132414,0.103769150342063,0.445835990446916,0.999854110333847,0.563947311145707,0.460538225532375,0.0212085195201295,0.23803861244068,0.414978981446624,0.00019440235718619,0.290790864400877,0.343206565326067,0.00010701302640605,0.0999306046612716,0.806084690079095,0.955301272872991,0.202389589255119,16,0.472922926715514,1,0.8125
"206099_7",0.772362241037628,0.999963109878346,0.043890739341312,0.616757638050801,0.0857163283650625,0.074519436132414,0.103769150342063,0.445835990446916,0.999854110333847,0.563947311145707,0.460538225532375,0.0212085195201295,0.23803861244068,0.414978981446624,0.00019440235718619,0.290790864400877,0.343206565326067,0.00010701302640605,0.0999306046612716,0.806084690079095,0.955301272872991,0.202389589255119,16,0.472922926715514,1,0.875
"206099_8",0.772362241037628,0.999963109878346,0.043890739341312,0.616757638050801,0.0857163283650625,0.074519436132414,0.103769150342063,0.445835990446916,0.999854110333847,0.563947311145707,0.460538225532375,0.0212085195201295,0.23803861244068,0.414978981446624,0.00019440235718619,0.290790864400877,0.343206565326067,0.00010701302640605,0.0999306046612716,0.806084690079095,0.955301272872991,0.202389589255119,16,0.472922926715514,1,0.9375
"206099_9",0.772362241037628,0.999963109878346,0.043890739341312,0.616757638050801,0.0857163283650625,0.074519436132414,0.103769150342063,0.445835990446916,0.999854110333847,0.563947311145707,0.460538225532375,0.0212085195201295,0.23803861244068,0.414978981446624,0.00019440235718619,0.290790864400877,0.343206565326067,0.00010701302640605,0.0999306046612716,0.806084690079095,0.955301272872991,0.202389589255119,16,0.472922926715514,1,1
"206100_1",0.56791401279104,0.999963109878346,0.119346917564969,0.595969464271623,0.0266891432532015,0.0666004755930284,0.0863053512751361,0.178735480737148,0.925159609929277,0.69253162971336,0.491447525709284,0.927410221830182,0.478911188113056,7.76303646992892e-05,0.356132483007483,0.0698002196726657,0.150677025315388,0.00010701302640605,1.47106448851991e-05,0.573349660504853,0.999975606664492,0.0521781371367408,11,0.695901744447438,1,0.5
"206100_2",0.56791401279104,0.999963109878346,0.119346917564969,0.595969464271623,0.0266891432532015,0.0666004755930284,0.0863053512751361,0.178735480737148,0.925159609929277,0.69253162971336,0.491447525709284,0.927410221830182,0.478911188113056,7.76303646992892e-05,0.356132483007483,0.0698002196726657,0.150677025315388,0.00010701302640605,1.47106448851991e-05,0.573349660504853,0.999975606664492,0.0521781371367408,11,0.695901744447438,1,0.5625
"206100_3",0.56791401279104,0.999963109878346,0.119346917564969,0.595969464271623,0.0266891432532015,0.0666004755930284,0.0863053512751361,0.178735480737148,0.925159609929277,0.69253162971336,0.491447525709284,0.927410221830182,0.478911188113056,7.76303646992892e-05,0.356132483007483,0.0698002196726657,0.150677025315388,0.00010701302640605,1.47106448851991e-05,0.573349660504853,0.999975606664492,0.0521781371367408,11,0.695901744447438,1,0.625
"206100_4",0.56791401279104,0.999963109878346,0.119346917564969,0.595969464271623,0.0266891432532015,0.0666004755930284,0.0863053512751361,0.178735480737148,0.925159609929277,0.69253162971336,0.491447525709284,0.927410221830182,0.478911188113056,7.76303646992892e-05,0.356132483007483,0.0698002196726657,0.150677025315388,0.00010701302640605,1.47106448851991e-05,0.573349660504853,0.999975606664492,0.0521781371367408,11,0.695901744447438,1,0.6875
"206100_5",0.56791401279104,0.999963109878346,0.119346917564969,0.595969464271623,0.0266891432532015,0.0666004755930284,0.0863053512751361,0.178735480737148,0.925159609929277,0.69253162971336,0.491447525709284,0.927410221830182,0.478911188113056,7.76303646992892e-05,0.356132483007483,0.0698002196726657,0.150677025315388,0.00010701302640605,1.47106448851991e-05,0.573349660504853,0.999975606664492,0.0521781371367408,11,0.695901744447438,1,0.75
"206100_6",0.56791401279104,0.999963109878346,0.119346917564969,0.595969464271623,0.0266891432532015,0.0666004755930284,0.0863053512751361,0.178735480737148,0.925159609929277,0.69253162971336,0.491447525709284,0.927410221830182,0.478911188113056,7.76303646992892e-05,0.356132483007483,0.0698002196726657,0.150677025315388,0.00010701302640605,1.47106448851991e-05,0.573349660504853,0.999975606664492,0.0521781371367408,11,0.695901744447438,1,0.8125
"206100_7",0.56791401279104,0.999963109878346,0.119346917564969,0.595969464271623,0.0266891432532015,0.0666004755930284,0.0863053512751361,0.178735480737148,0.925159609929277,0.69253162971336,0.491447525709284,0.927410221830182,0.478911188113056,7.76303646992892e-05,0.356132483007483,0.0698002196726657,0.150677025315388,0.00010701302640605,1.47106448851991e-05,0.573349660504853,0.999975606664492,0.0521781371367408,11,0.695901744447438,1,0.875
"206100_8",0.56791401279104,0.999963109878346,0.119346917564969,0.595969464271623,0.0266891432532015,0.0666004755930284,0.0863053512751361,0.178735480737148,0.925159609929277,0.69253162971336,0.491447525709284,0.927410221830182,0.478911188113056,7.76303646992892e-05,0.356132483007483,0.0698002196726657,0.150677025315388,0.00010701302640605,1.47106448851991e-05,0.573349660504853,0.999975606664492,0.0521781371367408,11,0.695901744447438,1,0.9375
"206100_9",0.56791401279104,0.999963109878346,0.119346917564969,0.595969464271623,0.0266891432532015,0.0666004755930284,0.0863053512751361,0.178735480737148,0.925159609929277,0.69253162971336,0.491447525709284,0.927410221830182,0.478911188113056,7.76303646992892e-05,0.356132483007483,0.0698002196726657,0.150677025315388,0.00010701302640605,1.47106448851991e-05,0.573349660504853,0.999975606664492,0.0521781371367408,11,0.695901744447438,1,1
"206101_1",0.00021768103810027,0.531508864924189,8.27004485181533e-05,0.671704202864868,0.0832879583482939,0.0600046111829316,2.35846800701693e-05,0.248487562570283,0.740413500338996,0.544834561658823,0.567987148434628,0.468602717659058,0.244267064662169,0.351817033412192,0.00019440235718619,0.499989724523516,0.446147180813549,0.12482966551698,0.499559855764972,0.664740625539993,0.678228287501823,0.090296107648068,3,0.445737416159062,1,0.5
"206101_2",0.00021768103810027,0.531508864924189,8.27004485181533e-05,0.671704202864868,0.0832879583482939,0.0600046111829316,2.35846800701693e-05,0.248487562570283,0.740413500338996,0.544834561658823,0.567987148434628,0.468602717659058,0.244267064662169,0.351817033412192,0.00019440235718619,0.499989724523516,0.446147180813549,0.12482966551698,0.499559855764972,0.664740625539993,0.678228287501823,0.090296107648068,3,0.445737416159062,1,0.5625
"206101_3",0.00021768103810027,0.531508864924189,8.27004485181533e-05,0.671704202864868,0.0832879583482939,0.0600046111829316,2.35846800701693e-05,0.248487562570283,0.740413500338996,0.544834561658823,0.567987148434628,0.468602717659058,0.244267064662169,0.351817033412192,0.00019440235718619,0.499989724523516,0.446147180813549,0.12482966551698,0.499559855764972,0.664740625539993,0.678228287501823,0.090296107648068,3,0.445737416159062,1,0.625
"206101_4",0.00021768103810027,0.531508864924189,8.27004485181533e-05,0.671704202864868,0.0832879583482939,0.0600046111829316,2.35846800701693e-05,0.248487562570283,0.740413500338996,0.544834561658823,0.567987148434628,0.468602717659058,0.244267064662169,0.351817033412192,0.00019440235718619,0.499989724523516,0.446147180813549,0.12482966551698,0.499559855764972,0.664740625539993,0.678228287501823,0.090296107648068,3,0.445737416159062,1,0.6875
"206101_5",0.00021768103810027,0.531508864924189,8.27004485181533e-05,0.671704202864868,0.0832879583482939,0.0600046111829316,2.35846800701693e-05,0.248487562570283,0.740413500338996,0.544834561658823,0.567987148434628,0.468602717659058,0.244267064662169,0.351817033412192,0.00019440235718619,0.499989724523516,0.446147180813549,0.12482966551698,0.499559855764972,0.664740625539993,0.678228287501823,0.090296107648068,3,0.445737416159062,1,0.75
"206101_6",0.00021768103810027,0.531508864924189,8.27004485181533e-05,0.671704202864868,0.0832879583482939,0.0600046111829316,2.35846800701693e-05,0.248487562570283,0.740413500338996,0.544834561658823,0.567987148434628,0.468602717659058,0.244267064662169,0.351817033412192,0.00019440235718619,0.499989724523516,0.446147180813549,0.12482966551698,0.499559855764972,0.664740625539993,0.678228287501823,0.090296107648068,3,0.445737416159062,1,0.8125
"206101_7",0.00021768103810027,0.531508864924189,8.27004485181533e-05,0.671704202864868,0.0832879583482939,0.0600046111829316,2.35846800701693e-05,0.248487562570283,0.740413500338996,0.544834561658823,0.567987148434628,0.468602717659058,0.244267064662169,0.351817033412192,0.00019440235718619,0.499989724523516,0.446147180813549,0.12482966551698,0.499559855764972,0.664740625539993,0.678228287501823,0.090296107648068,3,0.445737416159062,1,0.875
"206101_8",0.00021768103810027,0.531508864924189,8.27004485181533e-05,0.671704202864868,0.0832879583482939,0.0600046111829316,2.35846800701693e-05,0.248487562570283,0.740413500338996,0.544834561658823,0.567987148434628,0.468602717659058,0.244267064662169,0.351817033412192,0.00019440235718619,0.499989724523516,0.446147180813549,0.12482966551698,0.499559855764972,0.664740625539993,0.678228287501823,0.090296107648068,3,0.445737416159062,1,0.9375
"206101_9",0.00021768103810027,0.531508864924189,8.27004485181533e-05,0.671704202864868,0.0832879583482939,0.0600046111829316,2.35846800701693e-05,0.248487562570283,0.740413500338996,0.544834561658823,0.567987148434628,0.468602717659058,0.244267064662169,0.351817033412192,0.00019440235718619,0.499989724523516,0.446147180813549,0.12482966551698,0.499559855764972,0.664740625539993,0.678228287501823,0.090296107648068,3,0.445737416159062,1,1
"206201_1",0.763917834732279,0.595570068673936,0.139257794512334,0.685532075122421,0.0626526921975703,0.0240249922390068,0.0720136870753804,0.587225195997181,0.575762373169782,0.344052831753779,0.43011828670544,0.500038484100496,0.329185245677669,0.211321714732986,0.919535482886799,0.00030305628819158,0.181540243432858,0.316602773304458,0.0396223904740592,0.746822859058734,0.865424507200743,0.0268664596884728,24,0.38942072721338,1,0.5
"206201_2",0.763917834732279,0.595570068673936,0.139257794512334,0.685532075122421,0.0626526921975703,0.0240249922390068,0.0720136870753804,0.587225195997181,0.575762373169782,0.344052831753779,0.43011828670544,0.500038484100496,0.329185245677669,0.211321714732986,0.919535482886799,0.00030305628819158,0.181540243432858,0.316602773304458,0.0396223904740592,0.746822859058734,0.865424507200743,0.0268664596884728,24,0.38942072721338,1,0.5625
"206201_3",0.763917834732279,0.595570068673936,0.139257794512334,0.685532075122421,0.0626526921975703,0.0240249922390068,0.0720136870753804,0.587225195997181,0.575762373169782,0.344052831753779,0.43011828670544,0.500038484100496,0.329185245677669,0.211321714732986,0.919535482886799,0.00030305628819158,0.181540243432858,0.316602773304458,0.0396223904740592,0.746822859058734,0.865424507200743,0.0268664596884728,24,0.38942072721338,1,0.625
"206201_4",0.763917834732279,0.595570068673936,0.139257794512334,0.685532075122421,0.0626526921975703,0.0240249922390068,0.0720136870753804,0.587225195997181,0.575762373169782,0.344052831753779,0.43011828670544,0.500038484100496,0.329185245677669,0.211321714732986,0.919535482886799,0.00030305628819158,0.181540243432858,0.316602773304458,0.0396223904740592,0.746822859058734,0.865424507200743,0.0268664596884728,24,0.38942072721338,1,0.6875
"206201_5",0.763917834732279,0.595570068673936,0.139257794512334,0.685532075122421,0.0626526921975703,0.0240249922390068,0.0720136870753804,0.587225195997181,0.575762373169782,0.344052831753779,0.43011828670544,0.500038484100496,0.329185245677669,0.211321714732986,0.919535482886799,0.00030305628819158,0.181540243432858,0.316602773304458,0.0396223904740592,0.746822859058734,0.865424507200743,0.0268664596884728,24,0.38942072721338,1,0.75
"206201_6",0.763917834732279,0.595570068673936,0.139257794512334,0.685532075122421,0.0626526921975703,0.0240249922390068,0.0720136870753804,0.587225195997181,0.575762373169782,0.344052831753779,0.43011828670544,0.500038484100496,0.329185245677669,0.211321714732986,0.919535482886799,0.00030305628819158,0.181540243432858,0.316602773304458,0.0396223904740592,0.746822859058734,0.865424507200743,0.0268664596884728,24,0.38942072721338,1,0.8125
"206201_7",0.763917834732279,0.595570068673936,0.139257794512334,0.685532075122421,0.0626526921975703,0.0240249922390068,0.0720136870753804,0.587225195997181,0.575762373169782,0.344052831753779,0.43011828670544,0.500038484100496,0.329185245677669,0.211321714732986,0.919535482886799,0.00030305628819158,0.181540243432858,0.316602773304458,0.0396223904740592,0.746822859058734,0.865424507200743,0.0268664596884728,24,0.38942072721338,1,0.875
"206201_8",0.763917834732279,0.595570068673936,0.139257794512334,0.685532075122421,0.0626526921975703,0.0240249922390068,0.0720136870753804,0.587225195997181,0.575762373169782,0.344052831753779,0.43011828670544,0.500038484100496,0.329185245677669,0.211321714732986,0.919535482886799,0.00030305628819158,0.181540243432858,0.316602773304458,0.0396223904740592,0.746822859058734,0.865424507200743,0.0268664596884728,24,0.38942072721338,1,0.9375
"206201_9",0.763917834732279,0.595570068673936,0.139257794512334,0.685532075122421,0.0626526921975703,0.0240249922390068,0.0720136870753804,0.587225195997181,0.575762373169782,0.344052831753779,0.43011828670544,0.500038484100496,0.329185245677669,0.211321714732986,0.919535482886799,0.00030305628819158,0.181540243432858,0.316602773304458,0.0396223904740592,0.746822859058734,0.865424507200743,0.0268664596884728,24,0.38942072721338,1,1
"206399_1",0.207058650274811,0.862771940407424,0.157641397996654,0.645630436535343,0.112511569636183,0.0783932351232111,0.10397969632049,0.404147129063887,0.749578722326061,0.75268126912842,9.64684443548322e-05,0.349905628886832,0.348183905294939,0.149518693884728,0.549207798144377,0.0134625843813012,0.0829825198610159,0.00010701302640605,0.159725708908872,0.512509962602394,0.903306820372137,0.0970733324373909,27,0.276137743441521,1,0.5
"206399_2",0.207058650274811,0.862771940407424,0.157641397996654,0.645630436535343,0.112511569636183,0.0783932351232111,0.10397969632049,0.404147129063887,0.749578722326061,0.75268126912842,9.64684443548322e-05,0.349905628886832,0.348183905294939,0.149518693884728,0.549207798144377,0.0134625843813012,0.0829825198610159,0.00010701302640605,0.159725708908872,0.512509962602394,0.903306820372137,0.0970733324373909,27,0.276137743441521,1,0.5625
"206399_3",0.207058650274811,0.862771940407424,0.157641397996654,0.645630436535343,0.112511569636183,0.0783932351232111,0.10397969632049,0.404147129063887,0.749578722326061,0.75268126912842,9.64684443548322e-05,0.349905628886832,0.348183905294939,0.149518693884728,0.549207798144377,0.0134625843813012,0.0829825198610159,0.00010701302640605,0.159725708908872,0.512509962602394,0.903306820372137,0.0970733324373909,27,0.276137743441521,1,0.625
"206399_4",0.207058650274811,0.862771940407424,0.157641397996654,0.645630436535343,0.112511569636183,0.0783932351232111,0.10397969632049,0.404147129063887,0.749578722326061,0.75268126912842,9.64684443548322e-05,0.349905628886832,0.348183905294939,0.149518693884728,0.549207798144377,0.0134625843813012,0.0829825198610159,0.00010701302640605,0.159725708908872,0.512509962602394,0.903306820372137,0.0970733324373909,27,0.276137743441521,1,0.6875
"206399_5",0.207058650274811,0.862771940407424,0.157641397996654,0.645630436535343,0.112511569636183,0.0783932351232111,0.10397969632049,0.404147129063887,0.749578722326061,0.75268126912842,9.64684443548322e-05,0.349905628886832,0.348183905294939,0.149518693884728,0.549207798144377,0.0134625843813012,0.0829825198610159,0.00010701302640605,0.159725708908872,0.512509962602394,0.903306820372137,0.0970733324373909,27,0.276137743441521,1,0.75
"206399_6",0.207058650274811,0.862771940407424,0.157641397996654,0.645630436535343,0.112511569636183,0.0783932351232111,0.10397969632049,0.404147129063887,0.749578722326061,0.75268126912842,9.64684443548322e-05,0.349905628886832,0.348183905294939,0.149518693884728,0.549207798144377,0.0134625843813012,0.0829825198610159,0.00010701302640605,0.159725708908872,0.512509962602394,0.903306820372137,0.0970733324373909,27,0.276137743441521,1,0.8125
"206399_7",0.207058650274811,0.862771940407424,0.157641397996654,0.645630436535343,0.112511569636183,0.0783932351232111,0.10397969632049,0.404147129063887,0.749578722326061,0.75268126912842,9.64684443548322e-05,0.349905628886832,0.348183905294939,0.149518693884728,0.549207798144377,0.0134625843813012,0.0829825198610159,0.00010701302640605,0.159725708908872,0.512509962602394,0.903306820372137,0.0970733324373909,27,0.276137743441521,1,0.875
"206399_8",0.207058650274811,0.862771940407424,0.157641397996654,0.645630436535343,0.112511569636183,0.0783932351232111,0.10397969632049,0.404147129063887,0.749578722326061,0.75268126912842,9.64684443548322e-05,0.349905628886832,0.348183905294939,0.149518693884728,0.549207798144377,0.0134625843813012,0.0829825198610159,0.00010701302640605,0.159725708908872,0.512509962602394,0.903306820372137,0.0970733324373909,27,0.276137743441521,1,0.9375
"206399_9",0.207058650274811,0.862771940407424,0.157641397996654,0.645630436535343,0.112511569636183,0.0783932351232111,0.10397969632049,0.404147129063887,0.749578722326061,0.75268126912842,9.64684443548322e-05,0.349905628886832,0.348183905294939,0.149518693884728,0.549207798144377,0.0134625843813012,0.0829825198610159,0.00010701302640605,0.159725708908872,0.512509962602394,0.903306820372137,0.0970733324373909,27,0.276137743441521,1,1
"206402_1",0.105995400880504,0.668402177206083,0.0613789367576353,0.564846194235994,0.0842583468804072,0.0941154012925917,0.107201113320779,0.517907006379275,0.627235642949938,0.601661458302676,0.501327255404757,0.450299318829154,0.27746495527199,0.202191166462534,0.672355730434579,0.286237813984694,0.322339257272342,0.00010701302640605,0.326739107697898,0.719887862855437,0.89516814406626,0.192683161073993,14,0.0505453266651469,1,0.5
"206402_2",0.105995400880504,0.668402177206083,0.0613789367576353,0.564846194235994,0.0842583468804072,0.0941154012925917,0.107201113320779,0.517907006379275,0.627235642949938,0.601661458302676,0.501327255404757,0.450299318829154,0.27746495527199,0.202191166462534,0.672355730434579,0.286237813984694,0.322339257272342,0.00010701302640605,0.326739107697898,0.719887862855437,0.89516814406626,0.192683161073993,14,0.0505453266651469,1,0.5625
"206402_3",0.105995400880504,0.668402177206083,0.0613789367576353,0.564846194235994,0.0842583468804072,0.0941154012925917,0.107201113320779,0.517907006379275,0.627235642949938,0.601661458302676,0.501327255404757,0.450299318829154,0.27746495527199,0.202191166462534,0.672355730434579,0.286237813984694,0.322339257272342,0.00010701302640605,0.326739107697898,0.719887862855437,0.89516814406626,0.192683161073993,14,0.0505453266651469,1,0.625
"206402_4",0.105995400880504,0.668402177206083,0.0613789367576353,0.564846194235994,0.0842583468804072,0.0941154012925917,0.107201113320779,0.517907006379275,0.627235642949938,0.601661458302676,0.501327255404757,0.450299318829154,0.27746495527199,0.202191166462534,0.672355730434579,0.286237813984694,0.322339257272342,0.00010701302640605,0.326739107697898,0.719887862855437,0.89516814406626,0.192683161073993,14,0.0505453266651469,1,0.6875
"206402_5",0.105995400880504,0.668402177206083,0.0613789367576353,0.564846194235994,0.0842583468804072,0.0941154012925917,0.107201113320779,0.517907006379275,0.627235642949938,0.601661458302676,0.501327255404757,0.450299318829154,0.27746495527199,0.202191166462534,0.672355730434579,0.286237813984694,0.322339257272342,0.00010701302640605,0.326739107697898,0.719887862855437,0.89516814406626,0.192683161073993,14,0.0505453266651469,1,0.75
"206402_6",0.105995400880504,0.668402177206083,0.0613789367576353,0.564846194235994,0.0842583468804072,0.0941154012925917,0.107201113320779,0.517907006379275,0.627235642949938,0.601661458302676,0.501327255404757,0.450299318829154,0.27746495527199,0.202191166462534,0.672355730434579,0.286237813984694,0.322339257272342,0.00010701302640605,0.326739107697898,0.719887862855437,0.89516814406626,0.192683161073993,14,0.0505453266651469,1,0.8125
"206402_7",0.105995400880504,0.668402177206083,0.0613789367576353,0.564846194235994,0.0842583468804072,0.0941154012925917,0.107201113320779,0.517907006379275,0.627235642949938,0.601661458302676,0.501327255404757,0.450299318829154,0.27746495527199,0.202191166462534,0.672355730434579,0.286237813984694,0.322339257272342,0.00010701302640605,0.326739107697898,0.719887862855437,0.89516814406626,0.192683161073993,14,0.0505453266651469,1,0.875
"206402_8",0.105995400880504,0.668402177206083,0.0613789367576353,0.564846194235994,0.0842583468804072,0.0941154012925917,0.107201113320779,0.517907006379275,0.627235642949938,0.601661458302676,0.501327255404757,0.450299318829154,0.27746495527199,0.202191166462534,0.672355730434579,0.286237813984694,0.322339257272342,0.00010701302640605,0.326739107697898,0.719887862855437,0.89516814406626,0.192683161073993,14,0.0505453266651469,1,0.9375
"206402_9",0.105995400880504,0.668402177206083,0.0613789367576353,0.564846194235994,0.0842583468804072,0.0941154012925917,0.107201113320779,0.517907006379275,0.627235642949938,0.601661458302676,0.501327255404757,0.450299318829154,0.27746495527199,0.202191166462534,0.672355730434579,0.286237813984694,0.322339257272342,0.00010701302640605,0.326739107697898,0.719887862855437,0.89516814406626,0.192683161073993,14,0.0505453266651469,1,1
"206499_1",0.831205571371714,0.587363868055733,0.0200294156560354,0.562835365158584,0.0347724130914203,0.0418029480331972,0.0643167205511706,0.148799914031996,0.207932481135552,0.962509864498735,0.999795092571648,0.281167935778608,0.12840966071139,0.253096992206043,0.554208891732016,0.38725549352558,0.488044816941047,0.17283350973984,0.336392123900343,0.999990134470386,0.795094211936347,0.213594869330995,6,0.19250111899606,1,0.5
"206499_2",0.831205571371714,0.587363868055733,0.0200294156560354,0.562835365158584,0.0347724130914203,0.0418029480331972,0.0643167205511706,0.148799914031996,0.207932481135552,0.962509864498735,0.999795092571648,0.281167935778608,0.12840966071139,0.253096992206043,0.554208891732016,0.38725549352558,0.488044816941047,0.17283350973984,0.336392123900343,0.999990134470386,0.795094211936347,0.213594869330995,6,0.19250111899606,1,0.5625
"206499_3",0.831205571371714,0.587363868055733,0.0200294156560354,0.562835365158584,0.0347724130914203,0.0418029480331972,0.0643167205511706,0.148799914031996,0.207932481135552,0.962509864498735,0.999795092571648,0.281167935778608,0.12840966071139,0.253096992206043,0.554208891732016,0.38725549352558,0.488044816941047,0.17283350973984,0.336392123900343,0.999990134470386,0.795094211936347,0.213594869330995,6,0.19250111899606,1,0.625
"206499_4",0.831205571371714,0.587363868055733,0.0200294156560354,0.562835365158584,0.0347724130914203,0.0418029480331972,0.0643167205511706,0.148799914031996,0.207932481135552,0.962509864498735,0.999795092571648,0.281167935778608,0.12840966071139,0.253096992206043,0.554208891732016,0.38725549352558,0.488044816941047,0.17283350973984,0.336392123900343,0.999990134470386,0.795094211936347,0.213594869330995,6,0.19250111899606,1,0.6875
"206499_5",0.831205571371714,0.587363868055733,0.0200294156560354,0.562835365158584,0.0347724130914203,0.0418029480331972,0.0643167205511706,0.148799914031996,0.207932481135552,0.962509864498735,0.999795092571648,0.281167935778608,0.12840966071139,0.253096992206043,0.554208891732016,0.38725549352558,0.488044816941047,0.17283350973984,0.336392123900343,0.999990134470386,0.795094211936347,0.213594869330995,6,0.19250111899606,1,0.75
"206499_6",0.831205571371714,0.587363868055733,0.0200294156560354,0.562835365158584,0.0347724130914203,0.0418029480331972,0.0643167205511706,0.148799914031996,0.207932481135552,0.962509864498735,0.999795092571648,0.281167935778608,0.12840966071139,0.253096992206043,0.554208891732016,0.38725549352558,0.488044816941047,0.17283350973984,0.336392123900343,0.999990134470386,0.795094211936347,0.213594869330995,6,0.19250111899606,1,0.8125
"206499_7",0.831205571371714,0.587363868055733,0.0200294156560354,0.562835365158584,0.0347724130914203,0.0418029480331972,0.0643167205511706,0.148799914031996,0.207932481135552,0.962509864498735,0.999795092571648,0.281167935778608,0.12840966071139,0.253096992206043,0.554208891732016,0.38725549352558,0.488044816941047,0.17283350973984,0.336392123900343,0.999990134470386,0.795094211936347,0.213594869330995,6,0.19250111899606,1,0.875
"206499_8",0.831205571371714,0.587363868055733,0.0200294156560354,0.562835365158584,0.0347724130914203,0.0418029480331972,0.0643167205511706,0.148799914031996,0.207932481135552,0.962509864498735,0.999795092571648,0.281167935778608,0.12840966071139,0.253096992206043,0.554208891732016,0.38725549352558,0.488044816941047,0.17283350973984,0.336392123900343,0.999990134470386,0.795094211936347,0.213594869330995,6,0.19250111899606,1,0.9375
"206499_9",0.831205571371714,0.587363868055733,0.0200294156560354,0.562835365158584,0.0347724130914203,0.0418029480331972,0.0643167205511706,0.148799914031996,0.207932481135552,0.962509864498735,0.999795092571648,0.281167935778608,0.12840966071139,0.253096992206043,0.554208891732016,0.38725549352558,0.488044816941047,0.17283350973984,0.336392123900343,0.999990134470386,0.795094211936347,0.213594869330995,6,0.19250111899606,1,1
"206502_1",0.612772527609549,0.820699586090947,0.110084938230762,0.653106239633255,0.109841635915151,0.0944696900848126,0.114415914301033,0.999640291173093,0.659887375185738,0.496496050080736,0.0787424325800055,6.33614411693998e-05,0.117357680154571,0.453191653288218,0.316394901909239,0.0376515253707028,0.353393002882462,0.00010701302640605,0.0615147236051956,0.721055519502609,0.999975606664492,0.195938999483648,19,0.0600048133757636,1,0.5
"206502_2",0.612772527609549,0.820699586090947,0.110084938230762,0.653106239633255,0.109841635915151,0.0944696900848126,0.114415914301033,0.999640291173093,0.659887375185738,0.496496050080736,0.0787424325800055,6.33614411693998e-05,0.117357680154571,0.453191653288218,0.316394901909239,0.0376515253707028,0.353393002882462,0.00010701302640605,0.0615147236051956,0.721055519502609,0.999975606664492,0.195938999483648,19,0.0600048133757636,1,0.5625
"206502_3",0.612772527609549,0.820699586090947,0.110084938230762,0.653106239633255,0.109841635915151,0.0944696900848126,0.114415914301033,0.999640291173093,0.659887375185738,0.496496050080736,0.0787424325800055,6.33614411693998e-05,0.117357680154571,0.453191653288218,0.316394901909239,0.0376515253707028,0.353393002882462,0.00010701302640605,0.0615147236051956,0.721055519502609,0.999975606664492,0.195938999483648,19,0.0600048133757636,1,0.625
"206502_4",0.612772527609549,0.820699586090947,0.110084938230762,0.653106239633255,0.109841635915151,0.0944696900848126,0.114415914301033,0.999640291173093,0.659887375185738,0.496496050080736,0.0787424325800055,6.33614411693998e-05,0.117357680154571,0.453191653288218,0.316394901909239,0.0376515253707028,0.353393002882462,0.00010701302640605,0.0615147236051956,0.721055519502609,0.999975606664492,0.195938999483648,19,0.0600048133757636,1,0.6875
"206502_5",0.612772527609549,0.820699586090947,0.110084938230762,0.653106239633255,0.109841635915151,0.0944696900848126,0.114415914301033,0.999640291173093,0.659887375185738,0.496496050080736,0.0787424325800055,6.33614411693998e-05,0.117357680154571,0.453191653288218,0.316394901909239,0.0376515253707028,0.353393002882462,0.00010701302640605,0.0615147236051956,0.721055519502609,0.999975606664492,0.195938999483648,19,0.0600048133757636,1,0.75
"206502_6",0.612772527609549,0.820699586090947,0.110084938230762,0.653106239633255,0.109841635915151,0.0944696900848126,0.114415914301033,0.999640291173093,0.659887375185738,0.496496050080736,0.0787424325800055,6.33614411693998e-05,0.117357680154571,0.453191653288218,0.316394901909239,0.0376515253707028,0.353393002882462,0.00010701302640605,0.0615147236051956,0.721055519502609,0.999975606664492,0.195938999483648,19,0.0600048133757636,1,0.8125
"206502_7",0.612772527609549,0.820699586090947,0.110084938230762,0.653106239633255,0.109841635915151,0.0944696900848126,0.114415914301033,0.999640291173093,0.659887375185738,0.496496050080736,0.0787424325800055,6.33614411693998e-05,0.117357680154571,0.453191653288218,0.316394901909239,0.0376515253707028,0.353393002882462,0.00010701302640605,0.0615147236051956,0.721055519502609,0.999975606664492,0.195938999483648,19,0.0600048133757636,1,0.875
"206502_8",0.612772527609549,0.820699586090947,0.110084938230762,0.653106239633255,0.109841635915151,0.0944696900848126,0.114415914301033,0.999640291173093,0.659887375185738,0.496496050080736,0.0787424325800055,6.33614411693998e-05,0.117357680154571,0.453191653288218,0.316394901909239,0.0376515253707028,0.353393002882462,0.00010701302640605,0.0615147236051956,0.721055519502609,0.999975606664492,0.195938999483648,19,0.0600048133757636,1,0.9375
"206502_9",0.612772527609549,0.820699586090947,0.110084938230762,0.653106239633255,0.109841635915151,0.0944696900848126,0.114415914301033,0.999640291173093,0.659887375185738,0.496496050080736,0.0787424325800055,6.33614411693998e-05,0.117357680154571,0.453191653288218,0.316394901909239,0.0376515253707028,0.353393002882462,0.00010701302640605,0.0615147236051956,0.721055519502609,0.999975606664492,0.195938999483648,19,0.0600048133757636,1,1
"206699_1",0.545858451274337,0.896850108831604,0.175874805559229,0.662809246502856,0.086044601699633,0.101370010969649,0.119995094177388,0.680593174325057,0.650059627142646,0.434956130528089,0.529487125884213,0.339766001746723,0.290450928111605,0.252411590951482,0.423527351657259,0.0343597252976187,0.173733690217421,0.00010701302640605,1.47106448851991e-05,0.556425935354691,0.861084404284659,0.100898608863971,24,0.106550969579757,1,0.5
"206699_2",0.545858451274337,0.896850108831604,0.175874805559229,0.662809246502856,0.086044601699633,0.101370010969649,0.119995094177388,0.680593174325057,0.650059627142646,0.434956130528089,0.529487125884213,0.339766001746723,0.290450928111605,0.252411590951482,0.423527351657259,0.0343597252976187,0.173733690217421,0.00010701302640605,1.47106448851991e-05,0.556425935354691,0.861084404284659,0.100898608863971,24,0.106550969579757,1,0.5625
"206699_3",0.545858451274337,0.896850108831604,0.175874805559229,0.662809246502856,0.086044601699633,0.101370010969649,0.119995094177388,0.680593174325057,0.650059627142646,0.434956130528089,0.529487125884213,0.339766001746723,0.290450928111605,0.252411590951482,0.423527351657259,0.0343597252976187,0.173733690217421,0.00010701302640605,1.47106448851991e-05,0.556425935354691,0.861084404284659,0.100898608863971,24,0.106550969579757,1,0.625
"206699_4",0.545858451274337,0.896850108831604,0.175874805559229,0.662809246502856,0.086044601699633,0.101370010969649,0.119995094177388,0.680593174325057,0.650059627142646,0.434956130528089,0.529487125884213,0.339766001746723,0.290450928111605,0.252411590951482,0.423527351657259,0.0343597252976187,0.173733690217421,0.00010701302640605,1.47106448851991e-05,0.556425935354691,0.861084404284659,0.100898608863971,24,0.106550969579757,1,0.6875
"206699_5",0.545858451274337,0.896850108831604,0.175874805559229,0.662809246502856,0.086044601699633,0.101370010969649,0.119995094177388,0.680593174325057,0.650059627142646,0.434956130528089,0.529487125884213,0.339766001746723,0.290450928111605,0.252411590951482,0.423527351657259,0.0343597252976187,0.173733690217421,0.00010701302640605,1.47106448851991e-05,0.556425935354691,0.861084404284659,0.100898608863971,24,0.106550969579757,1,0.75
"206699_6",0.545858451274337,0.896850108831604,0.175874805559229,0.662809246502856,0.086044601699633,0.101370010969649,0.119995094177388,0.680593174325057,0.650059627142646,0.434956130528089,0.529487125884213,0.339766001746723,0.290450928111605,0.252411590951482,0.423527351657259,0.0343597252976187,0.173733690217421,0.00010701302640605,1.47106448851991e-05,0.556425935354691,0.861084404284659,0.100898608863971,24,0.106550969579757,1,0.8125
"206699_7",0.545858451274337,0.896850108831604,0.175874805559229,0.662809246502856,0.086044601699633,0.101370010969649,0.119995094177388,0.680593174325057,0.650059627142646,0.434956130528089,0.529487125884213,0.339766001746723,0.290450928111605,0.252411590951482,0.423527351657259,0.0343597252976187,0.173733690217421,0.00010701302640605,1.47106448851991e-05,0.556425935354691,0.861084404284659,0.100898608863971,24,0.106550969579757,1,0.875
"206699_8",0.545858451274337,0.896850108831604,0.175874805559229,0.662809246502856,0.086044601699633,0.101370010969649,0.119995094177388,0.680593174325057,0.650059627142646,0.434956130528089,0.529487125884213,0.339766001746723,0.290450928111605,0.252411590951482,0.423527351657259,0.0343597252976187,0.173733690217421,0.00010701302640605,1.47106448851991e-05,0.556425935354691,0.861084404284659,0.100898608863971,24,0.106550969579757,1,0.9375
"206699_9",0.545858451274337,0.896850108831604,0.175874805559229,0.662809246502856,0.086044601699633,0.101370010969649,0.119995094177388,0.680593174325057,0.650059627142646,0.434956130528089,0.529487125884213,0.339766001746723,0.290450928111605,0.252411590951482,0.423527351657259,0.0343597252976187,0.173733690217421,0.00010701302640605,1.47106448851991e-05,0.556425935354691,0.861084404284659,0.100898608863971,24,0.106550969579757,1,1
"206700_1",0.271278447653328,0.999963109878346,0.0472427636730918,0.544872738284728,0.0563132805433368,0.110328335967225,0.0299086546263569,0.0586298855039871,0.475726596311315,0.507693415685765,0.395550149442551,0.896768448557627,0.497706448999624,7.76303646992892e-05,0.00019440235718619,0.499989724523516,0.430938221417639,0.0041509227212678,0.466702438385703,0.629621815345867,0.733896664779693,6.79376821854385e-05,19,0.438098510913138,1,0.5
"206700_2",0.271278447653328,0.999963109878346,0.0472427636730918,0.544872738284728,0.0563132805433368,0.110328335967225,0.0299086546263569,0.0586298855039871,0.475726596311315,0.507693415685765,0.395550149442551,0.896768448557627,0.497706448999624,7.76303646992892e-05,0.00019440235718619,0.499989724523516,0.430938221417639,0.0041509227212678,0.466702438385703,0.629621815345867,0.733896664779693,6.79376821854385e-05,19,0.438098510913138,1,0.5625
"206700_3",0.271278447653328,0.999963109878346,0.0472427636730918,0.544872738284728,0.0563132805433368,0.110328335967225,0.0299086546263569,0.0586298855039871,0.475726596311315,0.507693415685765,0.395550149442551,0.896768448557627,0.497706448999624,7.76303646992892e-05,0.00019440235718619,0.499989724523516,0.430938221417639,0.0041509227212678,0.466702438385703,0.629621815345867,0.733896664779693,6.79376821854385e-05,19,0.438098510913138,1,0.625
"206700_4",0.271278447653328,0.999963109878346,0.0472427636730918,0.544872738284728,0.0563132805433368,0.110328335967225,0.0299086546263569,0.0586298855039871,0.475726596311315,0.507693415685765,0.395550149442551,0.896768448557627,0.497706448999624,7.76303646992892e-05,0.00019440235718619,0.499989724523516,0.430938221417639,0.0041509227212678,0.466702438385703,0.629621815345867,0.733896664779693,6.79376821854385e-05,19,0.438098510913138,1,0.6875
"206700_5",0.271278447653328,0.999963109878346,0.0472427636730918,0.544872738284728,0.0563132805433368,0.110328335967225,0.0299086546263569,0.0586298855039871,0.475726596311315,0.507693415685765,0.395550149442551,0.896768448557627,0.497706448999624,7.76303646992892e-05,0.00019440235718619,0.499989724523516,0.430938221417639,0.0041509227212678,0.466702438385703,0.629621815345867,0.733896664779693,6.79376821854385e-05,19,0.438098510913138,1,0.75
"206700_6",0.271278447653328,0.999963109878346,0.0472427636730918,0.544872738284728,0.0563132805433368,0.110328335967225,0.0299086546263569,0.0586298855039871,0.475726596311315,0.507693415685765,0.395550149442551,0.896768448557627,0.497706448999624,7.76303646992892e-05,0.00019440235718619,0.499989724523516,0.430938221417639,0.0041509227212678,0.466702438385703,0.629621815345867,0.733896664779693,6.79376821854385e-05,19,0.438098510913138,1,0.8125
"206700_7",0.271278447653328,0.999963109878346,0.0472427636730918,0.544872738284728,0.0563132805433368,0.110328335967225,0.0299086546263569,0.0586298855039871,0.475726596311315,0.507693415685765,0.395550149442551,0.896768448557627,0.497706448999624,7.76303646992892e-05,0.00019440235718619,0.499989724523516,0.430938221417639,0.0041509227212678,0.466702438385703,0.629621815345867,0.733896664779693,6.79376821854385e-05,19,0.438098510913138,1,0.875
"206700_8",0.271278447653328,0.999963109878346,0.0472427636730918,0.544872738284728,0.0563132805433368,0.110328335967225,0.0299086546263569,0.0586298855039871,0.475726596311315,0.507693415685765,0.395550149442551,0.896768448557627,0.497706448999624,7.76303646992892e-05,0.00019440235718619,0.499989724523516,0.430938221417639,0.0041509227212678,0.466702438385703,0.629621815345867,0.733896664779693,6.79376821854385e-05,19,0.438098510913138,1,0.9375
"206700_9",0.271278447653328,0.999963109878346,0.0472427636730918,0.544872738284728,0.0563132805433368,0.110328335967225,0.0299086546263569,0.0586298855039871,0.475726596311315,0.507693415685765,0.395550149442551,0.896768448557627,0.497706448999624,7.76303646992892e-05,0.00019440235718619,0.499989724523516,0.430938221417639,0.0041509227212678,0.466702438385703,0.629621815345867,0.733896664779693,6.79376821854385e-05,19,0.438098510913138,1,1
"206802_1",0.778463826548232,0.971655496954826,0.0669942878349261,0.543678951002794,0.0735382707537577,0.0695634295179792,0.111274245886199,0.230144196018725,0.641013323389213,0.67152259936859,0.454696286715327,0.272802201087927,0.256533779056635,7.76303646992892e-05,0.682633976443403,0.208633329875199,0.320098917959373,0.067794800401399,0.162157335425124,0.893981455560023,0.88721195902881,0.183403950705108,27,0.17355619315592,1,0.5
"206802_2",0.778463826548232,0.971655496954826,0.0669942878349261,0.543678951002794,0.0735382707537577,0.0695634295179792,0.111274245886199,0.230144196018725,0.641013323389213,0.67152259936859,0.454696286715327,0.272802201087927,0.256533779056635,7.76303646992892e-05,0.682633976443403,0.208633329875199,0.320098917959373,0.067794800401399,0.162157335425124,0.893981455560023,0.88721195902881,0.183403950705108,27,0.17355619315592,1,0.5625
"206802_3",0.778463826548232,0.971655496954826,0.0669942878349261,0.543678951002794,0.0735382707537577,0.0695634295179792,0.111274245886199,0.230144196018725,0.641013323389213,0.67152259936859,0.454696286715327,0.272802201087927,0.256533779056635,7.76303646992892e-05,0.682633976443403,0.208633329875199,0.320098917959373,0.067794800401399,0.162157335425124,0.893981455560023,0.88721195902881,0.183403950705108,27,0.17355619315592,1,0.625
"206802_4",0.778463826548232,0.971655496954826,0.0669942878349261,0.543678951002794,0.0735382707537577,0.0695634295179792,0.111274245886199,0.230144196018725,0.641013323389213,0.67152259936859,0.454696286715327,0.272802201087927,0.256533779056635,7.76303646992892e-05,0.682633976443403,0.208633329875199,0.320098917959373,0.067794800401399,0.162157335425124,0.893981455560023,0.88721195902881,0.183403950705108,27,0.17355619315592,1,0.6875
"206802_5",0.778463826548232,0.971655496954826,0.0669942878349261,0.543678951002794,0.0735382707537577,0.0695634295179792,0.111274245886199,0.230144196018725,0.641013323389213,0.67152259936859,0.454696286715327,0.272802201087927,0.256533779056635,7.76303646992892e-05,0.682633976443403,0.208633329875199,0.320098917959373,0.067794800401399,0.162157335425124,0.893981455560023,0.88721195902881,0.183403950705108,27,0.17355619315592,1,0.75
"206802_6",0.778463826548232,0.971655496954826,0.0669942878349261,0.543678951002794,0.0735382707537577,0.0695634295179792,0.111274245886199,0.230144196018725,0.641013323389213,0.67152259936859,0.454696286715327,0.272802201087927,0.256533779056635,7.76303646992892e-05,0.682633976443403,0.208633329875199,0.320098917959373,0.067794800401399,0.162157335425124,0.893981455560023,0.88721195902881,0.183403950705108,27,0.17355619315592,1,0.8125
"206802_7",0.778463826548232,0.971655496954826,0.0669942878349261,0.543678951002794,0.0735382707537577,0.0695634295179792,0.111274245886199,0.230144196018725,0.641013323389213,0.67152259936859,0.454696286715327,0.272802201087927,0.256533779056635,7.76303646992892e-05,0.682633976443403,0.208633329875199,0.320098917959373,0.067794800401399,0.162157335425124,0.893981455560023,0.88721195902881,0.183403950705108,27,0.17355619315592,1,0.875
"206802_8",0.778463826548232,0.971655496954826,0.0669942878349261,0.543678951002794,0.0735382707537577,0.0695634295179792,0.111274245886199,0.230144196018725,0.641013323389213,0.67152259936859,0.454696286715327,0.272802201087927,0.256533779056635,7.76303646992892e-05,0.682633976443403,0.208633329875199,0.320098917959373,0.067794800401399,0.162157335425124,0.893981455560023,0.88721195902881,0.183403950705108,27,0.17355619315592,1,0.9375
"206802_9",0.778463826548232,0.971655496954826,0.0669942878349261,0.543678951002794,0.0735382707537577,0.0695634295179792,0.111274245886199,0.230144196018725,0.641013323389213,0.67152259936859,0.454696286715327,0.272802201087927,0.256533779056635,7.76303646992892e-05,0.682633976443403,0.208633329875199,0.320098917959373,0.067794800401399,0.162157335425124,0.893981455560023,0.88721195902881,0.183403950705108,27,0.17355619315592,1,1
"206804_1",0.163599743699938,0.528361804729772,0.0306603247877772,0.500063357459616,0.0371973434312471,0.0967356558346206,0.111688654545926,0.2147184651895,0.892136139694706,0.613911671992071,0.919083002225847,0.999563629297968,0.816846895296966,7.76303646992892e-05,0.999991596603808,0.107919943595423,0.239137981859279,0.166420260436745,0.499559855764972,0.818678677220508,0.727542227286031,0.0514418237085026,18,0.82936998675995,1,0.5
"206804_2",0.163599743699938,0.528361804729772,0.0306603247877772,0.500063357459616,0.0371973434312471,0.0967356558346206,0.111688654545926,0.2147184651895,0.892136139694706,0.613911671992071,0.919083002225847,0.999563629297968,0.816846895296966,7.76303646992892e-05,0.999991596603808,0.107919943595423,0.239137981859279,0.166420260436745,0.499559855764972,0.818678677220508,0.727542227286031,0.0514418237085026,18,0.82936998675995,1,0.5625
"206804_3",0.163599743699938,0.528361804729772,0.0306603247877772,0.500063357459616,0.0371973434312471,0.0967356558346206,0.111688654545926,0.2147184651895,0.892136139694706,0.613911671992071,0.919083002225847,0.999563629297968,0.816846895296966,7.76303646992892e-05,0.999991596603808,0.107919943595423,0.239137981859279,0.166420260436745,0.499559855764972,0.818678677220508,0.727542227286031,0.0514418237085026,18,0.82936998675995,1,0.625
"206804_4",0.163599743699938,0.528361804729772,0.0306603247877772,0.500063357459616,0.0371973434312471,0.0967356558346206,0.111688654545926,0.2147184651895,0.892136139694706,0.613911671992071,0.919083002225847,0.999563629297968,0.816846895296966,7.76303646992892e-05,0.999991596603808,0.107919943595423,0.239137981859279,0.166420260436745,0.499559855764972,0.818678677220508,0.727542227286031,0.0514418237085026,18,0.82936998675995,1,0.6875
"206804_5",0.163599743699938,0.528361804729772,0.0306603247877772,0.500063357459616,0.0371973434312471,0.0967356558346206,0.111688654545926,0.2147184651895,0.892136139694706,0.613911671992071,0.919083002225847,0.999563629297968,0.816846895296966,7.76303646992892e-05,0.999991596603808,0.107919943595423,0.239137981859279,0.166420260436745,0.499559855764972,0.818678677220508,0.727542227286031,0.0514418237085026,18,0.82936998675995,1,0.75
"206804_6",0.163599743699938,0.528361804729772,0.0306603247877772,0.500063357459616,0.0371973434312471,0.0967356558346206,0.111688654545926,0.2147184651895,0.892136139694706,0.613911671992071,0.919083002225847,0.999563629297968,0.816846895296966,7.76303646992892e-05,0.999991596603808,0.107919943595423,0.239137981859279,0.166420260436745,0.499559855764972,0.818678677220508,0.727542227286031,0.0514418237085026,18,0.82936998675995,1,0.8125
"206804_7",0.163599743699938,0.528361804729772,0.0306603247877772,0.500063357459616,0.0371973434312471,0.0967356558346206,0.111688654545926,0.2147184651895,0.892136139694706,0.613911671992071,0.919083002225847,0.999563629297968,0.816846895296966,7.76303646992892e-05,0.999991596603808,0.107919943595423,0.239137981859279,0.166420260436745,0.499559855764972,0.818678677220508,0.727542227286031,0.0514418237085026,18,0.82936998675995,1,0.875
"206804_8",0.163599743699938,0.528361804729772,0.0306603247877772,0.500063357459616,0.0371973434312471,0.0967356558346206,0.111688654545926,0.2147184651895,0.892136139694706,0.613911671992071,0.919083002225847,0.999563629297968,0.816846895296966,7.76303646992892e-05,0.999991596603808,0.107919943595423,0.239137981859279,0.166420260436745,0.499559855764972,0.818678677220508,0.727542227286031,0.0514418237085026,18,0.82936998675995,1,0.9375
"206804_9",0.163599743699938,0.528361804729772,0.0306603247877772,0.500063357459616,0.0371973434312471,0.0967356558346206,0.111688654545926,0.2147184651895,0.892136139694706,0.613911671992071,0.919083002225847,0.999563629297968,0.816846895296966,7.76303646992892e-05,0.999991596603808,0.107919943595423,0.239137981859279,0.166420260436745,0.499559855764972,0.818678677220508,0.727542227286031,0.0514418237085026,18,0.82936998675995,1,1
"207201_1",0.242744080831774,0.848282992540558,0.0338291492080384,0.660717674304956,0.0592161462953228,0.0649868848606078,0.0282296258094425,9.12367616361007e-05,0.388984660178054,0.317651454824151,0.541877110317662,0.578425606729884,0.288886264702682,7.76303646992892e-05,0.294507007376462,0.499989724523516,0.461972545148526,0.00010701302640605,0.411620066045922,0.68161953020581,0.714539985122777,0.0540488438275035,19,0.00556753716507374,1,0.5
"207201_2",0.242744080831774,0.848282992540558,0.0338291492080384,0.660717674304956,0.0592161462953228,0.0649868848606078,0.0282296258094425,9.12367616361007e-05,0.388984660178054,0.317651454824151,0.541877110317662,0.578425606729884,0.288886264702682,7.76303646992892e-05,0.294507007376462,0.499989724523516,0.461972545148526,0.00010701302640605,0.411620066045922,0.68161953020581,0.714539985122777,0.0540488438275035,19,0.00556753716507374,1,0.5625
"207201_3",0.242744080831774,0.848282992540558,0.0338291492080384,0.660717674304956,0.0592161462953228,0.0649868848606078,0.0282296258094425,9.12367616361007e-05,0.388984660178054,0.317651454824151,0.541877110317662,0.578425606729884,0.288886264702682,7.76303646992892e-05,0.294507007376462,0.499989724523516,0.461972545148526,0.00010701302640605,0.411620066045922,0.68161953020581,0.714539985122777,0.0540488438275035,19,0.00556753716507374,1,0.625
"207201_4",0.242744080831774,0.848282992540558,0.0338291492080384,0.660717674304956,0.0592161462953228,0.0649868848606078,0.0282296258094425,9.12367616361007e-05,0.388984660178054,0.317651454824151,0.541877110317662,0.578425606729884,0.288886264702682,7.76303646992892e-05,0.294507007376462,0.499989724523516,0.461972545148526,0.00010701302640605,0.411620066045922,0.68161953020581,0.714539985122777,0.0540488438275035,19,0.00556753716507374,1,0.6875
"207201_5",0.242744080831774,0.848282992540558,0.0338291492080384,0.660717674304956,0.0592161462953228,0.0649868848606078,0.0282296258094425,9.12367616361007e-05,0.388984660178054,0.317651454824151,0.541877110317662,0.578425606729884,0.288886264702682,7.76303646992892e-05,0.294507007376462,0.499989724523516,0.461972545148526,0.00010701302640605,0.411620066045922,0.68161953020581,0.714539985122777,0.0540488438275035,19,0.00556753716507374,1,0.75
"207201_6",0.242744080831774,0.848282992540558,0.0338291492080384,0.660717674304956,0.0592161462953228,0.0649868848606078,0.0282296258094425,9.12367616361007e-05,0.388984660178054,0.317651454824151,0.541877110317662,0.578425606729884,0.288886264702682,7.76303646992892e-05,0.294507007376462,0.499989724523516,0.461972545148526,0.00010701302640605,0.411620066045922,0.68161953020581,0.714539985122777,0.0540488438275035,19,0.00556753716507374,1,0.8125
"207201_7",0.242744080831774,0.848282992540558,0.0338291492080384,0.660717674304956,0.0592161462953228,0.0649868848606078,0.0282296258094425,9.12367616361007e-05,0.388984660178054,0.317651454824151,0.541877110317662,0.578425606729884,0.288886264702682,7.76303646992892e-05,0.294507007376462,0.499989724523516,0.461972545148526,0.00010701302640605,0.411620066045922,0.68161953020581,0.714539985122777,0.0540488438275035,19,0.00556753716507374,1,0.875
"207201_8",0.242744080831774,0.848282992540558,0.0338291492080384,0.660717674304956,0.0592161462953228,0.0649868848606078,0.0282296258094425,9.12367616361007e-05,0.388984660178054,0.317651454824151,0.541877110317662,0.578425606729884,0.288886264702682,7.76303646992892e-05,0.294507007376462,0.499989724523516,0.461972545148526,0.00010701302640605,0.411620066045922,0.68161953020581,0.714539985122777,0.0540488438275035,19,0.00556753716507374,1,0.9375
"207201_9",0.242744080831774,0.848282992540558,0.0338291492080384,0.660717674304956,0.0592161462953228,0.0649868848606078,0.0282296258094425,9.12367616361007e-05,0.388984660178054,0.317651454824151,0.541877110317662,0.578425606729884,0.288886264702682,7.76303646992892e-05,0.294507007376462,0.499989724523516,0.461972545148526,0.00010701302640605,0.411620066045922,0.68161953020581,0.714539985122777,0.0540488438275035,19,0.00556753716507374,1,1
"207300_1",0.887650997175326,0.993168681757682,0.113901436986811,0.729777290903568,0.0795799676972524,0.0514330133860976,0.0532499591629899,0.408128066281003,0.485083984858604,0.664703595447021,0.269344068437213,6.33614411693998e-05,0.0237263891081085,0.194580447196656,0.209450519400151,0.300608616603562,0.355855376066439,0.0548330954424008,1.47106448851991e-05,0.669900193163093,0.901362723381556,0.163076904062618,22,6.59723176294938e-05,1,0.5
"207300_2",0.887650997175326,0.993168681757682,0.113901436986811,0.729777290903568,0.0795799676972524,0.0514330133860976,0.0532499591629899,0.408128066281003,0.485083984858604,0.664703595447021,0.269344068437213,6.33614411693998e-05,0.0237263891081085,0.194580447196656,0.209450519400151,0.300608616603562,0.355855376066439,0.0548330954424008,1.47106448851991e-05,0.669900193163093,0.901362723381556,0.163076904062618,22,6.59723176294938e-05,1,0.5625
"207300_3",0.887650997175326,0.993168681757682,0.113901436986811,0.729777290903568,0.0795799676972524,0.0514330133860976,0.0532499591629899,0.408128066281003,0.485083984858604,0.664703595447021,0.269344068437213,6.33614411693998e-05,0.0237263891081085,0.194580447196656,0.209450519400151,0.300608616603562,0.355855376066439,0.0548330954424008,1.47106448851991e-05,0.669900193163093,0.901362723381556,0.163076904062618,22,6.59723176294938e-05,1,0.625
"207300_4",0.887650997175326,0.993168681757682,0.113901436986811,0.729777290903568,0.0795799676972524,0.0514330133860976,0.0532499591629899,0.408128066281003,0.485083984858604,0.664703595447021,0.269344068437213,6.33614411693998e-05,0.0237263891081085,0.194580447196656,0.209450519400151,0.300608616603562,0.355855376066439,0.0548330954424008,1.47106448851991e-05,0.669900193163093,0.901362723381556,0.163076904062618,22,6.59723176294938e-05,1,0.6875
"207300_5",0.887650997175326,0.993168681757682,0.113901436986811,0.729777290903568,0.0795799676972524,0.0514330133860976,0.0532499591629899,0.408128066281003,0.485083984858604,0.664703595447021,0.269344068437213,6.33614411693998e-05,0.0237263891081085,0.194580447196656,0.209450519400151,0.300608616603562,0.355855376066439,0.0548330954424008,1.47106448851991e-05,0.669900193163093,0.901362723381556,0.163076904062618,22,6.59723176294938e-05,1,0.75
"207300_6",0.887650997175326,0.993168681757682,0.113901436986811,0.729777290903568,0.0795799676972524,0.0514330133860976,0.0532499591629899,0.408128066281003,0.485083984858604,0.664703595447021,0.269344068437213,6.33614411693998e-05,0.0237263891081085,0.194580447196656,0.209450519400151,0.300608616603562,0.355855376066439,0.0548330954424008,1.47106448851991e-05,0.669900193163093,0.901362723381556,0.163076904062618,22,6.59723176294938e-05,1,0.8125
"207300_7",0.887650997175326,0.993168681757682,0.113901436986811,0.729777290903568,0.0795799676972524,0.0514330133860976,0.0532499591629899,0.408128066281003,0.485083984858604,0.664703595447021,0.269344068437213,6.33614411693998e-05,0.0237263891081085,0.194580447196656,0.209450519400151,0.300608616603562,0.355855376066439,0.0548330954424008,1.47106448851991e-05,0.669900193163093,0.901362723381556,0.163076904062618,22,6.59723176294938e-05,1,0.875
"207300_8",0.887650997175326,0.993168681757682,0.113901436986811,0.729777290903568,0.0795799676972524,0.0514330133860976,0.0532499591629899,0.408128066281003,0.485083984858604,0.664703595447021,0.269344068437213,6.33614411693998e-05,0.0237263891081085,0.194580447196656,0.209450519400151,0.300608616603562,0.355855376066439,0.0548330954424008,1.47106448851991e-05,0.669900193163093,0.901362723381556,0.163076904062618,22,6.59723176294938e-05,1,0.9375
"207300_9",0.887650997175326,0.993168681757682,0.113901436986811,0.729777290903568,0.0795799676972524,0.0514330133860976,0.0532499591629899,0.408128066281003,0.485083984858604,0.664703595447021,0.269344068437213,6.33614411693998e-05,0.0237263891081085,0.194580447196656,0.209450519400151,0.300608616603562,0.355855376066439,0.0548330954424008,1.47106448851991e-05,0.669900193163093,0.901362723381556,0.163076904062618,22,6.59723176294938e-05,1,1
"207405_1",0.741805235462617,0.999963109878346,0.115605862059968,0.677126222647973,0.087100358563813,0.061904789944342,0.102768783235943,0.832124177738092,0.55431130610789,0.54220248150145,0.0248919111914516,0.256887746542988,0.148665802379466,0.214644369631983,0.329243483136218,0.00030305628819158,0.26231561041021,0.00010701302640605,0.0233767307540672,0.846741097197684,0.999975606664492,0.106501992677093,13,0.36220697839847,1,0.5
"207405_2",0.741805235462617,0.999963109878346,0.115605862059968,0.677126222647973,0.087100358563813,0.061904789944342,0.102768783235943,0.832124177738092,0.55431130610789,0.54220248150145,0.0248919111914516,0.256887746542988,0.148665802379466,0.214644369631983,0.329243483136218,0.00030305628819158,0.26231561041021,0.00010701302640605,0.0233767307540672,0.846741097197684,0.999975606664492,0.106501992677093,13,0.36220697839847,1,0.5625
"207405_3",0.741805235462617,0.999963109878346,0.115605862059968,0.677126222647973,0.087100358563813,0.061904789944342,0.102768783235943,0.832124177738092,0.55431130610789,0.54220248150145,0.0248919111914516,0.256887746542988,0.148665802379466,0.214644369631983,0.329243483136218,0.00030305628819158,0.26231561041021,0.00010701302640605,0.0233767307540672,0.846741097197684,0.999975606664492,0.106501992677093,13,0.36220697839847,1,0.625
"207405_4",0.741805235462617,0.999963109878346,0.115605862059968,0.677126222647973,0.087100358563813,0.061904789944342,0.102768783235943,0.832124177738092,0.55431130610789,0.54220248150145,0.0248919111914516,0.256887746542988,0.148665802379466,0.214644369631983,0.329243483136218,0.00030305628819158,0.26231561041021,0.00010701302640605,0.0233767307540672,0.846741097197684,0.999975606664492,0.106501992677093,13,0.36220697839847,1,0.6875
"207405_5",0.741805235462617,0.999963109878346,0.115605862059968,0.677126222647973,0.087100358563813,0.061904789944342,0.102768783235943,0.832124177738092,0.55431130610789,0.54220248150145,0.0248919111914516,0.256887746542988,0.148665802379466,0.214644369631983,0.329243483136218,0.00030305628819158,0.26231561041021,0.00010701302640605,0.0233767307540672,0.846741097197684,0.999975606664492,0.106501992677093,13,0.36220697839847,1,0.75
"207405_6",0.741805235462617,0.999963109878346,0.115605862059968,0.677126222647973,0.087100358563813,0.061904789944342,0.102768783235943,0.832124177738092,0.55431130610789,0.54220248150145,0.0248919111914516,0.256887746542988,0.148665802379466,0.214644369631983,0.329243483136218,0.00030305628819158,0.26231561041021,0.00010701302640605,0.0233767307540672,0.846741097197684,0.999975606664492,0.106501992677093,13,0.36220697839847,1,0.8125
"207405_7",0.741805235462617,0.999963109878346,0.115605862059968,0.677126222647973,0.087100358563813,0.061904789944342,0.102768783235943,0.832124177738092,0.55431130610789,0.54220248150145,0.0248919111914516,0.256887746542988,0.148665802379466,0.214644369631983,0.329243483136218,0.00030305628819158,0.26231561041021,0.00010701302640605,0.0233767307540672,0.846741097197684,0.999975606664492,0.106501992677093,13,0.36220697839847,1,0.875
"207405_8",0.741805235462617,0.999963109878346,0.115605862059968,0.677126222647973,0.087100358563813,0.061904789944342,0.102768783235943,0.832124177738092,0.55431130610789,0.54220248150145,0.0248919111914516,0.256887746542988,0.148665802379466,0.214644369631983,0.329243483136218,0.00030305628819158,0.26231561041021,0.00010701302640605,0.0233767307540672,0.846741097197684,0.999975606664492,0.106501992677093,13,0.36220697839847,1,0.9375
"207405_9",0.741805235462617,0.999963109878346,0.115605862059968,0.677126222647973,0.087100358563813,0.061904789944342,0.102768783235943,0.832124177738092,0.55431130610789,0.54220248150145,0.0248919111914516,0.256887746542988,0.148665802379466,0.214644369631983,0.329243483136218,0.00030305628819158,0.26231561041021,0.00010701302640605,0.0233767307540672,0.846741097197684,0.999975606664492,0.106501992677093,13,0.36220697839847,1,1
"207701_1",0.637767157597632,0.40521436951628,0.0841156698362478,0.736947682161376,0.0865085261042342,0.0321965410346645,0.0651820908426864,0.526931343076795,0.39624850932152,0.410929208269934,0.440867987017553,6.33614411693998e-05,0.0308002991120791,0.50822717092475,0.676525501944062,0.277634993748352,0.400362328938252,0.11254437285291,0.155280962000016,0.785401102187455,0.84801684540567,0.178120473177803,20,6.59723176294938e-05,1,0.5
"207701_2",0.637767157597632,0.40521436951628,0.0841156698362478,0.736947682161376,0.0865085261042342,0.0321965410346645,0.0651820908426864,0.526931343076795,0.39624850932152,0.410929208269934,0.440867987017553,6.33614411693998e-05,0.0308002991120791,0.50822717092475,0.676525501944062,0.277634993748352,0.400362328938252,0.11254437285291,0.155280962000016,0.785401102187455,0.84801684540567,0.178120473177803,20,6.59723176294938e-05,1,0.5625
"207701_3",0.637767157597632,0.40521436951628,0.0841156698362478,0.736947682161376,0.0865085261042342,0.0321965410346645,0.0651820908426864,0.526931343076795,0.39624850932152,0.410929208269934,0.440867987017553,6.33614411693998e-05,0.0308002991120791,0.50822717092475,0.676525501944062,0.277634993748352,0.400362328938252,0.11254437285291,0.155280962000016,0.785401102187455,0.84801684540567,0.178120473177803,20,6.59723176294938e-05,1,0.625
"207701_4",0.637767157597632,0.40521436951628,0.0841156698362478,0.736947682161376,0.0865085261042342,0.0321965410346645,0.0651820908426864,0.526931343076795,0.39624850932152,0.410929208269934,0.440867987017553,6.33614411693998e-05,0.0308002991120791,0.50822717092475,0.676525501944062,0.277634993748352,0.400362328938252,0.11254437285291,0.155280962000016,0.785401102187455,0.84801684540567,0.178120473177803,20,6.59723176294938e-05,1,0.6875
"207701_5",0.637767157597632,0.40521436951628,0.0841156698362478,0.736947682161376,0.0865085261042342,0.0321965410346645,0.0651820908426864,0.526931343076795,0.39624850932152,0.410929208269934,0.440867987017553,6.33614411693998e-05,0.0308002991120791,0.50822717092475,0.676525501944062,0.277634993748352,0.400362328938252,0.11254437285291,0.155280962000016,0.785401102187455,0.84801684540567,0.178120473177803,20,6.59723176294938e-05,1,0.75
"207701_6",0.637767157597632,0.40521436951628,0.0841156698362478,0.736947682161376,0.0865085261042342,0.0321965410346645,0.0651820908426864,0.526931343076795,0.39624850932152,0.410929208269934,0.440867987017553,6.33614411693998e-05,0.0308002991120791,0.50822717092475,0.676525501944062,0.277634993748352,0.400362328938252,0.11254437285291,0.155280962000016,0.785401102187455,0.84801684540567,0.178120473177803,20,6.59723176294938e-05,1,0.8125
"207701_7",0.637767157597632,0.40521436951628,0.0841156698362478,0.736947682161376,0.0865085261042342,0.0321965410346645,0.0651820908426864,0.526931343076795,0.39624850932152,0.410929208269934,0.440867987017553,6.33614411693998e-05,0.0308002991120791,0.50822717092475,0.676525501944062,0.277634993748352,0.400362328938252,0.11254437285291,0.155280962000016,0.785401102187455,0.84801684540567,0.178120473177803,20,6.59723176294938e-05,1,0.875
"207701_8",0.637767157597632,0.40521436951628,0.0841156698362478,0.736947682161376,0.0865085261042342,0.0321965410346645,0.0651820908426864,0.526931343076795,0.39624850932152,0.410929208269934,0.440867987017553,6.33614411693998e-05,0.0308002991120791,0.50822717092475,0.676525501944062,0.277634993748352,0.400362328938252,0.11254437285291,0.155280962000016,0.785401102187455,0.84801684540567,0.178120473177803,20,6.59723176294938e-05,1,0.9375
"207701_9",0.637767157597632,0.40521436951628,0.0841156698362478,0.736947682161376,0.0865085261042342,0.0321965410346645,0.0651820908426864,0.526931343076795,0.39624850932152,0.410929208269934,0.440867987017553,6.33614411693998e-05,0.0308002991120791,0.50822717092475,0.676525501944062,0.277634993748352,0.400362328938252,0.11254437285291,0.155280962000016,0.785401102187455,0.84801684540567,0.178120473177803,20,6.59723176294938e-05,1,1
"207803_1",0.528429210884719,0.999963109878346,0.0737749418406523,0.672334450520995,0.0233546182701128,0.0275128269730016,0.0211990705107013,9.12367616361007e-05,0.453934258731279,0.742491315580927,0.647161742291476,0.703667097981312,0.329888779095782,0.00536282028723242,0.330637552608906,0.492203466609913,0.317833486873031,0.0232563991152153,0.246399869361273,0.635418071892278,0.772175748896906,0.0445568155295155,13,0.346720948496577,1,0.5
"207803_2",0.528429210884719,0.999963109878346,0.0737749418406523,0.672334450520995,0.0233546182701128,0.0275128269730016,0.0211990705107013,9.12367616361007e-05,0.453934258731279,0.742491315580927,0.647161742291476,0.703667097981312,0.329888779095782,0.00536282028723242,0.330637552608906,0.492203466609913,0.317833486873031,0.0232563991152153,0.246399869361273,0.635418071892278,0.772175748896906,0.0445568155295155,13,0.346720948496577,1,0.5625
"207803_3",0.528429210884719,0.999963109878346,0.0737749418406523,0.672334450520995,0.0233546182701128,0.0275128269730016,0.0211990705107013,9.12367616361007e-05,0.453934258731279,0.742491315580927,0.647161742291476,0.703667097981312,0.329888779095782,0.00536282028723242,0.330637552608906,0.492203466609913,0.317833486873031,0.0232563991152153,0.246399869361273,0.635418071892278,0.772175748896906,0.0445568155295155,13,0.346720948496577,1,0.625
"207803_4",0.528429210884719,0.999963109878346,0.0737749418406523,0.672334450520995,0.0233546182701128,0.0275128269730016,0.0211990705107013,9.12367616361007e-05,0.453934258731279,0.742491315580927,0.647161742291476,0.703667097981312,0.329888779095782,0.00536282028723242,0.330637552608906,0.492203466609913,0.317833486873031,0.0232563991152153,0.246399869361273,0.635418071892278,0.772175748896906,0.0445568155295155,13,0.346720948496577,1,0.6875
"207803_5",0.528429210884719,0.999963109878346,0.0737749418406523,0.672334450520995,0.0233546182701128,0.0275128269730016,0.0211990705107013,9.12367616361007e-05,0.453934258731279,0.742491315580927,0.647161742291476,0.703667097981312,0.329888779095782,0.00536282028723242,0.330637552608906,0.492203466609913,0.317833486873031,0.0232563991152153,0.246399869361273,0.635418071892278,0.772175748896906,0.0445568155295155,13,0.346720948496577,1,0.75
"207803_6",0.528429210884719,0.999963109878346,0.0737749418406523,0.672334450520995,0.0233546182701128,0.0275128269730016,0.0211990705107013,9.12367616361007e-05,0.453934258731279,0.742491315580927,0.647161742291476,0.703667097981312,0.329888779095782,0.00536282028723242,0.330637552608906,0.492203466609913,0.317833486873031,0.0232563991152153,0.246399869361273,0.635418071892278,0.772175748896906,0.0445568155295155,13,0.346720948496577,1,0.8125
"207803_7",0.528429210884719,0.999963109878346,0.0737749418406523,0.672334450520995,0.0233546182701128,0.0275128269730016,0.0211990705107013,9.12367616361007e-05,0.453934258731279,0.742491315580927,0.647161742291476,0.703667097981312,0.329888779095782,0.00536282028723242,0.330637552608906,0.492203466609913,0.317833486873031,0.0232563991152153,0.246399869361273,0.635418071892278,0.772175748896906,0.0445568155295155,13,0.346720948496577,1,0.875
"207803_8",0.528429210884719,0.999963109878346,0.0737749418406523,0.672334450520995,0.0233546182701128,0.0275128269730016,0.0211990705107013,9.12367616361007e-05,0.453934258731279,0.742491315580927,0.647161742291476,0.703667097981312,0.329888779095782,0.00536282028723242,0.330637552608906,0.492203466609913,0.317833486873031,0.0232563991152153,0.246399869361273,0.635418071892278,0.772175748896906,0.0445568155295155,13,0.346720948496577,1,0.9375
"207803_9",0.528429210884719,0.999963109878346,0.0737749418406523,0.672334450520995,0.0233546182701128,0.0275128269730016,0.0211990705107013,9.12367616361007e-05,0.453934258731279,0.742491315580927,0.647161742291476,0.703667097981312,0.329888779095782,0.00536282028723242,0.330637552608906,0.492203466609913,0.317833486873031,0.0232563991152153,0.246399869361273,0.635418071892278,0.772175748896906,0.0445568155295155,13,0.346720948496577,1,1
"207903_1",0.268978349580972,0.665972061870989,0.0447581460051499,0.722052764204414,0.0583183913939321,0.0332365849629573,2.35846800701693e-05,0.244406516358436,0.999854110333847,0.479865241843361,0.636914671123608,0.445509144618695,0.246825564701464,0.372586087707809,0.268097880677677,0.499989724523516,0.307815356965408,0.0956603141235649,0.228500796461443,0.500013466963832,0.793995542409343,0.128412808476521,12,0.314898330111975,1,0.5
"207903_2",0.268978349580972,0.665972061870989,0.0447581460051499,0.722052764204414,0.0583183913939321,0.0332365849629573,2.35846800701693e-05,0.244406516358436,0.999854110333847,0.479865241843361,0.636914671123608,0.445509144618695,0.246825564701464,0.372586087707809,0.268097880677677,0.499989724523516,0.307815356965408,0.0956603141235649,0.228500796461443,0.500013466963832,0.793995542409343,0.128412808476521,12,0.314898330111975,1,0.5625
"207903_3",0.268978349580972,0.665972061870989,0.0447581460051499,0.722052764204414,0.0583183913939321,0.0332365849629573,2.35846800701693e-05,0.244406516358436,0.999854110333847,0.479865241843361,0.636914671123608,0.445509144618695,0.246825564701464,0.372586087707809,0.268097880677677,0.499989724523516,0.307815356965408,0.0956603141235649,0.228500796461443,0.500013466963832,0.793995542409343,0.128412808476521,12,0.314898330111975,1,0.625
"207903_4",0.268978349580972,0.665972061870989,0.0447581460051499,0.722052764204414,0.0583183913939321,0.0332365849629573,2.35846800701693e-05,0.244406516358436,0.999854110333847,0.479865241843361,0.636914671123608,0.445509144618695,0.246825564701464,0.372586087707809,0.268097880677677,0.499989724523516,0.307815356965408,0.0956603141235649,0.228500796461443,0.500013466963832,0.793995542409343,0.128412808476521,12,0.314898330111975,1,0.6875
"207903_5",0.268978349580972,0.665972061870989,0.0447581460051499,0.722052764204414,0.0583183913939321,0.0332365849629573,2.35846800701693e-05,0.244406516358436,0.999854110333847,0.479865241843361,0.636914671123608,0.445509144618695,0.246825564701464,0.372586087707809,0.268097880677677,0.499989724523516,0.307815356965408,0.0956603141235649,0.228500796461443,0.500013466963832,0.793995542409343,0.128412808476521,12,0.314898330111975,1,0.75
"207903_6",0.268978349580972,0.665972061870989,0.0447581460051499,0.722052764204414,0.0583183913939321,0.0332365849629573,2.35846800701693e-05,0.244406516358436,0.999854110333847,0.479865241843361,0.636914671123608,0.445509144618695,0.246825564701464,0.372586087707809,0.268097880677677,0.499989724523516,0.307815356965408,0.0956603141235649,0.228500796461443,0.500013466963832,0.793995542409343,0.128412808476521,12,0.314898330111975,1,0.8125
"207903_7",0.268978349580972,0.665972061870989,0.0447581460051499,0.722052764204414,0.0583183913939321,0.0332365849629573,2.35846800701693e-05,0.244406516358436,0.999854110333847,0.479865241843361,0.636914671123608,0.445509144618695,0.246825564701464,0.372586087707809,0.268097880677677,0.499989724523516,0.307815356965408,0.0956603141235649,0.228500796461443,0.500013466963832,0.793995542409343,0.128412808476521,12,0.314898330111975,1,0.875
"207903_8",0.268978349580972,0.665972061870989,0.0447581460051499,0.722052764204414,0.0583183913939321,0.0332365849629573,2.35846800701693e-05,0.244406516358436,0.999854110333847,0.479865241843361,0.636914671123608,0.445509144618695,0.246825564701464,0.372586087707809,0.268097880677677,0.499989724523516,0.307815356965408,0.0956603141235649,0.228500796461443,0.500013466963832,0.793995542409343,0.128412808476521,12,0.314898330111975,1,0.9375
"207903_9",0.268978349580972,0.665972061870989,0.0447581460051499,0.722052764204414,0.0583183913939321,0.0332365849629573,2.35846800701693e-05,0.244406516358436,0.999854110333847,0.479865241843361,0.636914671123608,0.445509144618695,0.246825564701464,0.372586087707809,0.268097880677677,0.499989724523516,0.307815356965408,0.0956603141235649,0.228500796461443,0.500013466963832,0.793995542409343,0.128412808476521,12,0.314898330111975,1,1
"208101_1",0.64683541019282,0.240045377155004,0.0447614599747838,0.5550722889379,0.0347642445990218,0.0162163065977901,0.0454848131156348,0.0793752904379557,0.55495732300274,0.746170712594774,0.659876096988429,0.521355079221175,0.379849536742611,0.224788660669263,0.999991596603808,0.251048602385416,0.388737793138864,0.372850482894716,0.397168955269816,0.773247631980973,0.757087332132672,0.149260847917671,22,0.280377892528914,1,0.5
"208101_2",0.64683541019282,0.240045377155004,0.0447614599747838,0.5550722889379,0.0347642445990218,0.0162163065977901,0.0454848131156348,0.0793752904379557,0.55495732300274,0.746170712594774,0.659876096988429,0.521355079221175,0.379849536742611,0.224788660669263,0.999991596603808,0.251048602385416,0.388737793138864,0.372850482894716,0.397168955269816,0.773247631980973,0.757087332132672,0.149260847917671,22,0.280377892528914,1,0.5625
"208101_3",0.64683541019282,0.240045377155004,0.0447614599747838,0.5550722889379,0.0347642445990218,0.0162163065977901,0.0454848131156348,0.0793752904379557,0.55495732300274,0.746170712594774,0.659876096988429,0.521355079221175,0.379849536742611,0.224788660669263,0.999991596603808,0.251048602385416,0.388737793138864,0.372850482894716,0.397168955269816,0.773247631980973,0.757087332132672,0.149260847917671,22,0.280377892528914,1,0.625
"208101_4",0.64683541019282,0.240045377155004,0.0447614599747838,0.5550722889379,0.0347642445990218,0.0162163065977901,0.0454848131156348,0.0793752904379557,0.55495732300274,0.746170712594774,0.659876096988429,0.521355079221175,0.379849536742611,0.224788660669263,0.999991596603808,0.251048602385416,0.388737793138864,0.372850482894716,0.397168955269816,0.773247631980973,0.757087332132672,0.149260847917671,22,0.280377892528914,1,0.6875
"208101_5",0.64683541019282,0.240045377155004,0.0447614599747838,0.5550722889379,0.0347642445990218,0.0162163065977901,0.0454848131156348,0.0793752904379557,0.55495732300274,0.746170712594774,0.659876096988429,0.521355079221175,0.379849536742611,0.224788660669263,0.999991596603808,0.251048602385416,0.388737793138864,0.372850482894716,0.397168955269816,0.773247631980973,0.757087332132672,0.149260847917671,22,0.280377892528914,1,0.75
"208101_6",0.64683541019282,0.240045377155004,0.0447614599747838,0.5550722889379,0.0347642445990218,0.0162163065977901,0.0454848131156348,0.0793752904379557,0.55495732300274,0.746170712594774,0.659876096988429,0.521355079221175,0.379849536742611,0.224788660669263,0.999991596603808,0.251048602385416,0.388737793138864,0.372850482894716,0.397168955269816,0.773247631980973,0.757087332132672,0.149260847917671,22,0.280377892528914,1,0.8125
"208101_7",0.64683541019282,0.240045377155004,0.0447614599747838,0.5550722889379,0.0347642445990218,0.0162163065977901,0.0454848131156348,0.0793752904379557,0.55495732300274,0.746170712594774,0.659876096988429,0.521355079221175,0.379849536742611,0.224788660669263,0.999991596603808,0.251048602385416,0.388737793138864,0.372850482894716,0.397168955269816,0.773247631980973,0.757087332132672,0.149260847917671,22,0.280377892528914,1,0.875
"208101_8",0.64683541019282,0.240045377155004,0.0447614599747838,0.5550722889379,0.0347642445990218,0.0162163065977901,0.0454848131156348,0.0793752904379557,0.55495732300274,0.746170712594774,0.659876096988429,0.521355079221175,0.379849536742611,0.224788660669263,0.999991596603808,0.251048602385416,0.388737793138864,0.372850482894716,0.397168955269816,0.773247631980973,0.757087332132672,0.149260847917671,22,0.280377892528914,1,0.9375
"208101_9",0.64683541019282,0.240045377155004,0.0447614599747838,0.5550722889379,0.0347642445990218,0.0162163065977901,0.0454848131156348,0.0793752904379557,0.55495732300274,0.746170712594774,0.659876096988429,0.521355079221175,0.379849536742611,0.224788660669263,0.999991596603808,0.251048602385416,0.388737793138864,0.372850482894716,0.397168955269816,0.773247631980973,0.757087332132672,0.149260847917671,22,0.280377892528914,1,1
"208102_1",0.671259670967174,0.999963109878346,0.0859613133152881,0.530914766818422,0.0723425009647502,0.119998732919027,0.119995094177388,0.671758059359363,0.661065099339485,0.414871583658624,0.682077859310778,0.445710793589812,0.275039750243725,7.76303646992892e-05,0.313941256115753,0.203636415776575,0.356949586672934,0.00010701302640605,0.0202717193312856,0.815508469113268,0.95744670405589,0.162187407262463,21,0.113428237318505,1,0.5
"208102_2",0.671259670967174,0.999963109878346,0.0859613133152881,0.530914766818422,0.0723425009647502,0.119998732919027,0.119995094177388,0.671758059359363,0.661065099339485,0.414871583658624,0.682077859310778,0.445710793589812,0.275039750243725,7.76303646992892e-05,0.313941256115753,0.203636415776575,0.356949586672934,0.00010701302640605,0.0202717193312856,0.815508469113268,0.95744670405589,0.162187407262463,21,0.113428237318505,1,0.5625
"208102_3",0.671259670967174,0.999963109878346,0.0859613133152881,0.530914766818422,0.0723425009647502,0.119998732919027,0.119995094177388,0.671758059359363,0.661065099339485,0.414871583658624,0.682077859310778,0.445710793589812,0.275039750243725,7.76303646992892e-05,0.313941256115753,0.203636415776575,0.356949586672934,0.00010701302640605,0.0202717193312856,0.815508469113268,0.95744670405589,0.162187407262463,21,0.113428237318505,1,0.625
"208102_4",0.671259670967174,0.999963109878346,0.0859613133152881,0.530914766818422,0.0723425009647502,0.119998732919027,0.119995094177388,0.671758059359363,0.661065099339485,0.414871583658624,0.682077859310778,0.445710793589812,0.275039750243725,7.76303646992892e-05,0.313941256115753,0.203636415776575,0.356949586672934,0.00010701302640605,0.0202717193312856,0.815508469113268,0.95744670405589,0.162187407262463,21,0.113428237318505,1,0.6875
"208102_5",0.671259670967174,0.999963109878346,0.0859613133152881,0.530914766818422,0.0723425009647502,0.119998732919027,0.119995094177388,0.671758059359363,0.661065099339485,0.414871583658624,0.682077859310778,0.445710793589812,0.275039750243725,7.76303646992892e-05,0.313941256115753,0.203636415776575,0.356949586672934,0.00010701302640605,0.0202717193312856,0.815508469113268,0.95744670405589,0.162187407262463,21,0.113428237318505,1,0.75
"208102_6",0.671259670967174,0.999963109878346,0.0859613133152881,0.530914766818422,0.0723425009647502,0.119998732919027,0.119995094177388,0.671758059359363,0.661065099339485,0.414871583658624,0.682077859310778,0.445710793589812,0.275039750243725,7.76303646992892e-05,0.313941256115753,0.203636415776575,0.356949586672934,0.00010701302640605,0.0202717193312856,0.815508469113268,0.95744670405589,0.162187407262463,21,0.113428237318505,1,0.8125
"208102_7",0.671259670967174,0.999963109878346,0.0859613133152881,0.530914766818422,0.0723425009647502,0.119998732919027,0.119995094177388,0.671758059359363,0.661065099339485,0.414871583658624,0.682077859310778,0.445710793589812,0.275039750243725,7.76303646992892e-05,0.313941256115753,0.203636415776575,0.356949586672934,0.00010701302640605,0.0202717193312856,0.815508469113268,0.95744670405589,0.162187407262463,21,0.113428237318505,1,0.875
"208102_8",0.671259670967174,0.999963109878346,0.0859613133152881,0.530914766818422,0.0723425009647502,0.119998732919027,0.119995094177388,0.671758059359363,0.661065099339485,0.414871583658624,0.682077859310778,0.445710793589812,0.275039750243725,7.76303646992892e-05,0.313941256115753,0.203636415776575,0.356949586672934,0.00010701302640605,0.0202717193312856,0.815508469113268,0.95744670405589,0.162187407262463,21,0.113428237318505,1,0.9375
"208102_9",0.671259670967174,0.999963109878346,0.0859613133152881,0.530914766818422,0.0723425009647502,0.119998732919027,0.119995094177388,0.671758059359363,0.661065099339485,0.414871583658624,0.682077859310778,0.445710793589812,0.275039750243725,7.76303646992892e-05,0.313941256115753,0.203636415776575,0.356949586672934,0.00010701302640605,0.0202717193312856,0.815508469113268,0.95744670405589,0.162187407262463,21,0.113428237318505,1,1
"208300_1",0.498841619604673,0.47164890057849,0.0965160441762475,0.546698134801885,0.0279280293371601,0.0263871604770177,0.0664716975841881,9.12367616361007e-05,0.678434354886573,0.820705489664956,0.616223094357548,0.740424483594932,0.490226886944373,0.0194415934098783,0.999991596603808,0.192971026031316,0.231014130593145,0.256602598554353,0.265696948334513,0.58732785052844,0.76274266522322,0.127791441917415,27,0.261664114118842,1,0.5
"208300_2",0.498841619604673,0.47164890057849,0.0965160441762475,0.546698134801885,0.0279280293371601,0.0263871604770177,0.0664716975841881,9.12367616361007e-05,0.678434354886573,0.820705489664956,0.616223094357548,0.740424483594932,0.490226886944373,0.0194415934098783,0.999991596603808,0.192971026031316,0.231014130593145,0.256602598554353,0.265696948334513,0.58732785052844,0.76274266522322,0.127791441917415,27,0.261664114118842,1,0.5625
"208300_3",0.498841619604673,0.47164890057849,0.0965160441762475,0.546698134801885,0.0279280293371601,0.0263871604770177,0.0664716975841881,9.12367616361007e-05,0.678434354886573,0.820705489664956,0.616223094357548,0.740424483594932,0.490226886944373,0.0194415934098783,0.999991596603808,0.192971026031316,0.231014130593145,0.256602598554353,0.265696948334513,0.58732785052844,0.76274266522322,0.127791441917415,27,0.261664114118842,1,0.625
"208300_4",0.498841619604673,0.47164890057849,0.0965160441762475,0.546698134801885,0.0279280293371601,0.0263871604770177,0.0664716975841881,9.12367616361007e-05,0.678434354886573,0.820705489664956,0.616223094357548,0.740424483594932,0.490226886944373,0.0194415934098783,0.999991596603808,0.192971026031316,0.231014130593145,0.256602598554353,0.265696948334513,0.58732785052844,0.76274266522322,0.127791441917415,27,0.261664114118842,1,0.6875
"208300_5",0.498841619604673,0.47164890057849,0.0965160441762475,0.546698134801885,0.0279280293371601,0.0263871604770177,0.0664716975841881,9.12367616361007e-05,0.678434354886573,0.820705489664956,0.616223094357548,0.740424483594932,0.490226886944373,0.0194415934098783,0.999991596603808,0.192971026031316,0.231014130593145,0.256602598554353,0.265696948334513,0.58732785052844,0.76274266522322,0.127791441917415,27,0.261664114118842,1,0.75
"208300_6",0.498841619604673,0.47164890057849,0.0965160441762475,0.546698134801885,0.0279280293371601,0.0263871604770177,0.0664716975841881,9.12367616361007e-05,0.678434354886573,0.820705489664956,0.616223094357548,0.740424483594932,0.490226886944373,0.0194415934098783,0.999991596603808,0.192971026031316,0.231014130593145,0.256602598554353,0.265696948334513,0.58732785052844,0.76274266522322,0.127791441917415,27,0.261664114118842,1,0.8125
"208300_7",0.498841619604673,0.47164890057849,0.0965160441762475,0.546698134801885,0.0279280293371601,0.0263871604770177,0.0664716975841881,9.12367616361007e-05,0.678434354886573,0.820705489664956,0.616223094357548,0.740424483594932,0.490226886944373,0.0194415934098783,0.999991596603808,0.192971026031316,0.231014130593145,0.256602598554353,0.265696948334513,0.58732785052844,0.76274266522322,0.127791441917415,27,0.261664114118842,1,0.875
"208300_8",0.498841619604673,0.47164890057849,0.0965160441762475,0.546698134801885,0.0279280293371601,0.0263871604770177,0.0664716975841881,9.12367616361007e-05,0.678434354886573,0.820705489664956,0.616223094357548,0.740424483594932,0.490226886944373,0.0194415934098783,0.999991596603808,0.192971026031316,0.231014130593145,0.256602598554353,0.265696948334513,0.58732785052844,0.76274266522322,0.127791441917415,27,0.261664114118842,1,0.9375
"208300_9",0.498841619604673,0.47164890057849,0.0965160441762475,0.546698134801885,0.0279280293371601,0.0263871604770177,0.0664716975841881,9.12367616361007e-05,0.678434354886573,0.820705489664956,0.616223094357548,0.740424483594932,0.490226886944373,0.0194415934098783,0.999991596603808,0.192971026031316,0.231014130593145,0.256602598554353,0.265696948334513,0.58732785052844,0.76274266522322,0.127791441917415,27,0.261664114118842,1,1
"208600_1",0.856694532510779,0.516674114772001,0.0677667598079786,0.500063357459616,0.0145663930542258,0.0546451513456001,0.0809238581870691,0.495499030727905,0.469584379289564,0.999928297183826,0.999795092571648,0.510431903723644,0.184820169740606,0.0571994939347763,0.999991596603808,0.234157807529391,0.304724089981532,0.351159560975922,0.103775302284966,0.863384304768592,0.797667446499773,0.249984006138382,8,0.224355074038757,1,0.5
"208600_2",0.856694532510779,0.516674114772001,0.0677667598079786,0.500063357459616,0.0145663930542258,0.0546451513456001,0.0809238581870691,0.495499030727905,0.469584379289564,0.999928297183826,0.999795092571648,0.510431903723644,0.184820169740606,0.0571994939347763,0.999991596603808,0.234157807529391,0.304724089981532,0.351159560975922,0.103775302284966,0.863384304768592,0.797667446499773,0.249984006138382,8,0.224355074038757,1,0.5625
"208600_3",0.856694532510779,0.516674114772001,0.0677667598079786,0.500063357459616,0.0145663930542258,0.0546451513456001,0.0809238581870691,0.495499030727905,0.469584379289564,0.999928297183826,0.999795092571648,0.510431903723644,0.184820169740606,0.0571994939347763,0.999991596603808,0.234157807529391,0.304724089981532,0.351159560975922,0.103775302284966,0.863384304768592,0.797667446499773,0.249984006138382,8,0.224355074038757,1,0.625
"208600_4",0.856694532510779,0.516674114772001,0.0677667598079786,0.500063357459616,0.0145663930542258,0.0546451513456001,0.0809238581870691,0.495499030727905,0.469584379289564,0.999928297183826,0.999795092571648,0.510431903723644,0.184820169740606,0.0571994939347763,0.999991596603808,0.234157807529391,0.304724089981532,0.351159560975922,0.103775302284966,0.863384304768592,0.797667446499773,0.249984006138382,8,0.224355074038757,1,0.6875
"208600_5",0.856694532510779,0.516674114772001,0.0677667598079786,0.500063357459616,0.0145663930542258,0.0546451513456001,0.0809238581870691,0.495499030727905,0.469584379289564,0.999928297183826,0.999795092571648,0.510431903723644,0.184820169740606,0.0571994939347763,0.999991596603808,0.234157807529391,0.304724089981532,0.351159560975922,0.103775302284966,0.863384304768592,0.797667446499773,0.249984006138382,8,0.224355074038757,1,0.75
"208600_6",0.856694532510779,0.516674114772001,0.0677667598079786,0.500063357459616,0.0145663930542258,0.0546451513456001,0.0809238581870691,0.495499030727905,0.469584379289564,0.999928297183826,0.999795092571648,0.510431903723644,0.184820169740606,0.0571994939347763,0.999991596603808,0.234157807529391,0.304724089981532,0.351159560975922,0.103775302284966,0.863384304768592,0.797667446499773,0.249984006138382,8,0.224355074038757,1,0.8125
"208600_7",0.856694532510779,0.516674114772001,0.0677667598079786,0.500063357459616,0.0145663930542258,0.0546451513456001,0.0809238581870691,0.495499030727905,0.469584379289564,0.999928297183826,0.999795092571648,0.510431903723644,0.184820169740606,0.0571994939347763,0.999991596603808,0.234157807529391,0.304724089981532,0.351159560975922,0.103775302284966,0.863384304768592,0.797667446499773,0.249984006138382,8,0.224355074038757,1,0.875
"208600_8",0.856694532510779,0.516674114772001,0.0677667598079786,0.500063357459616,0.0145663930542258,0.0546451513456001,0.0809238581870691,0.495499030727905,0.469584379289564,0.999928297183826,0.999795092571648,0.510431903723644,0.184820169740606,0.0571994939347763,0.999991596603808,0.234157807529391,0.304724089981532,0.351159560975922,0.103775302284966,0.863384304768592,0.797667446499773,0.249984006138382,8,0.224355074038757,1,0.9375
"208600_9",0.856694532510779,0.516674114772001,0.0677667598079786,0.500063357459616,0.0145663930542258,0.0546451513456001,0.0809238581870691,0.495499030727905,0.469584379289564,0.999928297183826,0.999795092571648,0.510431903723644,0.184820169740606,0.0571994939347763,0.999991596603808,0.234157807529391,0.304724089981532,0.351159560975922,0.103775302284966,0.863384304768592,0.797667446499773,0.249984006138382,8,0.224355074038757,1,1
"208800_1",0.424480596948068,0.803560973633493,0.0521897354168614,0.650501963049198,0.0656362088086967,0.0149103678701216,0.10558009995672,0.0574682811313718,0.529376634619969,0.999928297183826,0.643884073885564,0.143589909907564,0.0123913432887129,0.311978062306877,0.888640016743974,0.270609286914593,0.22343614792107,0.00010701302640605,0.194486104134936,0.940652522673595,0.998397053440323,0.249984006138382,4,0.0744446879150505,1,0.5
"208800_2",0.424480596948068,0.803560973633493,0.0521897354168614,0.650501963049198,0.0656362088086967,0.0149103678701216,0.10558009995672,0.0574682811313718,0.529376634619969,0.999928297183826,0.643884073885564,0.143589909907564,0.0123913432887129,0.311978062306877,0.888640016743974,0.270609286914593,0.22343614792107,0.00010701302640605,0.194486104134936,0.940652522673595,0.998397053440323,0.249984006138382,4,0.0744446879150505,1,0.5625
"208800_3",0.424480596948068,0.803560973633493,0.0521897354168614,0.650501963049198,0.0656362088086967,0.0149103678701216,0.10558009995672,0.0574682811313718,0.529376634619969,0.999928297183826,0.643884073885564,0.143589909907564,0.0123913432887129,0.311978062306877,0.888640016743974,0.270609286914593,0.22343614792107,0.00010701302640605,0.194486104134936,0.940652522673595,0.998397053440323,0.249984006138382,4,0.0744446879150505,1,0.625
"208800_4",0.424480596948068,0.803560973633493,0.0521897354168614,0.650501963049198,0.0656362088086967,0.0149103678701216,0.10558009995672,0.0574682811313718,0.529376634619969,0.999928297183826,0.643884073885564,0.143589909907564,0.0123913432887129,0.311978062306877,0.888640016743974,0.270609286914593,0.22343614792107,0.00010701302640605,0.194486104134936,0.940652522673595,0.998397053440323,0.249984006138382,4,0.0744446879150505,1,0.6875
"208800_5",0.424480596948068,0.803560973633493,0.0521897354168614,0.650501963049198,0.0656362088086967,0.0149103678701216,0.10558009995672,0.0574682811313718,0.529376634619969,0.999928297183826,0.643884073885564,0.143589909907564,0.0123913432887129,0.311978062306877,0.888640016743974,0.270609286914593,0.22343614792107,0.00010701302640605,0.194486104134936,0.940652522673595,0.998397053440323,0.249984006138382,4,0.0744446879150505,1,0.75
"208800_6",0.424480596948068,0.803560973633493,0.0521897354168614,0.650501963049198,0.0656362088086967,0.0149103678701216,0.10558009995672,0.0574682811313718,0.529376634619969,0.999928297183826,0.643884073885564,0.143589909907564,0.0123913432887129,0.311978062306877,0.888640016743974,0.270609286914593,0.22343614792107,0.00010701302640605,0.194486104134936,0.940652522673595,0.998397053440323,0.249984006138382,4,0.0744446879150505,1,0.8125
"208800_7",0.424480596948068,0.803560973633493,0.0521897354168614,0.650501963049198,0.0656362088086967,0.0149103678701216,0.10558009995672,0.0574682811313718,0.529376634619969,0.999928297183826,0.643884073885564,0.143589909907564,0.0123913432887129,0.311978062306877,0.888640016743974,0.270609286914593,0.22343614792107,0.00010701302640605,0.194486104134936,0.940652522673595,0.998397053440323,0.249984006138382,4,0.0744446879150505,1,0.875
"208800_8",0.424480596948068,0.803560973633493,0.0521897354168614,0.650501963049198,0.0656362088086967,0.0149103678701216,0.10558009995672,0.0574682811313718,0.529376634619969,0.999928297183826,0.643884073885564,0.143589909907564,0.0123913432887129,0.311978062306877,0.888640016743974,0.270609286914593,0.22343614792107,0.00010701302640605,0.194486104134936,0.940652522673595,0.998397053440323,0.249984006138382,4,0.0744446879150505,1,0.9375
"208800_9",0.424480596948068,0.803560973633493,0.0521897354168614,0.650501963049198,0.0656362088086967,0.0149103678701216,0.10558009995672,0.0574682811313718,0.529376634619969,0.999928297183826,0.643884073885564,0.143589909907564,0.0123913432887129,0.311978062306877,0.888640016743974,0.270609286914593,0.22343614792107,0.00010701302640605,0.194486104134936,0.940652522673595,0.998397053440323,0.249984006138382,4,0.0744446879150505,1,1
"209003_1",0.55016950105553,0.488002621936509,0.131411761911347,0.738563071173639,0.119577982763202,0.0700473197584536,0.0835968077501177,0.61972851936676,0.55703661990431,0.718836928391089,0.61637227082017,6.33614411693998e-05,4.64802905591205e-05,0.451190289227245,0.294634334558466,0.334703196412848,0.214819298003611,0.0487700926895476,0.00234137196561374,0.663264443534229,0.715802713887435,0.22458111077962,22,6.59723176294938e-05,1,0.5
"209003_2",0.55016950105553,0.488002621936509,0.131411761911347,0.738563071173639,0.119577982763202,0.0700473197584536,0.0835968077501177,0.61972851936676,0.55703661990431,0.718836928391089,0.61637227082017,6.33614411693998e-05,4.64802905591205e-05,0.451190289227245,0.294634334558466,0.334703196412848,0.214819298003611,0.0487700926895476,0.00234137196561374,0.663264443534229,0.715802713887435,0.22458111077962,22,6.59723176294938e-05,1,0.5625
"209003_3",0.55016950105553,0.488002621936509,0.131411761911347,0.738563071173639,0.119577982763202,0.0700473197584536,0.0835968077501177,0.61972851936676,0.55703661990431,0.718836928391089,0.61637227082017,6.33614411693998e-05,4.64802905591205e-05,0.451190289227245,0.294634334558466,0.334703196412848,0.214819298003611,0.0487700926895476,0.00234137196561374,0.663264443534229,0.715802713887435,0.22458111077962,22,6.59723176294938e-05,1,0.625
"209003_4",0.55016950105553,0.488002621936509,0.131411761911347,0.738563071173639,0.119577982763202,0.0700473197584536,0.0835968077501177,0.61972851936676,0.55703661990431,0.718836928391089,0.61637227082017,6.33614411693998e-05,4.64802905591205e-05,0.451190289227245,0.294634334558466,0.334703196412848,0.214819298003611,0.0487700926895476,0.00234137196561374,0.663264443534229,0.715802713887435,0.22458111077962,22,6.59723176294938e-05,1,0.6875
"209003_5",0.55016950105553,0.488002621936509,0.131411761911347,0.738563071173639,0.119577982763202,0.0700473197584536,0.0835968077501177,0.61972851936676,0.55703661990431,0.718836928391089,0.61637227082017,6.33614411693998e-05,4.64802905591205e-05,0.451190289227245,0.294634334558466,0.334703196412848,0.214819298003611,0.0487700926895476,0.00234137196561374,0.663264443534229,0.715802713887435,0.22458111077962,22,6.59723176294938e-05,1,0.75
"209003_6",0.55016950105553,0.488002621936509,0.131411761911347,0.738563071173639,0.119577982763202,0.0700473197584536,0.0835968077501177,0.61972851936676,0.55703661990431,0.718836928391089,0.61637227082017,6.33614411693998e-05,4.64802905591205e-05,0.451190289227245,0.294634334558466,0.334703196412848,0.214819298003611,0.0487700926895476,0.00234137196561374,0.663264443534229,0.715802713887435,0.22458111077962,22,6.59723176294938e-05,1,0.8125
"209003_7",0.55016950105553,0.488002621936509,0.131411761911347,0.738563071173639,0.119577982763202,0.0700473197584536,0.0835968077501177,0.61972851936676,0.55703661990431,0.718836928391089,0.61637227082017,6.33614411693998e-05,4.64802905591205e-05,0.451190289227245,0.294634334558466,0.334703196412848,0.214819298003611,0.0487700926895476,0.00234137196561374,0.663264443534229,0.715802713887435,0.22458111077962,22,6.59723176294938e-05,1,0.875
"209003_8",0.55016950105553,0.488002621936509,0.131411761911347,0.738563071173639,0.119577982763202,0.0700473197584536,0.0835968077501177,0.61972851936676,0.55703661990431,0.718836928391089,0.61637227082017,6.33614411693998e-05,4.64802905591205e-05,0.451190289227245,0.294634334558466,0.334703196412848,0.214819298003611,0.0487700926895476,0.00234137196561374,0.663264443534229,0.715802713887435,0.22458111077962,22,6.59723176294938e-05,1,0.9375
"209003_9",0.55016950105553,0.488002621936509,0.131411761911347,0.738563071173639,0.119577982763202,0.0700473197584536,0.0835968077501177,0.61972851936676,0.55703661990431,0.718836928391089,0.61637227082017,6.33614411693998e-05,4.64802905591205e-05,0.451190289227245,0.294634334558466,0.334703196412848,0.214819298003611,0.0487700926895476,0.00234137196561374,0.663264443534229,0.715802713887435,0.22458111077962,22,6.59723176294938e-05,1,1
"209102_1",0.339785286942416,0.399650345644496,0.162250399735105,0.622643516947425,0.0220529211720699,0.0138146990269662,0.0377798081033582,9.12367616361007e-05,0.439237175127566,0.673493521833004,0.674781781762102,0.999563629297968,0.569227255361562,7.76303646992892e-05,0.999991596603808,0.130202195754939,0.0749292333677925,0.422637877570544,0.206574130820779,0.500013466963832,0.620916124215068,6.79376821854385e-05,30,0.280886966040179,1,0.5
"209102_2",0.339785286942416,0.399650345644496,0.162250399735105,0.622643516947425,0.0220529211720699,0.0138146990269662,0.0377798081033582,9.12367616361007e-05,0.439237175127566,0.673493521833004,0.674781781762102,0.999563629297968,0.569227255361562,7.76303646992892e-05,0.999991596603808,0.130202195754939,0.0749292333677925,0.422637877570544,0.206574130820779,0.500013466963832,0.620916124215068,6.79376821854385e-05,30,0.280886966040179,1,0.5625
"209102_3",0.339785286942416,0.399650345644496,0.162250399735105,0.622643516947425,0.0220529211720699,0.0138146990269662,0.0377798081033582,9.12367616361007e-05,0.439237175127566,0.673493521833004,0.674781781762102,0.999563629297968,0.569227255361562,7.76303646992892e-05,0.999991596603808,0.130202195754939,0.0749292333677925,0.422637877570544,0.206574130820779,0.500013466963832,0.620916124215068,6.79376821854385e-05,30,0.280886966040179,1,0.625
"209102_4",0.339785286942416,0.399650345644496,0.162250399735105,0.622643516947425,0.0220529211720699,0.0138146990269662,0.0377798081033582,9.12367616361007e-05,0.439237175127566,0.673493521833004,0.674781781762102,0.999563629297968,0.569227255361562,7.76303646992892e-05,0.999991596603808,0.130202195754939,0.0749292333677925,0.422637877570544,0.206574130820779,0.500013466963832,0.620916124215068,6.79376821854385e-05,30,0.280886966040179,1,0.6875
"209102_5",0.339785286942416,0.399650345644496,0.162250399735105,0.622643516947425,0.0220529211720699,0.0138146990269662,0.0377798081033582,9.12367616361007e-05,0.439237175127566,0.673493521833004,0.674781781762102,0.999563629297968,0.569227255361562,7.76303646992892e-05,0.999991596603808,0.130202195754939,0.0749292333677925,0.422637877570544,0.206574130820779,0.500013466963832,0.620916124215068,6.79376821854385e-05,30,0.280886966040179,1,0.75
"209102_6",0.339785286942416,0.399650345644496,0.162250399735105,0.622643516947425,0.0220529211720699,0.0138146990269662,0.0377798081033582,9.12367616361007e-05,0.439237175127566,0.673493521833004,0.674781781762102,0.999563629297968,0.569227255361562,7.76303646992892e-05,0.999991596603808,0.130202195754939,0.0749292333677925,0.422637877570544,0.206574130820779,0.500013466963832,0.620916124215068,6.79376821854385e-05,30,0.280886966040179,1,0.8125
"209102_7",0.339785286942416,0.399650345644496,0.162250399735105,0.622643516947425,0.0220529211720699,0.0138146990269662,0.0377798081033582,9.12367616361007e-05,0.439237175127566,0.673493521833004,0.674781781762102,0.999563629297968,0.569227255361562,7.76303646992892e-05,0.999991596603808,0.130202195754939,0.0749292333677925,0.422637877570544,0.206574130820779,0.500013466963832,0.620916124215068,6.79376821854385e-05,30,0.280886966040179,1,0.875
"209102_8",0.339785286942416,0.399650345644496,0.162250399735105,0.622643516947425,0.0220529211720699,0.0138146990269662,0.0377798081033582,9.12367616361007e-05,0.439237175127566,0.673493521833004,0.674781781762102,0.999563629297968,0.569227255361562,7.76303646992892e-05,0.999991596603808,0.130202195754939,0.0749292333677925,0.422637877570544,0.206574130820779,0.500013466963832,0.620916124215068,6.79376821854385e-05,30,0.280886966040179,1,0.9375
"209102_9",0.339785286942416,0.399650345644496,0.162250399735105,0.622643516947425,0.0220529211720699,0.0138146990269662,0.0377798081033582,9.12367616361007e-05,0.439237175127566,0.673493521833004,0.674781781762102,0.999563629297968,0.569227255361562,7.76303646992892e-05,0.999991596603808,0.130202195754939,0.0749292333677925,0.422637877570544,0.206574130820779,0.500013466963832,0.620916124215068,6.79376821854385e-05,30,0.280886966040179,1,1
"209301_1",0.310628842268762,0.760964814313269,0.121578692921728,0.500063357459616,0.0238144019913233,0.0848265213711648,0.036498372066893,9.12367616361007e-05,0.826729171187467,0.72295857824952,0.263769143000678,0.999563629297968,0.882090058987951,7.76303646992892e-05,0.802191189896526,0.145241779152976,0.212512180301679,0.269230182476325,0.400759265558524,0.500013466963832,0.680870480009451,6.79376821854385e-05,30,0.722890057126044,1,0.5
"209301_2",0.310628842268762,0.760964814313269,0.121578692921728,0.500063357459616,0.0238144019913233,0.0848265213711648,0.036498372066893,9.12367616361007e-05,0.826729171187467,0.72295857824952,0.263769143000678,0.999563629297968,0.882090058987951,7.76303646992892e-05,0.802191189896526,0.145241779152976,0.212512180301679,0.269230182476325,0.400759265558524,0.500013466963832,0.680870480009451,6.79376821854385e-05,30,0.722890057126044,1,0.5625
"209301_3",0.310628842268762,0.760964814313269,0.121578692921728,0.500063357459616,0.0238144019913233,0.0848265213711648,0.036498372066893,9.12367616361007e-05,0.826729171187467,0.72295857824952,0.263769143000678,0.999563629297968,0.882090058987951,7.76303646992892e-05,0.802191189896526,0.145241779152976,0.212512180301679,0.269230182476325,0.400759265558524,0.500013466963832,0.680870480009451,6.79376821854385e-05,30,0.722890057126044,1,0.625
"209301_4",0.310628842268762,0.760964814313269,0.121578692921728,0.500063357459616,0.0238144019913233,0.0848265213711648,0.036498372066893,9.12367616361007e-05,0.826729171187467,0.72295857824952,0.263769143000678,0.999563629297968,0.882090058987951,7.76303646992892e-05,0.802191189896526,0.145241779152976,0.212512180301679,0.269230182476325,0.400759265558524,0.500013466963832,0.680870480009451,6.79376821854385e-05,30,0.722890057126044,1,0.6875
"209301_5",0.310628842268762,0.760964814313269,0.121578692921728,0.500063357459616,0.0238144019913233,0.0848265213711648,0.036498372066893,9.12367616361007e-05,0.826729171187467,0.72295857824952,0.263769143000678,0.999563629297968,0.882090058987951,7.76303646992892e-05,0.802191189896526,0.145241779152976,0.212512180301679,0.269230182476325,0.400759265558524,0.500013466963832,0.680870480009451,6.79376821854385e-05,30,0.722890057126044,1,0.75
"209301_6",0.310628842268762,0.760964814313269,0.121578692921728,0.500063357459616,0.0238144019913233,0.0848265213711648,0.036498372066893,9.12367616361007e-05,0.826729171187467,0.72295857824952,0.263769143000678,0.999563629297968,0.882090058987951,7.76303646992892e-05,0.802191189896526,0.145241779152976,0.212512180301679,0.269230182476325,0.400759265558524,0.500013466963832,0.680870480009451,6.79376821854385e-05,30,0.722890057126044,1,0.8125
"209301_7",0.310628842268762,0.760964814313269,0.121578692921728,0.500063357459616,0.0238144019913233,0.0848265213711648,0.036498372066893,9.12367616361007e-05,0.826729171187467,0.72295857824952,0.263769143000678,0.999563629297968,0.882090058987951,7.76303646992892e-05,0.802191189896526,0.145241779152976,0.212512180301679,0.269230182476325,0.400759265558524,0.500013466963832,0.680870480009451,6.79376821854385e-05,30,0.722890057126044,1,0.875
"209301_8",0.310628842268762,0.760964814313269,0.121578692921728,0.500063357459616,0.0238144019913233,0.0848265213711648,0.036498372066893,9.12367616361007e-05,0.826729171187467,0.72295857824952,0.263769143000678,0.999563629297968,0.882090058987951,7.76303646992892e-05,0.802191189896526,0.145241779152976,0.212512180301679,0.269230182476325,0.400759265558524,0.500013466963832,0.680870480009451,6.79376821854385e-05,30,0.722890057126044,1,0.9375
"209301_9",0.310628842268762,0.760964814313269,0.121578692921728,0.500063357459616,0.0238144019913233,0.0848265213711648,0.036498372066893,9.12367616361007e-05,0.826729171187467,0.72295857824952,0.263769143000678,0.999563629297968,0.882090058987951,7.76303646992892e-05,0.802191189896526,0.145241779152976,0.212512180301679,0.269230182476325,0.400759265558524,0.500013466963832,0.680870480009451,6.79376821854385e-05,30,0.722890057126044,1,1
"209302_1",0.290757861698973,0.674575104127524,0.0458268052767555,0.676862995987246,0.0850933680832203,0.0867601009974256,0.0302284633900514,0.867634669110345,0.608356580845004,0.162280924379666,0.528702492392229,0.499586775812118,0.28438343971249,0.377863072114329,0.00019440235718619,0.366316306539547,0.420722608691228,0.0611114078522301,0.347584707820939,0.723408512000015,0.807962416408898,0.0232339684439532,9,0.417909340572045,1,0.5
"209302_2",0.290757861698973,0.674575104127524,0.0458268052767555,0.676862995987246,0.0850933680832203,0.0867601009974256,0.0302284633900514,0.867634669110345,0.608356580845004,0.162280924379666,0.528702492392229,0.499586775812118,0.28438343971249,0.377863072114329,0.00019440235718619,0.366316306539547,0.420722608691228,0.0611114078522301,0.347584707820939,0.723408512000015,0.807962416408898,0.0232339684439532,9,0.417909340572045,1,0.5625
"209302_3",0.290757861698973,0.674575104127524,0.0458268052767555,0.676862995987246,0.0850933680832203,0.0867601009974256,0.0302284633900514,0.867634669110345,0.608356580845004,0.162280924379666,0.528702492392229,0.499586775812118,0.28438343971249,0.377863072114329,0.00019440235718619,0.366316306539547,0.420722608691228,0.0611114078522301,0.347584707820939,0.723408512000015,0.807962416408898,0.0232339684439532,9,0.417909340572045,1,0.625
"209302_4",0.290757861698973,0.674575104127524,0.0458268052767555,0.676862995987246,0.0850933680832203,0.0867601009974256,0.0302284633900514,0.867634669110345,0.608356580845004,0.162280924379666,0.528702492392229,0.499586775812118,0.28438343971249,0.377863072114329,0.00019440235718619,0.366316306539547,0.420722608691228,0.0611114078522301,0.347584707820939,0.723408512000015,0.807962416408898,0.0232339684439532,9,0.417909340572045,1,0.6875
"209302_5",0.290757861698973,0.674575104127524,0.0458268052767555,0.676862995987246,0.0850933680832203,0.0867601009974256,0.0302284633900514,0.867634669110345,0.608356580845004,0.162280924379666,0.528702492392229,0.499586775812118,0.28438343971249,0.377863072114329,0.00019440235718619,0.366316306539547,0.420722608691228,0.0611114078522301,0.347584707820939,0.723408512000015,0.807962416408898,0.0232339684439532,9,0.417909340572045,1,0.75
"209302_6",0.290757861698973,0.674575104127524,0.0458268052767555,0.676862995987246,0.0850933680832203,0.0867601009974256,0.0302284633900514,0.867634669110345,0.608356580845004,0.162280924379666,0.528702492392229,0.499586775812118,0.28438343971249,0.377863072114329,0.00019440235718619,0.366316306539547,0.420722608691228,0.0611114078522301,0.347584707820939,0.723408512000015,0.807962416408898,0.0232339684439532,9,0.417909340572045,1,0.8125
"209302_7",0.290757861698973,0.674575104127524,0.0458268052767555,0.676862995987246,0.0850933680832203,0.0867601009974256,0.0302284633900514,0.867634669110345,0.608356580845004,0.162280924379666,0.528702492392229,0.499586775812118,0.28438343971249,0.377863072114329,0.00019440235718619,0.366316306539547,0.420722608691228,0.0611114078522301,0.347584707820939,0.723408512000015,0.807962416408898,0.0232339684439532,9,0.417909340572045,1,0.875
"209302_8",0.290757861698973,0.674575104127524,0.0458268052767555,0.676862995987246,0.0850933680832203,0.0867601009974256,0.0302284633900514,0.867634669110345,0.608356580845004,0.162280924379666,0.528702492392229,0.499586775812118,0.28438343971249,0.377863072114329,0.00019440235718619,0.366316306539547,0.420722608691228,0.0611114078522301,0.347584707820939,0.723408512000015,0.807962416408898,0.0232339684439532,9,0.417909340572045,1,0.9375
"209302_9",0.290757861698973,0.674575104127524,0.0458268052767555,0.676862995987246,0.0850933680832203,0.0867601009974256,0.0302284633900514,0.867634669110345,0.608356580845004,0.162280924379666,0.528702492392229,0.499586775812118,0.28438343971249,0.377863072114329,0.00019440235718619,0.366316306539547,0.420722608691228,0.0611114078522301,0.347584707820939,0.723408512000015,0.807962416408898,0.0232339684439532,9,0.417909340572045,1,1
"209399_1",0.680544192583445,0.300532836850569,0.0528688945266982,0.597602587964378,0.0260918531601422,3.77011053683236e-06,0.0603112482354142,9.12367616361007e-05,0.54120615107089,0.999928297183826,0.606825809080137,0.3567484870074,0.216015375743689,0.417804280552688,0.999991596603808,0.0898806850116458,0.204003020073786,0.416878579146429,0.344327747787913,0.905059916697392,0.909034087379221,0.246491843975749,8,0.445171822423442,1,0.5
"209399_2",0.680544192583445,0.300532836850569,0.0528688945266982,0.597602587964378,0.0260918531601422,3.77011053683236e-06,0.0603112482354142,9.12367616361007e-05,0.54120615107089,0.999928297183826,0.606825809080137,0.3567484870074,0.216015375743689,0.417804280552688,0.999991596603808,0.0898806850116458,0.204003020073786,0.416878579146429,0.344327747787913,0.905059916697392,0.909034087379221,0.246491843975749,8,0.445171822423442,1,0.5625
"209399_3",0.680544192583445,0.300532836850569,0.0528688945266982,0.597602587964378,0.0260918531601422,3.77011053683236e-06,0.0603112482354142,9.12367616361007e-05,0.54120615107089,0.999928297183826,0.606825809080137,0.3567484870074,0.216015375743689,0.417804280552688,0.999991596603808,0.0898806850116458,0.204003020073786,0.416878579146429,0.344327747787913,0.905059916697392,0.909034087379221,0.246491843975749,8,0.445171822423442,1,0.625
"209399_4",0.680544192583445,0.300532836850569,0.0528688945266982,0.597602587964378,0.0260918531601422,3.77011053683236e-06,0.0603112482354142,9.12367616361007e-05,0.54120615107089,0.999928297183826,0.606825809080137,0.3567484870074,0.216015375743689,0.417804280552688,0.999991596603808,0.0898806850116458,0.204003020073786,0.416878579146429,0.344327747787913,0.905059916697392,0.909034087379221,0.246491843975749,8,0.445171822423442,1,0.6875
"209399_5",0.680544192583445,0.300532836850569,0.0528688945266982,0.597602587964378,0.0260918531601422,3.77011053683236e-06,0.0603112482354142,9.12367616361007e-05,0.54120615107089,0.999928297183826,0.606825809080137,0.3567484870074,0.216015375743689,0.417804280552688,0.999991596603808,0.0898806850116458,0.204003020073786,0.416878579146429,0.344327747787913,0.905059916697392,0.909034087379221,0.246491843975749,8,0.445171822423442,1,0.75
"209399_6",0.680544192583445,0.300532836850569,0.0528688945266982,0.597602587964378,0.0260918531601422,3.77011053683236e-06,0.0603112482354142,9.12367616361007e-05,0.54120615107089,0.999928297183826,0.606825809080137,0.3567484870074,0.216015375743689,0.417804280552688,0.999991596603808,0.0898806850116458,0.204003020073786,0.416878579146429,0.344327747787913,0.905059916697392,0.909034087379221,0.246491843975749,8,0.445171822423442,1,0.8125
"209399_7",0.680544192583445,0.300532836850569,0.0528688945266982,0.597602587964378,0.0260918531601422,3.77011053683236e-06,0.0603112482354142,9.12367616361007e-05,0.54120615107089,0.999928297183826,0.606825809080137,0.3567484870074,0.216015375743689,0.417804280552688,0.999991596603808,0.0898806850116458,0.204003020073786,0.416878579146429,0.344327747787913,0.905059916697392,0.909034087379221,0.246491843975749,8,0.445171822423442,1,0.875
"209399_8",0.680544192583445,0.300532836850569,0.0528688945266982,0.597602587964378,0.0260918531601422,3.77011053683236e-06,0.0603112482354142,9.12367616361007e-05,0.54120615107089,0.999928297183826,0.606825809080137,0.3567484870074,0.216015375743689,0.417804280552688,0.999991596603808,0.0898806850116458,0.204003020073786,0.416878579146429,0.344327747787913,0.905059916697392,0.909034087379221,0.246491843975749,8,0.445171822423442,1,0.9375
"209399_9",0.680544192583445,0.300532836850569,0.0528688945266982,0.597602587964378,0.0260918531601422,3.77011053683236e-06,0.0603112482354142,9.12367616361007e-05,0.54120615107089,0.999928297183826,0.606825809080137,0.3567484870074,0.216015375743689,0.417804280552688,0.999991596603808,0.0898806850116458,0.204003020073786,0.416878579146429,0.344327747787913,0.905059916697392,0.909034087379221,0.246491843975749,8,0.445171822423442,1,1
"209400_1",0.728623565880442,0.999963109878346,0.0655482793774638,0.507535555936267,0.0188535671394564,0.119998732919027,0.0735670446902148,0.391255910653574,0.66034875724417,0.260848404670603,0.904637777258811,0.906763337241111,0.508223712304151,7.76303646992892e-05,0.00019440235718619,0.41378785619789,0.499858107997852,0.00010701302640605,0.116993961512821,0.594158143816585,0.861480783244867,0.0468667450209708,18,0.316215159873775,1,0.5
"209400_2",0.728623565880442,0.999963109878346,0.0655482793774638,0.507535555936267,0.0188535671394564,0.119998732919027,0.0735670446902148,0.391255910653574,0.66034875724417,0.260848404670603,0.904637777258811,0.906763337241111,0.508223712304151,7.76303646992892e-05,0.00019440235718619,0.41378785619789,0.499858107997852,0.00010701302640605,0.116993961512821,0.594158143816585,0.861480783244867,0.0468667450209708,18,0.316215159873775,1,0.5625
"209400_3",0.728623565880442,0.999963109878346,0.0655482793774638,0.507535555936267,0.0188535671394564,0.119998732919027,0.0735670446902148,0.391255910653574,0.66034875724417,0.260848404670603,0.904637777258811,0.906763337241111,0.508223712304151,7.76303646992892e-05,0.00019440235718619,0.41378785619789,0.499858107997852,0.00010701302640605,0.116993961512821,0.594158143816585,0.861480783244867,0.0468667450209708,18,0.316215159873775,1,0.625
"209400_4",0.728623565880442,0.999963109878346,0.0655482793774638,0.507535555936267,0.0188535671394564,0.119998732919027,0.0735670446902148,0.391255910653574,0.66034875724417,0.260848404670603,0.904637777258811,0.906763337241111,0.508223712304151,7.76303646992892e-05,0.00019440235718619,0.41378785619789,0.499858107997852,0.00010701302640605,0.116993961512821,0.594158143816585,0.861480783244867,0.0468667450209708,18,0.316215159873775,1,0.6875
"209400_5",0.728623565880442,0.999963109878346,0.0655482793774638,0.507535555936267,0.0188535671394564,0.119998732919027,0.0735670446902148,0.391255910653574,0.66034875724417,0.260848404670603,0.904637777258811,0.906763337241111,0.508223712304151,7.76303646992892e-05,0.00019440235718619,0.41378785619789,0.499858107997852,0.00010701302640605,0.116993961512821,0.594158143816585,0.861480783244867,0.0468667450209708,18,0.316215159873775,1,0.75
"209400_6",0.728623565880442,0.999963109878346,0.0655482793774638,0.507535555936267,0.0188535671394564,0.119998732919027,0.0735670446902148,0.391255910653574,0.66034875724417,0.260848404670603,0.904637777258811,0.906763337241111,0.508223712304151,7.76303646992892e-05,0.00019440235718619,0.41378785619789,0.499858107997852,0.00010701302640605,0.116993961512821,0.594158143816585,0.861480783244867,0.0468667450209708,18,0.316215159873775,1,0.8125
"209400_7",0.728623565880442,0.999963109878346,0.0655482793774638,0.507535555936267,0.0188535671394564,0.119998732919027,0.0735670446902148,0.391255910653574,0.66034875724417,0.260848404670603,0.904637777258811,0.906763337241111,0.508223712304151,7.76303646992892e-05,0.00019440235718619,0.41378785619789,0.499858107997852,0.00010701302640605,0.116993961512821,0.594158143816585,0.861480783244867,0.0468667450209708,18,0.316215159873775,1,0.875
"209400_8",0.728623565880442,0.999963109878346,0.0655482793774638,0.507535555936267,0.0188535671394564,0.119998732919027,0.0735670446902148,0.391255910653574,0.66034875724417,0.260848404670603,0.904637777258811,0.906763337241111,0.508223712304151,7.76303646992892e-05,0.00019440235718619,0.41378785619789,0.499858107997852,0.00010701302640605,0.116993961512821,0.594158143816585,0.861480783244867,0.0468667450209708,18,0.316215159873775,1,0.9375
"209400_9",0.728623565880442,0.999963109878346,0.0655482793774638,0.507535555936267,0.0188535671394564,0.119998732919027,0.0735670446902148,0.391255910653574,0.66034875724417,0.260848404670603,0.904637777258811,0.906763337241111,0.508223712304151,7.76303646992892e-05,0.00019440235718619,0.41378785619789,0.499858107997852,0.00010701302640605,0.116993961512821,0.594158143816585,0.861480783244867,0.0468667450209708,18,0.316215159873775,1,1
"209401_1",0.00021768103810027,0.894099043169921,0.0625597817331193,0.546485577301739,0.0982685586988098,0.106513044065662,0.119995094177388,0.351222647190681,0.509134292369726,0.696970515863424,0.450628552467753,0.591015088588688,0.333244173418275,0.219870038586363,0.537248036124598,0.169439052701054,0.203124312673099,0.00010701302640605,0.4305961506498,0.885152390100868,0.948919587698111,0.149594477384596,3,0.270613274809857,1,0.5
"209401_2",0.00021768103810027,0.894099043169921,0.0625597817331193,0.546485577301739,0.0982685586988098,0.106513044065662,0.119995094177388,0.351222647190681,0.509134292369726,0.696970515863424,0.450628552467753,0.591015088588688,0.333244173418275,0.219870038586363,0.537248036124598,0.169439052701054,0.203124312673099,0.00010701302640605,0.4305961506498,0.885152390100868,0.948919587698111,0.149594477384596,3,0.270613274809857,1,0.5625
"209401_3",0.00021768103810027,0.894099043169921,0.0625597817331193,0.546485577301739,0.0982685586988098,0.106513044065662,0.119995094177388,0.351222647190681,0.509134292369726,0.696970515863424,0.450628552467753,0.591015088588688,0.333244173418275,0.219870038586363,0.537248036124598,0.169439052701054,0.203124312673099,0.00010701302640605,0.4305961506498,0.885152390100868,0.948919587698111,0.149594477384596,3,0.270613274809857,1,0.625
"209401_4",0.00021768103810027,0.894099043169921,0.0625597817331193,0.546485577301739,0.0982685586988098,0.106513044065662,0.119995094177388,0.351222647190681,0.509134292369726,0.696970515863424,0.450628552467753,0.591015088588688,0.333244173418275,0.219870038586363,0.537248036124598,0.169439052701054,0.203124312673099,0.00010701302640605,0.4305961506498,0.885152390100868,0.948919587698111,0.149594477384596,3,0.270613274809857,1,0.6875
"209401_5",0.00021768103810027,0.894099043169921,0.0625597817331193,0.546485577301739,0.0982685586988098,0.106513044065662,0.119995094177388,0.351222647190681,0.509134292369726,0.696970515863424,0.450628552467753,0.591015088588688,0.333244173418275,0.219870038586363,0.537248036124598,0.169439052701054,0.203124312673099,0.00010701302640605,0.4305961506498,0.885152390100868,0.948919587698111,0.149594477384596,3,0.270613274809857,1,0.75
"209401_6",0.00021768103810027,0.894099043169921,0.0625597817331193,0.546485577301739,0.0982685586988098,0.106513044065662,0.119995094177388,0.351222647190681,0.509134292369726,0.696970515863424,0.450628552467753,0.591015088588688,0.333244173418275,0.219870038586363,0.537248036124598,0.169439052701054,0.203124312673099,0.00010701302640605,0.4305961506498,0.885152390100868,0.948919587698111,0.149594477384596,3,0.270613274809857,1,0.8125
"209401_7",0.00021768103810027,0.894099043169921,0.0625597817331193,0.546485577301739,0.0982685586988098,0.106513044065662,0.119995094177388,0.351222647190681,0.509134292369726,0.696970515863424,0.450628552467753,0.591015088588688,0.333244173418275,0.219870038586363,0.537248036124598,0.169439052701054,0.203124312673099,0.00010701302640605,0.4305961506498,0.885152390100868,0.948919587698111,0.149594477384596,3,0.270613274809857,1,0.875
"209401_8",0.00021768103810027,0.894099043169921,0.0625597817331193,0.546485577301739,0.0982685586988098,0.106513044065662,0.119995094177388,0.351222647190681,0.509134292369726,0.696970515863424,0.450628552467753,0.591015088588688,0.333244173418275,0.219870038586363,0.537248036124598,0.169439052701054,0.203124312673099,0.00010701302640605,0.4305961506498,0.885152390100868,0.948919587698111,0.149594477384596,3,0.270613274809857,1,0.9375
"209401_9",0.00021768103810027,0.894099043169921,0.0625597817331193,0.546485577301739,0.0982685586988098,0.106513044065662,0.119995094177388,0.351222647190681,0.509134292369726,0.696970515863424,0.450628552467753,0.591015088588688,0.333244173418275,0.219870038586363,0.537248036124598,0.169439052701054,0.203124312673099,0.00010701302640605,0.4305961506498,0.885152390100868,0.948919587698111,0.149594477384596,3,0.270613274809857,1,1
"209600_1",0.967357984057043,0.999963109878346,0.010271338178251,0.726534099584145,0.0328396741904316,0.030508076650584,2.35846800701693e-05,0.262698903148505,0.547090146115324,0.512344458134812,0.473367868277948,0.234341808670081,0.0883076534257241,0.373092222028993,0.00019440235718619,0.499989724523516,0.499858107997852,0.0499052955869432,0.215772446643776,0.731720645762273,0.937577136781218,0.114430636118002,7,0.315682466991193,1,0.5
"209600_2",0.967357984057043,0.999963109878346,0.010271338178251,0.726534099584145,0.0328396741904316,0.030508076650584,2.35846800701693e-05,0.262698903148505,0.547090146115324,0.512344458134812,0.473367868277948,0.234341808670081,0.0883076534257241,0.373092222028993,0.00019440235718619,0.499989724523516,0.499858107997852,0.0499052955869432,0.215772446643776,0.731720645762273,0.937577136781218,0.114430636118002,7,0.315682466991193,1,0.5625
"209600_3",0.967357984057043,0.999963109878346,0.010271338178251,0.726534099584145,0.0328396741904316,0.030508076650584,2.35846800701693e-05,0.262698903148505,0.547090146115324,0.512344458134812,0.473367868277948,0.234341808670081,0.0883076534257241,0.373092222028993,0.00019440235718619,0.499989724523516,0.499858107997852,0.0499052955869432,0.215772446643776,0.731720645762273,0.937577136781218,0.114430636118002,7,0.315682466991193,1,0.625
"209600_4",0.967357984057043,0.999963109878346,0.010271338178251,0.726534099584145,0.0328396741904316,0.030508076650584,2.35846800701693e-05,0.262698903148505,0.547090146115324,0.512344458134812,0.473367868277948,0.234341808670081,0.0883076534257241,0.373092222028993,0.00019440235718619,0.499989724523516,0.499858107997852,0.0499052955869432,0.215772446643776,0.731720645762273,0.937577136781218,0.114430636118002,7,0.315682466991193,1,0.6875
"209600_5",0.967357984057043,0.999963109878346,0.010271338178251,0.726534099584145,0.0328396741904316,0.030508076650584,2.35846800701693e-05,0.262698903148505,0.547090146115324,0.512344458134812,0.473367868277948,0.234341808670081,0.0883076534257241,0.373092222028993,0.00019440235718619,0.499989724523516,0.499858107997852,0.0499052955869432,0.215772446643776,0.731720645762273,0.937577136781218,0.114430636118002,7,0.315682466991193,1,0.75
"209600_6",0.967357984057043,0.999963109878346,0.010271338178251,0.726534099584145,0.0328396741904316,0.030508076650584,2.35846800701693e-05,0.262698903148505,0.547090146115324,0.512344458134812,0.473367868277948,0.234341808670081,0.0883076534257241,0.373092222028993,0.00019440235718619,0.499989724523516,0.499858107997852,0.0499052955869432,0.215772446643776,0.731720645762273,0.937577136781218,0.114430636118002,7,0.315682466991193,1,0.8125
"209600_7",0.967357984057043,0.999963109878346,0.010271338178251,0.726534099584145,0.0328396741904316,0.030508076650584,2.35846800701693e-05,0.262698903148505,0.547090146115324,0.512344458134812,0.473367868277948,0.234341808670081,0.0883076534257241,0.373092222028993,0.00019440235718619,0.499989724523516,0.499858107997852,0.0499052955869432,0.215772446643776,0.731720645762273,0.937577136781218,0.114430636118002,7,0.315682466991193,1,0.875
"209600_8",0.967357984057043,0.999963109878346,0.010271338178251,0.726534099584145,0.0328396741904316,0.030508076650584,2.35846800701693e-05,0.262698903148505,0.547090146115324,0.512344458134812,0.473367868277948,0.234341808670081,0.0883076534257241,0.373092222028993,0.00019440235718619,0.499989724523516,0.499858107997852,0.0499052955869432,0.215772446643776,0.731720645762273,0.937577136781218,0.114430636118002,7,0.315682466991193,1,0.9375
"209600_9",0.967357984057043,0.999963109878346,0.010271338178251,0.726534099584145,0.0328396741904316,0.030508076650584,2.35846800701693e-05,0.262698903148505,0.547090146115324,0.512344458134812,0.473367868277948,0.234341808670081,0.0883076534257241,0.373092222028993,0.00019440235718619,0.499989724523516,0.499858107997852,0.0499052955869432,0.215772446643776,0.731720645762273,0.937577136781218,0.114430636118002,7,0.315682466991193,1,1
"209699_1",0.630603169340079,0.521918901389608,0.07254040746733,0.600827741924412,0.119963741078067,0.103682590947021,0.0917164981383005,0.725596358304647,0.183967601201379,0.470411893265521,0.480509972369759,0.0269645777940742,0.168829833281757,0.140083567912097,0.123790419481966,0.237960283208849,0.393840560583951,0.170508429483014,0.355942174643983,0.999990134470386,0.66205488666269,0.084361776271055,23,0.168359515756579,1,0.5
"209699_2",0.630603169340079,0.521918901389608,0.07254040746733,0.600827741924412,0.119963741078067,0.103682590947021,0.0917164981383005,0.725596358304647,0.183967601201379,0.470411893265521,0.480509972369759,0.0269645777940742,0.168829833281757,0.140083567912097,0.123790419481966,0.237960283208849,0.393840560583951,0.170508429483014,0.355942174643983,0.999990134470386,0.66205488666269,0.084361776271055,23,0.168359515756579,1,0.5625
"209699_3",0.630603169340079,0.521918901389608,0.07254040746733,0.600827741924412,0.119963741078067,0.103682590947021,0.0917164981383005,0.725596358304647,0.183967601201379,0.470411893265521,0.480509972369759,0.0269645777940742,0.168829833281757,0.140083567912097,0.123790419481966,0.237960283208849,0.393840560583951,0.170508429483014,0.355942174643983,0.999990134470386,0.66205488666269,0.084361776271055,23,0.168359515756579,1,0.625
"209699_4",0.630603169340079,0.521918901389608,0.07254040746733,0.600827741924412,0.119963741078067,0.103682590947021,0.0917164981383005,0.725596358304647,0.183967601201379,0.470411893265521,0.480509972369759,0.0269645777940742,0.168829833281757,0.140083567912097,0.123790419481966,0.237960283208849,0.393840560583951,0.170508429483014,0.355942174643983,0.999990134470386,0.66205488666269,0.084361776271055,23,0.168359515756579,1,0.6875
"209699_5",0.630603169340079,0.521918901389608,0.07254040746733,0.600827741924412,0.119963741078067,0.103682590947021,0.0917164981383005,0.725596358304647,0.183967601201379,0.470411893265521,0.480509972369759,0.0269645777940742,0.168829833281757,0.140083567912097,0.123790419481966,0.237960283208849,0.393840560583951,0.170508429483014,0.355942174643983,0.999990134470386,0.66205488666269,0.084361776271055,23,0.168359515756579,1,0.75
"209699_6",0.630603169340079,0.521918901389608,0.07254040746733,0.600827741924412,0.119963741078067,0.103682590947021,0.0917164981383005,0.725596358304647,0.183967601201379,0.470411893265521,0.480509972369759,0.0269645777940742,0.168829833281757,0.140083567912097,0.123790419481966,0.237960283208849,0.393840560583951,0.170508429483014,0.355942174643983,0.999990134470386,0.66205488666269,0.084361776271055,23,0.168359515756579,1,0.8125
"209699_7",0.630603169340079,0.521918901389608,0.07254040746733,0.600827741924412,0.119963741078067,0.103682590947021,0.0917164981383005,0.725596358304647,0.183967601201379,0.470411893265521,0.480509972369759,0.0269645777940742,0.168829833281757,0.140083567912097,0.123790419481966,0.237960283208849,0.393840560583951,0.170508429483014,0.355942174643983,0.999990134470386,0.66205488666269,0.084361776271055,23,0.168359515756579,1,0.875
"209699_8",0.630603169340079,0.521918901389608,0.07254040746733,0.600827741924412,0.119963741078067,0.103682590947021,0.0917164981383005,0.725596358304647,0.183967601201379,0.470411893265521,0.480509972369759,0.0269645777940742,0.168829833281757,0.140083567912097,0.123790419481966,0.237960283208849,0.393840560583951,0.170508429483014,0.355942174643983,0.999990134470386,0.66205488666269,0.084361776271055,23,0.168359515756579,1,0.9375
"209699_9",0.630603169340079,0.521918901389608,0.07254040746733,0.600827741924412,0.119963741078067,0.103682590947021,0.0917164981383005,0.725596358304647,0.183967601201379,0.470411893265521,0.480509972369759,0.0269645777940742,0.168829833281757,0.140083567912097,0.123790419481966,0.237960283208849,0.393840560583951,0.170508429483014,0.355942174643983,0.999990134470386,0.66205488666269,0.084361776271055,23,0.168359515756579,1,1
"209701_1",0.999852021087501,0.743084570295839,0.128313270400261,0.564512468893616,0.0131662377506237,0.0417240871786592,0.0580626641353486,0.0186220820223592,0.0144988227977464,0.887163977297693,0.963347457301281,0.572273565095187,0.319243526433537,7.76303646992892e-05,0.732473301560952,0.0984680126683745,0.362362651594519,0.39596493740019,0.0850752674482667,0.872989581079474,0.688932970138265,0.05137829394438,24,0.304403277050578,1,0.5
"209701_2",0.999852021087501,0.743084570295839,0.128313270400261,0.564512468893616,0.0131662377506237,0.0417240871786592,0.0580626641353486,0.0186220820223592,0.0144988227977464,0.887163977297693,0.963347457301281,0.572273565095187,0.319243526433537,7.76303646992892e-05,0.732473301560952,0.0984680126683745,0.362362651594519,0.39596493740019,0.0850752674482667,0.872989581079474,0.688932970138265,0.05137829394438,24,0.304403277050578,1,0.5625
"209701_3",0.999852021087501,0.743084570295839,0.128313270400261,0.564512468893616,0.0131662377506237,0.0417240871786592,0.0580626641353486,0.0186220820223592,0.0144988227977464,0.887163977297693,0.963347457301281,0.572273565095187,0.319243526433537,7.76303646992892e-05,0.732473301560952,0.0984680126683745,0.362362651594519,0.39596493740019,0.0850752674482667,0.872989581079474,0.688932970138265,0.05137829394438,24,0.304403277050578,1,0.625
"209701_4",0.999852021087501,0.743084570295839,0.128313270400261,0.564512468893616,0.0131662377506237,0.0417240871786592,0.0580626641353486,0.0186220820223592,0.0144988227977464,0.887163977297693,0.963347457301281,0.572273565095187,0.319243526433537,7.76303646992892e-05,0.732473301560952,0.0984680126683745,0.362362651594519,0.39596493740019,0.0850752674482667,0.872989581079474,0.688932970138265,0.05137829394438,24,0.304403277050578,1,0.6875
"209701_5",0.999852021087501,0.743084570295839,0.128313270400261,0.564512468893616,0.0131662377506237,0.0417240871786592,0.0580626641353486,0.0186220820223592,0.0144988227977464,0.887163977297693,0.963347457301281,0.572273565095187,0.319243526433537,7.76303646992892e-05,0.732473301560952,0.0984680126683745,0.362362651594519,0.39596493740019,0.0850752674482667,0.872989581079474,0.688932970138265,0.05137829394438,24,0.304403277050578,1,0.75
"209701_6",0.999852021087501,0.743084570295839,0.128313270400261,0.564512468893616,0.0131662377506237,0.0417240871786592,0.0580626641353486,0.0186220820223592,0.0144988227977464,0.887163977297693,0.963347457301281,0.572273565095187,0.319243526433537,7.76303646992892e-05,0.732473301560952,0.0984680126683745,0.362362651594519,0.39596493740019,0.0850752674482667,0.872989581079474,0.688932970138265,0.05137829394438,24,0.304403277050578,1,0.8125
"209701_7",0.999852021087501,0.743084570295839,0.128313270400261,0.564512468893616,0.0131662377506237,0.0417240871786592,0.0580626641353486,0.0186220820223592,0.0144988227977464,0.887163977297693,0.963347457301281,0.572273565095187,0.319243526433537,7.76303646992892e-05,0.732473301560952,0.0984680126683745,0.362362651594519,0.39596493740019,0.0850752674482667,0.872989581079474,0.688932970138265,0.05137829394438,24,0.304403277050578,1,0.875
"209701_8",0.999852021087501,0.743084570295839,0.128313270400261,0.564512468893616,0.0131662377506237,0.0417240871786592,0.0580626641353486,0.0186220820223592,0.0144988227977464,0.887163977297693,0.963347457301281,0.572273565095187,0.319243526433537,7.76303646992892e-05,0.732473301560952,0.0984680126683745,0.362362651594519,0.39596493740019,0.0850752674482667,0.872989581079474,0.688932970138265,0.05137829394438,24,0.304403277050578,1,0.9375
"209701_9",0.999852021087501,0.743084570295839,0.128313270400261,0.564512468893616,0.0131662377506237,0.0417240871786592,0.0580626641353486,0.0186220820223592,0.0144988227977464,0.887163977297693,0.963347457301281,0.572273565095187,0.319243526433537,7.76303646992892e-05,0.732473301560952,0.0984680126683745,0.362362651594519,0.39596493740019,0.0850752674482667,0.872989581079474,0.688932970138265,0.05137829394438,24,0.304403277050578,1,1
