"param_set_id_new","th_ROS_microbe","th_ROS_epith_recover","epith_recovery_chance","rat_com_pat_threshold","diffusion_speed_DAMPs","diffusion_speed_SAMPs","diffusion_speed_ROS","add_ROS","add_DAMPs","add_SAMPs","ros_decay","DAMPs_decay","SAMPs_decay","activation_threshold_DAMPs","activation_threshold_SAMPs","activity_engulf_M0_baseline","activity_engulf_M1_baseline","activity_engulf_M2_baseline","activity_ROS_M1_baseline","rate_leak_commensal_injury","rate_leak_pathogen_injury","rate_leak_commensal_baseline","active_age_limit","treg_discrimination_efficiency","mac_discrimination_efficiency","mac_rat_com_pat_threshold"
"5_1",0.43483974308308,0.425760173331515,0.996269186139295,0.83798278727641,0.0274189526123682,0.0297751347501551,0.101874310455221,0.460142808136169,0.478368002834364,0.511209311747206,0.00704415679882513,0.0379164476995217,0.165092726046038,0.0895043056867062,0.211238714647791,0.0486656534533377,0.37534641560767,0.305519323793586,0.318752166304522,0.709763237837219,0.504497054761851,0.0519183045231085,14,0.123505099362317,1,0.5
"5_2",0.43483974308308,0.425760173331515,0.996269186139295,0.83798278727641,0.0274189526123682,0.0297751347501551,0.101874310455221,0.460142808136169,0.478368002834364,0.511209311747206,0.00704415679882513,0.0379164476995217,0.165092726046038,0.0895043056867062,0.211238714647791,0.0486656534533377,0.37534641560767,0.305519323793586,0.318752166304522,0.709763237837219,0.504497054761851,0.0519183045231085,14,0.123505099362317,1,0.5625
"5_3",0.43483974308308,0.425760173331515,0.996269186139295,0.83798278727641,0.0274189526123682,0.0297751347501551,0.101874310455221,0.460142808136169,0.478368002834364,0.511209311747206,0.00704415679882513,0.0379164476995217,0.165092726046038,0.0895043056867062,0.211238714647791,0.0486656534533377,0.37534641560767,0.305519323793586,0.318752166304522,0.709763237837219,0.504497054761851,0.0519183045231085,14,0.123505099362317,1,0.625
"5_4",0.43483974308308,0.425760173331515,0.996269186139295,0.83798278727641,0.0274189526123682,0.0297751347501551,0.101874310455221,0.460142808136169,0.478368002834364,0.511209311747206,0.00704415679882513,0.0379164476995217,0.165092726046038,0.0895043056867062,0.211238714647791,0.0486656534533377,0.37534641560767,0.305519323793586,0.318752166304522,0.709763237837219,0.504497054761851,0.0519183045231085,14,0.123505099362317,1,0.6875
"5_5",0.43483974308308,0.425760173331515,0.996269186139295,0.83798278727641,0.0274189526123682,0.0297751347501551,0.101874310455221,0.460142808136169,0.478368002834364,0.511209311747206,0.00704415679882513,0.0379164476995217,0.165092726046038,0.0895043056867062,0.211238714647791,0.0486656534533377,0.37534641560767,0.305519323793586,0.318752166304522,0.709763237837219,0.504497054761851,0.0519183045231085,14,0.123505099362317,1,0.75
"5_6",0.43483974308308,0.425760173331515,0.996269186139295,0.83798278727641,0.0274189526123682,0.0297751347501551,0.101874310455221,0.460142808136169,0.478368002834364,0.511209311747206,0.00704415679882513,0.0379164476995217,0.165092726046038,0.0895043056867062,0.211238714647791,0.0486656534533377,0.37534641560767,0.305519323793586,0.318752166304522,0.709763237837219,0.504497054761851,0.0519183045231085,14,0.123505099362317,1,0.8125
"5_7",0.43483974308308,0.425760173331515,0.996269186139295,0.83798278727641,0.0274189526123682,0.0297751347501551,0.101874310455221,0.460142808136169,0.478368002834364,0.511209311747206,0.00704415679882513,0.0379164476995217,0.165092726046038,0.0895043056867062,0.211238714647791,0.0486656534533377,0.37534641560767,0.305519323793586,0.318752166304522,0.709763237837219,0.504497054761851,0.0519183045231085,14,0.123505099362317,1,0.875
"5_8",0.43483974308308,0.425760173331515,0.996269186139295,0.83798278727641,0.0274189526123682,0.0297751347501551,0.101874310455221,0.460142808136169,0.478368002834364,0.511209311747206,0.00704415679882513,0.0379164476995217,0.165092726046038,0.0895043056867062,0.211238714647791,0.0486656534533377,0.37534641560767,0.305519323793586,0.318752166304522,0.709763237837219,0.504497054761851,0.0519183045231085,14,0.123505099362317,1,0.9375
"5_9",0.43483974308308,0.425760173331515,0.996269186139295,0.83798278727641,0.0274189526123682,0.0297751347501551,0.101874310455221,0.460142808136169,0.478368002834364,0.511209311747206,0.00704415679882513,0.0379164476995217,0.165092726046038,0.0895043056867062,0.211238714647791,0.0486656534533377,0.37534641560767,0.305519323793586,0.318752166304522,0.709763237837219,0.504497054761851,0.0519183045231085,14,0.123505099362317,1,1
"100_1",0.0340478745719115,0.0763463042471372,0.87799565922695,0.925906943464832,0.0818306975780239,0.007279630411979,0.0076128912226419,0.417942863159261,0.825488169051753,0.998127301603167,0.280589035041421,0.618139499938651,0.123128963396105,0.0281619555790839,0.922658606368203,0.0285837291190145,0.476416414657171,0.0262138103125268,0.334169596583588,0.763376294225176,0.663927802555285,0.115265969739394,22,0.855480765304421,1,0.5
"100_2",0.0340478745719115,0.0763463042471372,0.87799565922695,0.925906943464832,0.0818306975780239,0.007279630411979,0.0076128912226419,0.417942863159261,0.825488169051753,0.998127301603167,0.280589035041421,0.618139499938651,0.123128963396105,0.0281619555790839,0.922658606368203,0.0285837291190145,0.476416414657171,0.0262138103125268,0.334169596583588,0.763376294225176,0.663927802555285,0.115265969739394,22,0.855480765304421,1,0.5625
"100_3",0.0340478745719115,0.0763463042471372,0.87799565922695,0.925906943464832,0.0818306975780239,0.007279630411979,0.0076128912226419,0.417942863159261,0.825488169051753,0.998127301603167,0.280589035041421,0.618139499938651,0.123128963396105,0.0281619555790839,0.922658606368203,0.0285837291190145,0.476416414657171,0.0262138103125268,0.334169596583588,0.763376294225176,0.663927802555285,0.115265969739394,22,0.855480765304421,1,0.625
"100_4",0.0340478745719115,0.0763463042471372,0.87799565922695,0.925906943464832,0.0818306975780239,0.007279630411979,0.0076128912226419,0.417942863159261,0.825488169051753,0.998127301603167,0.280589035041421,0.618139499938651,0.123128963396105,0.0281619555790839,0.922658606368203,0.0285837291190145,0.476416414657171,0.0262138103125268,0.334169596583588,0.763376294225176,0.663927802555285,0.115265969739394,22,0.855480765304421,1,0.6875
"100_5",0.0340478745719115,0.0763463042471372,0.87799565922695,0.925906943464832,0.0818306975780239,0.007279630411979,0.0076128912226419,0.417942863159261,0.825488169051753,0.998127301603167,0.280589035041421,0.618139499938651,0.123128963396105,0.0281619555790839,0.922658606368203,0.0285837291190145,0.476416414657171,0.0262138103125268,0.334169596583588,0.763376294225176,0.663927802555285,0.115265969739394,22,0.855480765304421,1,0.75
"100_6",0.0340478745719115,0.0763463042471372,0.87799565922695,0.925906943464832,0.0818306975780239,0.007279630411979,0.0076128912226419,0.417942863159261,0.825488169051753,0.998127301603167,0.280589035041421,0.618139499938651,0.123128963396105,0.0281619555790839,0.922658606368203,0.0285837291190145,0.476416414657171,0.0262138103125268,0.334169596583588,0.763376294225176,0.663927802555285,0.115265969739394,22,0.855480765304421,1,0.8125
"100_7",0.0340478745719115,0.0763463042471372,0.87799565922695,0.925906943464832,0.0818306975780239,0.007279630411979,0.0076128912226419,0.417942863159261,0.825488169051753,0.998127301603167,0.280589035041421,0.618139499938651,0.123128963396105,0.0281619555790839,0.922658606368203,0.0285837291190145,0.476416414657171,0.0262138103125268,0.334169596583588,0.763376294225176,0.663927802555285,0.115265969739394,22,0.855480765304421,1,0.875
"100_8",0.0340478745719115,0.0763463042471372,0.87799565922695,0.925906943464832,0.0818306975780239,0.007279630411979,0.0076128912226419,0.417942863159261,0.825488169051753,0.998127301603167,0.280589035041421,0.618139499938651,0.123128963396105,0.0281619555790839,0.922658606368203,0.0285837291190145,0.476416414657171,0.0262138103125268,0.334169596583588,0.763376294225176,0.663927802555285,0.115265969739394,22,0.855480765304421,1,0.9375
"100_9",0.0340478745719115,0.0763463042471372,0.87799565922695,0.925906943464832,0.0818306975780239,0.007279630411979,0.0076128912226419,0.417942863159261,0.825488169051753,0.998127301603167,0.280589035041421,0.618139499938651,0.123128963396105,0.0281619555790839,0.922658606368203,0.0285837291190145,0.476416414657171,0.0262138103125268,0.334169596583588,0.763376294225176,0.663927802555285,0.115265969739394,22,0.855480765304421,1,1
"1004_1",0.742178807282285,0.221756220468087,0.378590703793305,0.512922659225776,0.0117787232076718,0.0568007230405899,0.0601925413284914,0.65028876903245,0.209326005888903,0.931327461446992,0.0587079500996973,0.151500424148515,0.267052815260892,0.350394682892773,0.0821202043266245,0.434647425860212,0.442617958399646,0.203590253402718,0.271427759352395,0.735245538125215,0.96974948178125,0.235251391761717,17,0.857029103196606,1,0.5
"1004_2",0.742178807282285,0.221756220468087,0.378590703793305,0.512922659225776,0.0117787232076718,0.0568007230405899,0.0601925413284914,0.65028876903245,0.209326005888903,0.931327461446992,0.0587079500996973,0.151500424148515,0.267052815260892,0.350394682892773,0.0821202043266245,0.434647425860212,0.442617958399646,0.203590253402718,0.271427759352395,0.735245538125215,0.96974948178125,0.235251391761717,17,0.857029103196606,1,0.5625
"1004_3",0.742178807282285,0.221756220468087,0.378590703793305,0.512922659225776,0.0117787232076718,0.0568007230405899,0.0601925413284914,0.65028876903245,0.209326005888903,0.931327461446992,0.0587079500996973,0.151500424148515,0.267052815260892,0.350394682892773,0.0821202043266245,0.434647425860212,0.442617958399646,0.203590253402718,0.271427759352395,0.735245538125215,0.96974948178125,0.235251391761717,17,0.857029103196606,1,0.625
"1004_4",0.742178807282285,0.221756220468087,0.378590703793305,0.512922659225776,0.0117787232076718,0.0568007230405899,0.0601925413284914,0.65028876903245,0.209326005888903,0.931327461446992,0.0587079500996973,0.151500424148515,0.267052815260892,0.350394682892773,0.0821202043266245,0.434647425860212,0.442617958399646,0.203590253402718,0.271427759352395,0.735245538125215,0.96974948178125,0.235251391761717,17,0.857029103196606,1,0.6875
"1004_5",0.742178807282285,0.221756220468087,0.378590703793305,0.512922659225776,0.0117787232076718,0.0568007230405899,0.0601925413284914,0.65028876903245,0.209326005888903,0.931327461446992,0.0587079500996973,0.151500424148515,0.267052815260892,0.350394682892773,0.0821202043266245,0.434647425860212,0.442617958399646,0.203590253402718,0.271427759352395,0.735245538125215,0.96974948178125,0.235251391761717,17,0.857029103196606,1,0.75
"1004_6",0.742178807282285,0.221756220468087,0.378590703793305,0.512922659225776,0.0117787232076718,0.0568007230405899,0.0601925413284914,0.65028876903245,0.209326005888903,0.931327461446992,0.0587079500996973,0.151500424148515,0.267052815260892,0.350394682892773,0.0821202043266245,0.434647425860212,0.442617958399646,0.203590253402718,0.271427759352395,0.735245538125215,0.96974948178125,0.235251391761717,17,0.857029103196606,1,0.8125
"1004_7",0.742178807282285,0.221756220468087,0.378590703793305,0.512922659225776,0.0117787232076718,0.0568007230405899,0.0601925413284914,0.65028876903245,0.209326005888903,0.931327461446992,0.0587079500996973,0.151500424148515,0.267052815260892,0.350394682892773,0.0821202043266245,0.434647425860212,0.442617958399646,0.203590253402718,0.271427759352395,0.735245538125215,0.96974948178125,0.235251391761717,17,0.857029103196606,1,0.875
"1004_8",0.742178807282285,0.221756220468087,0.378590703793305,0.512922659225776,0.0117787232076718,0.0568007230405899,0.0601925413284914,0.65028876903245,0.209326005888903,0.931327461446992,0.0587079500996973,0.151500424148515,0.267052815260892,0.350394682892773,0.0821202043266245,0.434647425860212,0.442617958399646,0.203590253402718,0.271427759352395,0.735245538125215,0.96974948178125,0.235251391761717,17,0.857029103196606,1,0.9375
"1004_9",0.742178807282285,0.221756220468087,0.378590703793305,0.512922659225776,0.0117787232076718,0.0568007230405899,0.0601925413284914,0.65028876903245,0.209326005888903,0.931327461446992,0.0587079500996973,0.151500424148515,0.267052815260892,0.350394682892773,0.0821202043266245,0.434647425860212,0.442617958399646,0.203590253402718,0.271427759352395,0.735245538125215,0.96974948178125,0.235251391761717,17,0.857029103196606,1,1
"1503_1",0.62915624211397,0.554195632560332,0.772937652352958,0.50499616568485,0.0507782396442211,0.0205716128709896,0.0114474973825344,0.931668042822315,0.447423767011582,0.597749857686015,0.175981233295985,0.227422625332149,0.136224283326576,0.0980456858877605,0.141678196367326,0.301151373005884,0.304855446870809,0.342989699108112,0.265116399367459,0.84400816527253,0.766523362068097,0.130422797381552,12,0.812887225526813,1,0.5
"1503_2",0.62915624211397,0.554195632560332,0.772937652352958,0.50499616568485,0.0507782396442211,0.0205716128709896,0.0114474973825344,0.931668042822315,0.447423767011582,0.597749857686015,0.175981233295985,0.227422625332149,0.136224283326576,0.0980456858877605,0.141678196367326,0.301151373005884,0.304855446870809,0.342989699108112,0.265116399367459,0.84400816527253,0.766523362068097,0.130422797381552,12,0.812887225526813,1,0.5625
"1503_3",0.62915624211397,0.554195632560332,0.772937652352958,0.50499616568485,0.0507782396442211,0.0205716128709896,0.0114474973825344,0.931668042822315,0.447423767011582,0.597749857686015,0.175981233295985,0.227422625332149,0.136224283326576,0.0980456858877605,0.141678196367326,0.301151373005884,0.304855446870809,0.342989699108112,0.265116399367459,0.84400816527253,0.766523362068097,0.130422797381552,12,0.812887225526813,1,0.625
"1503_4",0.62915624211397,0.554195632560332,0.772937652352958,0.50499616568485,0.0507782396442211,0.0205716128709896,0.0114474973825344,0.931668042822315,0.447423767011582,0.597749857686015,0.175981233295985,0.227422625332149,0.136224283326576,0.0980456858877605,0.141678196367326,0.301151373005884,0.304855446870809,0.342989699108112,0.265116399367459,0.84400816527253,0.766523362068097,0.130422797381552,12,0.812887225526813,1,0.6875
"1503_5",0.62915624211397,0.554195632560332,0.772937652352958,0.50499616568485,0.0507782396442211,0.0205716128709896,0.0114474973825344,0.931668042822315,0.447423767011582,0.597749857686015,0.175981233295985,0.227422625332149,0.136224283326576,0.0980456858877605,0.141678196367326,0.301151373005884,0.304855446870809,0.342989699108112,0.265116399367459,0.84400816527253,0.766523362068097,0.130422797381552,12,0.812887225526813,1,0.75
"1503_6",0.62915624211397,0.554195632560332,0.772937652352958,0.50499616568485,0.0507782396442211,0.0205716128709896,0.0114474973825344,0.931668042822315,0.447423767011582,0.597749857686015,0.175981233295985,0.227422625332149,0.136224283326576,0.0980456858877605,0.141678196367326,0.301151373005884,0.304855446870809,0.342989699108112,0.265116399367459,0.84400816527253,0.766523362068097,0.130422797381552,12,0.812887225526813,1,0.8125
"1503_7",0.62915624211397,0.554195632560332,0.772937652352958,0.50499616568485,0.0507782396442211,0.0205716128709896,0.0114474973825344,0.931668042822315,0.447423767011582,0.597749857686015,0.175981233295985,0.227422625332149,0.136224283326576,0.0980456858877605,0.141678196367326,0.301151373005884,0.304855446870809,0.342989699108112,0.265116399367459,0.84400816527253,0.766523362068097,0.130422797381552,12,0.812887225526813,1,0.875
"1503_8",0.62915624211397,0.554195632560332,0.772937652352958,0.50499616568485,0.0507782396442211,0.0205716128709896,0.0114474973825344,0.931668042822315,0.447423767011582,0.597749857686015,0.175981233295985,0.227422625332149,0.136224283326576,0.0980456858877605,0.141678196367326,0.301151373005884,0.304855446870809,0.342989699108112,0.265116399367459,0.84400816527253,0.766523362068097,0.130422797381552,12,0.812887225526813,1,0.9375
"1503_9",0.62915624211397,0.554195632560332,0.772937652352958,0.50499616568485,0.0507782396442211,0.0205716128709896,0.0114474973825344,0.931668042822315,0.447423767011582,0.597749857686015,0.175981233295985,0.227422625332149,0.136224283326576,0.0980456858877605,0.141678196367326,0.301151373005884,0.304855446870809,0.342989699108112,0.265116399367459,0.84400816527253,0.766523362068097,0.130422797381552,12,0.812887225526813,1,1
"3202_1",0.61414129703443,0.400113067839332,0.168431862918588,0.716073245064307,0.0984735731406027,0.0937349444349591,0.109662357422246,0.690908078142486,0.462964805740283,0.911482655282684,0.114370850078294,0.131514649940049,0.264260020050055,0.826511112807812,0.724897034737358,0.0318503557608475,0.324822938393374,0.414067695946845,0.032718851631541,0.706129893875396,0.902579324593913,0.194683713091128,6,0.527706000132954,1,0.5
"3202_2",0.61414129703443,0.400113067839332,0.168431862918588,0.716073245064307,0.0984735731406027,0.0937349444349591,0.109662357422246,0.690908078142486,0.462964805740283,0.911482655282684,0.114370850078294,0.131514649940049,0.264260020050055,0.826511112807812,0.724897034737358,0.0318503557608475,0.324822938393374,0.414067695946845,0.032718851631541,0.706129893875396,0.902579324593913,0.194683713091128,6,0.527706000132954,1,0.5625
"3202_3",0.61414129703443,0.400113067839332,0.168431862918588,0.716073245064307,0.0984735731406027,0.0937349444349591,0.109662357422246,0.690908078142486,0.462964805740283,0.911482655282684,0.114370850078294,0.131514649940049,0.264260020050055,0.826511112807812,0.724897034737358,0.0318503557608475,0.324822938393374,0.414067695946845,0.032718851631541,0.706129893875396,0.902579324593913,0.194683713091128,6,0.527706000132954,1,0.625
"3202_4",0.61414129703443,0.400113067839332,0.168431862918588,0.716073245064307,0.0984735731406027,0.0937349444349591,0.109662357422246,0.690908078142486,0.462964805740283,0.911482655282684,0.114370850078294,0.131514649940049,0.264260020050055,0.826511112807812,0.724897034737358,0.0318503557608475,0.324822938393374,0.414067695946845,0.032718851631541,0.706129893875396,0.902579324593913,0.194683713091128,6,0.527706000132954,1,0.6875
"3202_5",0.61414129703443,0.400113067839332,0.168431862918588,0.716073245064307,0.0984735731406027,0.0937349444349591,0.109662357422246,0.690908078142486,0.462964805740283,0.911482655282684,0.114370850078294,0.131514649940049,0.264260020050055,0.826511112807812,0.724897034737358,0.0318503557608475,0.324822938393374,0.414067695946845,0.032718851631541,0.706129893875396,0.902579324593913,0.194683713091128,6,0.527706000132954,1,0.75
"3202_6",0.61414129703443,0.400113067839332,0.168431862918588,0.716073245064307,0.0984735731406027,0.0937349444349591,0.109662357422246,0.690908078142486,0.462964805740283,0.911482655282684,0.114370850078294,0.131514649940049,0.264260020050055,0.826511112807812,0.724897034737358,0.0318503557608475,0.324822938393374,0.414067695946845,0.032718851631541,0.706129893875396,0.902579324593913,0.194683713091128,6,0.527706000132954,1,0.8125
"3202_7",0.61414129703443,0.400113067839332,0.168431862918588,0.716073245064307,0.0984735731406027,0.0937349444349591,0.109662357422246,0.690908078142486,0.462964805740283,0.911482655282684,0.114370850078294,0.131514649940049,0.264260020050055,0.826511112807812,0.724897034737358,0.0318503557608475,0.324822938393374,0.414067695946845,0.032718851631541,0.706129893875396,0.902579324593913,0.194683713091128,6,0.527706000132954,1,0.875
"3202_8",0.61414129703443,0.400113067839332,0.168431862918588,0.716073245064307,0.0984735731406027,0.0937349444349591,0.109662357422246,0.690908078142486,0.462964805740283,0.911482655282684,0.114370850078294,0.131514649940049,0.264260020050055,0.826511112807812,0.724897034737358,0.0318503557608475,0.324822938393374,0.414067695946845,0.032718851631541,0.706129893875396,0.902579324593913,0.194683713091128,6,0.527706000132954,1,0.9375
"3202_9",0.61414129703443,0.400113067839332,0.168431862918588,0.716073245064307,0.0984735731406027,0.0937349444349591,0.109662357422246,0.690908078142486,0.462964805740283,0.911482655282684,0.114370850078294,0.131514649940049,0.264260020050055,0.826511112807812,0.724897034737358,0.0318503557608475,0.324822938393374,0.414067695946845,0.032718851631541,0.706129893875396,0.902579324593913,0.194683713091128,6,0.527706000132954,1,1
"7807_1",0.93194925610608,0.00077386648449813,0.044831648353464,0.677911703533389,0.118941287830202,0.0014281233062678,0.0716153901123567,0.722584601431093,0.428611435671598,0.823217935623233,0.0878158972817496,0.231789612227166,0.197061304194555,0.314808670417631,0.433467923685228,0.384135248834436,0.452298848428325,0.396803235810897,0.489928853564209,0.729414327800741,0.712130407333619,0.0644948814085865,24,0.194581781845358,1,0.5
"7807_2",0.93194925610608,0.00077386648449813,0.044831648353464,0.677911703533389,0.118941287830202,0.0014281233062678,0.0716153901123567,0.722584601431093,0.428611435671598,0.823217935623233,0.0878158972817496,0.231789612227166,0.197061304194555,0.314808670417631,0.433467923685228,0.384135248834436,0.452298848428325,0.396803235810897,0.489928853564209,0.729414327800741,0.712130407333619,0.0644948814085865,24,0.194581781845358,1,0.5625
"7807_3",0.93194925610608,0.00077386648449813,0.044831648353464,0.677911703533389,0.118941287830202,0.0014281233062678,0.0716153901123567,0.722584601431093,0.428611435671598,0.823217935623233,0.0878158972817496,0.231789612227166,0.197061304194555,0.314808670417631,0.433467923685228,0.384135248834436,0.452298848428325,0.396803235810897,0.489928853564209,0.729414327800741,0.712130407333619,0.0644948814085865,24,0.194581781845358,1,0.625
"7807_4",0.93194925610608,0.00077386648449813,0.044831648353464,0.677911703533389,0.118941287830202,0.0014281233062678,0.0716153901123567,0.722584601431093,0.428611435671598,0.823217935623233,0.0878158972817496,0.231789612227166,0.197061304194555,0.314808670417631,0.433467923685228,0.384135248834436,0.452298848428325,0.396803235810897,0.489928853564209,0.729414327800741,0.712130407333619,0.0644948814085865,24,0.194581781845358,1,0.6875
"7807_5",0.93194925610608,0.00077386648449813,0.044831648353464,0.677911703533389,0.118941287830202,0.0014281233062678,0.0716153901123567,0.722584601431093,0.428611435671598,0.823217935623233,0.0878158972817496,0.231789612227166,0.197061304194555,0.314808670417631,0.433467923685228,0.384135248834436,0.452298848428325,0.396803235810897,0.489928853564209,0.729414327800741,0.712130407333619,0.0644948814085865,24,0.194581781845358,1,0.75
"7807_6",0.93194925610608,0.00077386648449813,0.044831648353464,0.677911703533389,0.118941287830202,0.0014281233062678,0.0716153901123567,0.722584601431093,0.428611435671598,0.823217935623233,0.0878158972817496,0.231789612227166,0.197061304194555,0.314808670417631,0.433467923685228,0.384135248834436,0.452298848428325,0.396803235810897,0.489928853564209,0.729414327800741,0.712130407333619,0.0644948814085865,24,0.194581781845358,1,0.8125
"7807_7",0.93194925610608,0.00077386648449813,0.044831648353464,0.677911703533389,0.118941287830202,0.0014281233062678,0.0716153901123567,0.722584601431093,0.428611435671598,0.823217935623233,0.0878158972817496,0.231789612227166,0.197061304194555,0.314808670417631,0.433467923685228,0.384135248834436,0.452298848428325,0.396803235810897,0.489928853564209,0.729414327800741,0.712130407333619,0.0644948814085865,24,0.194581781845358,1,0.875
"7807_8",0.93194925610608,0.00077386648449813,0.044831648353464,0.677911703533389,0.118941287830202,0.0014281233062678,0.0716153901123567,0.722584601431093,0.428611435671598,0.823217935623233,0.0878158972817496,0.231789612227166,0.197061304194555,0.314808670417631,0.433467923685228,0.384135248834436,0.452298848428325,0.396803235810897,0.489928853564209,0.729414327800741,0.712130407333619,0.0644948814085865,24,0.194581781845358,1,0.9375
"7807_9",0.93194925610608,0.00077386648449813,0.044831648353464,0.677911703533389,0.118941287830202,0.0014281233062678,0.0716153901123567,0.722584601431093,0.428611435671598,0.823217935623233,0.0878158972817496,0.231789612227166,0.197061304194555,0.314808670417631,0.433467923685228,0.384135248834436,0.452298848428325,0.396803235810897,0.489928853564209,0.729414327800741,0.712130407333619,0.0644948814085865,24,0.194581781845358,1,1
"8008_1",0.0289959740285482,0.0599197459609015,0.625472715382799,0.531915090820176,0.0173391853247831,0.0212616394228538,0.115743454300521,0.871662924283424,0.474434274120587,0.565071910999452,0.67384801641345,0.469660728347593,0.762560020841355,0.0896349430209864,0.0653549387795245,0.312887840694342,0.260414089573048,0.380186503998053,0.399778309141209,0.924868640892012,0.642092745366382,0.159249877656347,22,0.0212313949058671,1,0.5
"8008_2",0.0289959740285482,0.0599197459609015,0.625472715382799,0.531915090820176,0.0173391853247831,0.0212616394228538,0.115743454300521,0.871662924283424,0.474434274120587,0.565071910999452,0.67384801641345,0.469660728347593,0.762560020841355,0.0896349430209864,0.0653549387795245,0.312887840694342,0.260414089573048,0.380186503998053,0.399778309141209,0.924868640892012,0.642092745366382,0.159249877656347,22,0.0212313949058671,1,0.5625
"8008_3",0.0289959740285482,0.0599197459609015,0.625472715382799,0.531915090820176,0.0173391853247831,0.0212616394228538,0.115743454300521,0.871662924283424,0.474434274120587,0.565071910999452,0.67384801641345,0.469660728347593,0.762560020841355,0.0896349430209864,0.0653549387795245,0.312887840694342,0.260414089573048,0.380186503998053,0.399778309141209,0.924868640892012,0.642092745366382,0.159249877656347,22,0.0212313949058671,1,0.625
"8008_4",0.0289959740285482,0.0599197459609015,0.625472715382799,0.531915090820176,0.0173391853247831,0.0212616394228538,0.115743454300521,0.871662924283424,0.474434274120587,0.565071910999452,0.67384801641345,0.469660728347593,0.762560020841355,0.0896349430209864,0.0653549387795245,0.312887840694342,0.260414089573048,0.380186503998053,0.399778309141209,0.924868640892012,0.642092745366382,0.159249877656347,22,0.0212313949058671,1,0.6875
"8008_5",0.0289959740285482,0.0599197459609015,0.625472715382799,0.531915090820176,0.0173391853247831,0.0212616394228538,0.115743454300521,0.871662924283424,0.474434274120587,0.565071910999452,0.67384801641345,0.469660728347593,0.762560020841355,0.0896349430209864,0.0653549387795245,0.312887840694342,0.260414089573048,0.380186503998053,0.399778309141209,0.924868640892012,0.642092745366382,0.159249877656347,22,0.0212313949058671,1,0.75
"8008_6",0.0289959740285482,0.0599197459609015,0.625472715382799,0.531915090820176,0.0173391853247831,0.0212616394228538,0.115743454300521,0.871662924283424,0.474434274120587,0.565071910999452,0.67384801641345,0.469660728347593,0.762560020841355,0.0896349430209864,0.0653549387795245,0.312887840694342,0.260414089573048,0.380186503998053,0.399778309141209,0.924868640892012,0.642092745366382,0.159249877656347,22,0.0212313949058671,1,0.8125
"8008_7",0.0289959740285482,0.0599197459609015,0.625472715382799,0.531915090820176,0.0173391853247831,0.0212616394228538,0.115743454300521,0.871662924283424,0.474434274120587,0.565071910999452,0.67384801641345,0.469660728347593,0.762560020841355,0.0896349430209864,0.0653549387795245,0.312887840694342,0.260414089573048,0.380186503998053,0.399778309141209,0.924868640892012,0.642092745366382,0.159249877656347,22,0.0212313949058671,1,0.875
"8008_8",0.0289959740285482,0.0599197459609015,0.625472715382799,0.531915090820176,0.0173391853247831,0.0212616394228538,0.115743454300521,0.871662924283424,0.474434274120587,0.565071910999452,0.67384801641345,0.469660728347593,0.762560020841355,0.0896349430209864,0.0653549387795245,0.312887840694342,0.260414089573048,0.380186503998053,0.399778309141209,0.924868640892012,0.642092745366382,0.159249877656347,22,0.0212313949058671,1,0.9375
"8008_9",0.0289959740285482,0.0599197459609015,0.625472715382799,0.531915090820176,0.0173391853247831,0.0212616394228538,0.115743454300521,0.871662924283424,0.474434274120587,0.565071910999452,0.67384801641345,0.469660728347593,0.762560020841355,0.0896349430209864,0.0653549387795245,0.312887840694342,0.260414089573048,0.380186503998053,0.399778309141209,0.924868640892012,0.642092745366382,0.159249877656347,22,0.0212313949058671,1,1
"17406_1",0.847076722340661,0.47112346609774,0.237216477925822,0.727491856082826,0.115309779936056,0.00533275971726151,0.110187955362239,0.321471452087171,0.0894884723216249,0.67586798349123,0.848126120474583,0.0473832597145252,0.043465926426868,0.327486370012851,0.37046661381999,0.0849112242050492,0.29970236817078,0.249936765442409,0.282703296175033,0.621456664721301,0.668608807758223,0.15735519460551,6,0.989562818706338,1,0.5
"17406_2",0.847076722340661,0.47112346609774,0.237216477925822,0.727491856082826,0.115309779936056,0.00533275971726151,0.110187955362239,0.321471452087171,0.0894884723216249,0.67586798349123,0.848126120474583,0.0473832597145252,0.043465926426868,0.327486370012851,0.37046661381999,0.0849112242050492,0.29970236817078,0.249936765442409,0.282703296175033,0.621456664721301,0.668608807758223,0.15735519460551,6,0.989562818706338,1,0.5625
"17406_3",0.847076722340661,0.47112346609774,0.237216477925822,0.727491856082826,0.115309779936056,0.00533275971726151,0.110187955362239,0.321471452087171,0.0894884723216249,0.67586798349123,0.848126120474583,0.0473832597145252,0.043465926426868,0.327486370012851,0.37046661381999,0.0849112242050492,0.29970236817078,0.249936765442409,0.282703296175033,0.621456664721301,0.668608807758223,0.15735519460551,6,0.989562818706338,1,0.625
"17406_4",0.847076722340661,0.47112346609774,0.237216477925822,0.727491856082826,0.115309779936056,0.00533275971726151,0.110187955362239,0.321471452087171,0.0894884723216249,0.67586798349123,0.848126120474583,0.0473832597145252,0.043465926426868,0.327486370012851,0.37046661381999,0.0849112242050492,0.29970236817078,0.249936765442409,0.282703296175033,0.621456664721301,0.668608807758223,0.15735519460551,6,0.989562818706338,1,0.6875
"17406_5",0.847076722340661,0.47112346609774,0.237216477925822,0.727491856082826,0.115309779936056,0.00533275971726151,0.110187955362239,0.321471452087171,0.0894884723216249,0.67586798349123,0.848126120474583,0.0473832597145252,0.043465926426868,0.327486370012851,0.37046661381999,0.0849112242050492,0.29970236817078,0.249936765442409,0.282703296175033,0.621456664721301,0.668608807758223,0.15735519460551,6,0.989562818706338,1,0.75
"17406_6",0.847076722340661,0.47112346609774,0.237216477925822,0.727491856082826,0.115309779936056,0.00533275971726151,0.110187955362239,0.321471452087171,0.0894884723216249,0.67586798349123,0.848126120474583,0.0473832597145252,0.043465926426868,0.327486370012851,0.37046661381999,0.0849112242050492,0.29970236817078,0.249936765442409,0.282703296175033,0.621456664721301,0.668608807758223,0.15735519460551,6,0.989562818706338,1,0.8125
"17406_7",0.847076722340661,0.47112346609774,0.237216477925822,0.727491856082826,0.115309779936056,0.00533275971726151,0.110187955362239,0.321471452087171,0.0894884723216249,0.67586798349123,0.848126120474583,0.0473832597145252,0.043465926426868,0.327486370012851,0.37046661381999,0.0849112242050492,0.29970236817078,0.249936765442409,0.282703296175033,0.621456664721301,0.668608807758223,0.15735519460551,6,0.989562818706338,1,0.875
"17406_8",0.847076722340661,0.47112346609774,0.237216477925822,0.727491856082826,0.115309779936056,0.00533275971726151,0.110187955362239,0.321471452087171,0.0894884723216249,0.67586798349123,0.848126120474583,0.0473832597145252,0.043465926426868,0.327486370012851,0.37046661381999,0.0849112242050492,0.29970236817078,0.249936765442409,0.282703296175033,0.621456664721301,0.668608807758223,0.15735519460551,6,0.989562818706338,1,0.9375
"17406_9",0.847076722340661,0.47112346609774,0.237216477925822,0.727491856082826,0.115309779936056,0.00533275971726151,0.110187955362239,0.321471452087171,0.0894884723216249,0.67586798349123,0.848126120474583,0.0473832597145252,0.043465926426868,0.327486370012851,0.37046661381999,0.0849112242050492,0.29970236817078,0.249936765442409,0.282703296175033,0.621456664721301,0.668608807758223,0.15735519460551,6,0.989562818706338,1,1
"18102_1",0.615184161725163,0.476036416584139,0.245610837403568,0.755708757225333,0.0336730390346685,0.0366216053054846,0.0337024130334145,0.601056732777776,0.109556645118052,0.288503589389736,0.018690803259986,0.13482084082681,0.0295337864342541,0.322315352633679,0.127351939789632,0.269510701056368,0.348866502930501,0.339987967823525,0.16313616041198,0.668421351681469,0.775175586553181,0.0766653531983873,25,0.849006740691005,1,0.5
"18102_2",0.615184161725163,0.476036416584139,0.245610837403568,0.755708757225333,0.0336730390346685,0.0366216053054846,0.0337024130334145,0.601056732777776,0.109556645118052,0.288503589389736,0.018690803259986,0.13482084082681,0.0295337864342541,0.322315352633679,0.127351939789632,0.269510701056368,0.348866502930501,0.339987967823525,0.16313616041198,0.668421351681469,0.775175586553181,0.0766653531983873,25,0.849006740691005,1,0.5625
"18102_3",0.615184161725163,0.476036416584139,0.245610837403568,0.755708757225333,0.0336730390346685,0.0366216053054846,0.0337024130334145,0.601056732777776,0.109556645118052,0.288503589389736,0.018690803259986,0.13482084082681,0.0295337864342541,0.322315352633679,0.127351939789632,0.269510701056368,0.348866502930501,0.339987967823525,0.16313616041198,0.668421351681469,0.775175586553181,0.0766653531983873,25,0.849006740691005,1,0.625
"18102_4",0.615184161725163,0.476036416584139,0.245610837403568,0.755708757225333,0.0336730390346685,0.0366216053054846,0.0337024130334145,0.601056732777776,0.109556645118052,0.288503589389736,0.018690803259986,0.13482084082681,0.0295337864342541,0.322315352633679,0.127351939789632,0.269510701056368,0.348866502930501,0.339987967823525,0.16313616041198,0.668421351681469,0.775175586553181,0.0766653531983873,25,0.849006740691005,1,0.6875
"18102_5",0.615184161725163,0.476036416584139,0.245610837403568,0.755708757225333,0.0336730390346685,0.0366216053054846,0.0337024130334145,0.601056732777776,0.109556645118052,0.288503589389736,0.018690803259986,0.13482084082681,0.0295337864342541,0.322315352633679,0.127351939789632,0.269510701056368,0.348866502930501,0.339987967823525,0.16313616041198,0.668421351681469,0.775175586553181,0.0766653531983873,25,0.849006740691005,1,0.75
"18102_6",0.615184161725163,0.476036416584139,0.245610837403568,0.755708757225333,0.0336730390346685,0.0366216053054846,0.0337024130334145,0.601056732777776,0.109556645118052,0.288503589389736,0.018690803259986,0.13482084082681,0.0295337864342541,0.322315352633679,0.127351939789632,0.269510701056368,0.348866502930501,0.339987967823525,0.16313616041198,0.668421351681469,0.775175586553181,0.0766653531983873,25,0.849006740691005,1,0.8125
"18102_7",0.615184161725163,0.476036416584139,0.245610837403568,0.755708757225333,0.0336730390346685,0.0366216053054846,0.0337024130334145,0.601056732777776,0.109556645118052,0.288503589389736,0.018690803259986,0.13482084082681,0.0295337864342541,0.322315352633679,0.127351939789632,0.269510701056368,0.348866502930501,0.339987967823525,0.16313616041198,0.668421351681469,0.775175586553181,0.0766653531983873,25,0.849006740691005,1,0.875
"18102_8",0.615184161725163,0.476036416584139,0.245610837403568,0.755708757225333,0.0336730390346685,0.0366216053054846,0.0337024130334145,0.601056732777776,0.109556645118052,0.288503589389736,0.018690803259986,0.13482084082681,0.0295337864342541,0.322315352633679,0.127351939789632,0.269510701056368,0.348866502930501,0.339987967823525,0.16313616041198,0.668421351681469,0.775175586553181,0.0766653531983873,25,0.849006740691005,1,0.9375
"18102_9",0.615184161725163,0.476036416584139,0.245610837403568,0.755708757225333,0.0336730390346685,0.0366216053054846,0.0337024130334145,0.601056732777776,0.109556645118052,0.288503589389736,0.018690803259986,0.13482084082681,0.0295337864342541,0.322315352633679,0.127351939789632,0.269510701056368,0.348866502930501,0.339987967823525,0.16313616041198,0.668421351681469,0.775175586553181,0.0766653531983873,25,0.849006740691005,1,1
"19605_1",0.232889667554135,0.544473271772575,0.616850590879296,0.791198657300302,0.0229411659151174,0.0453764621675787,0.0561416201667169,0.971287975937098,0.959316925424698,0.497843686516343,0.258640527733141,0.52402812172631,0.647312303140254,0.167638512485023,0.0196460838793963,0.0706271997148846,0.332551207033979,0.244897233466172,0.486338376197731,0.544343673155701,0.68274814615672,0.217628413272803,29,0.0962521693169745,1,0.5
"19605_2",0.232889667554135,0.544473271772575,0.616850590879296,0.791198657300302,0.0229411659151174,0.0453764621675787,0.0561416201667169,0.971287975937098,0.959316925424698,0.497843686516343,0.258640527733141,0.52402812172631,0.647312303140254,0.167638512485023,0.0196460838793963,0.0706271997148846,0.332551207033979,0.244897233466172,0.486338376197731,0.544343673155701,0.68274814615672,0.217628413272803,29,0.0962521693169745,1,0.5625
"19605_3",0.232889667554135,0.544473271772575,0.616850590879296,0.791198657300302,0.0229411659151174,0.0453764621675787,0.0561416201667169,0.971287975937098,0.959316925424698,0.497843686516343,0.258640527733141,0.52402812172631,0.647312303140254,0.167638512485023,0.0196460838793963,0.0706271997148846,0.332551207033979,0.244897233466172,0.486338376197731,0.544343673155701,0.68274814615672,0.217628413272803,29,0.0962521693169745,1,0.625
"19605_4",0.232889667554135,0.544473271772575,0.616850590879296,0.791198657300302,0.0229411659151174,0.0453764621675787,0.0561416201667169,0.971287975937098,0.959316925424698,0.497843686516343,0.258640527733141,0.52402812172631,0.647312303140254,0.167638512485023,0.0196460838793963,0.0706271997148846,0.332551207033979,0.244897233466172,0.486338376197731,0.544343673155701,0.68274814615672,0.217628413272803,29,0.0962521693169745,1,0.6875
"19605_5",0.232889667554135,0.544473271772575,0.616850590879296,0.791198657300302,0.0229411659151174,0.0453764621675787,0.0561416201667169,0.971287975937098,0.959316925424698,0.497843686516343,0.258640527733141,0.52402812172631,0.647312303140254,0.167638512485023,0.0196460838793963,0.0706271997148846,0.332551207033979,0.244897233466172,0.486338376197731,0.544343673155701,0.68274814615672,0.217628413272803,29,0.0962521693169745,1,0.75
"19605_6",0.232889667554135,0.544473271772575,0.616850590879296,0.791198657300302,0.0229411659151174,0.0453764621675787,0.0561416201667169,0.971287975937098,0.959316925424698,0.497843686516343,0.258640527733141,0.52402812172631,0.647312303140254,0.167638512485023,0.0196460838793963,0.0706271997148846,0.332551207033979,0.244897233466172,0.486338376197731,0.544343673155701,0.68274814615672,0.217628413272803,29,0.0962521693169745,1,0.8125
"19605_7",0.232889667554135,0.544473271772575,0.616850590879296,0.791198657300302,0.0229411659151174,0.0453764621675787,0.0561416201667169,0.971287975937098,0.959316925424698,0.497843686516343,0.258640527733141,0.52402812172631,0.647312303140254,0.167638512485023,0.0196460838793963,0.0706271997148846,0.332551207033979,0.244897233466172,0.486338376197731,0.544343673155701,0.68274814615672,0.217628413272803,29,0.0962521693169745,1,0.875
"19605_8",0.232889667554135,0.544473271772575,0.616850590879296,0.791198657300302,0.0229411659151174,0.0453764621675787,0.0561416201667169,0.971287975937098,0.959316925424698,0.497843686516343,0.258640527733141,0.52402812172631,0.647312303140254,0.167638512485023,0.0196460838793963,0.0706271997148846,0.332551207033979,0.244897233466172,0.486338376197731,0.544343673155701,0.68274814615672,0.217628413272803,29,0.0962521693169745,1,0.9375
"19605_9",0.232889667554135,0.544473271772575,0.616850590879296,0.791198657300302,0.0229411659151174,0.0453764621675787,0.0561416201667169,0.971287975937098,0.959316925424698,0.497843686516343,0.258640527733141,0.52402812172631,0.647312303140254,0.167638512485023,0.0196460838793963,0.0706271997148846,0.332551207033979,0.244897233466172,0.486338376197731,0.544343673155701,0.68274814615672,0.217628413272803,29,0.0962521693169745,1,1
"20009_1",0.160540714141135,0.551138839729649,0.138776862177227,0.745686947583581,0.106219196749324,0.0722665003150614,0.0821946824593121,0.852948706107389,0.470522585257702,0.440193921639659,0.626432454529102,0.330261340963261,0.0122759356500953,0.603951133955622,0.825263728807492,0.0436465361426759,0.435363907379103,0.316251823173823,0.0828293376318086,0.54224450997393,0.986928114235222,0.021912872203156,19,0.374533988762742,1,0.5
"20009_2",0.160540714141135,0.551138839729649,0.138776862177227,0.745686947583581,0.106219196749324,0.0722665003150614,0.0821946824593121,0.852948706107389,0.470522585257702,0.440193921639659,0.626432454529102,0.330261340963261,0.0122759356500953,0.603951133955622,0.825263728807492,0.0436465361426759,0.435363907379103,0.316251823173823,0.0828293376318086,0.54224450997393,0.986928114235222,0.021912872203156,19,0.374533988762742,1,0.5625
"20009_3",0.160540714141135,0.551138839729649,0.138776862177227,0.745686947583581,0.106219196749324,0.0722665003150614,0.0821946824593121,0.852948706107389,0.470522585257702,0.440193921639659,0.626432454529102,0.330261340963261,0.0122759356500953,0.603951133955622,0.825263728807492,0.0436465361426759,0.435363907379103,0.316251823173823,0.0828293376318086,0.54224450997393,0.986928114235222,0.021912872203156,19,0.374533988762742,1,0.625
"20009_4",0.160540714141135,0.551138839729649,0.138776862177227,0.745686947583581,0.106219196749324,0.0722665003150614,0.0821946824593121,0.852948706107389,0.470522585257702,0.440193921639659,0.626432454529102,0.330261340963261,0.0122759356500953,0.603951133955622,0.825263728807492,0.0436465361426759,0.435363907379103,0.316251823173823,0.0828293376318086,0.54224450997393,0.986928114235222,0.021912872203156,19,0.374533988762742,1,0.6875
"20009_5",0.160540714141135,0.551138839729649,0.138776862177227,0.745686947583581,0.106219196749324,0.0722665003150614,0.0821946824593121,0.852948706107389,0.470522585257702,0.440193921639659,0.626432454529102,0.330261340963261,0.0122759356500953,0.603951133955622,0.825263728807492,0.0436465361426759,0.435363907379103,0.316251823173823,0.0828293376318086,0.54224450997393,0.986928114235222,0.021912872203156,19,0.374533988762742,1,0.75
"20009_6",0.160540714141135,0.551138839729649,0.138776862177227,0.745686947583581,0.106219196749324,0.0722665003150614,0.0821946824593121,0.852948706107389,0.470522585257702,0.440193921639659,0.626432454529102,0.330261340963261,0.0122759356500953,0.603951133955622,0.825263728807492,0.0436465361426759,0.435363907379103,0.316251823173823,0.0828293376318086,0.54224450997393,0.986928114235222,0.021912872203156,19,0.374533988762742,1,0.8125
"20009_7",0.160540714141135,0.551138839729649,0.138776862177227,0.745686947583581,0.106219196749324,0.0722665003150614,0.0821946824593121,0.852948706107389,0.470522585257702,0.440193921639659,0.626432454529102,0.330261340963261,0.0122759356500953,0.603951133955622,0.825263728807492,0.0436465361426759,0.435363907379103,0.316251823173823,0.0828293376318086,0.54224450997393,0.986928114235222,0.021912872203156,19,0.374533988762742,1,0.875
"20009_8",0.160540714141135,0.551138839729649,0.138776862177227,0.745686947583581,0.106219196749324,0.0722665003150614,0.0821946824593121,0.852948706107389,0.470522585257702,0.440193921639659,0.626432454529102,0.330261340963261,0.0122759356500953,0.603951133955622,0.825263728807492,0.0436465361426759,0.435363907379103,0.316251823173823,0.0828293376318086,0.54224450997393,0.986928114235222,0.021912872203156,19,0.374533988762742,1,0.9375
"20009_9",0.160540714141135,0.551138839729649,0.138776862177227,0.745686947583581,0.106219196749324,0.0722665003150614,0.0821946824593121,0.852948706107389,0.470522585257702,0.440193921639659,0.626432454529102,0.330261340963261,0.0122759356500953,0.603951133955622,0.825263728807492,0.0436465361426759,0.435363907379103,0.316251823173823,0.0828293376318086,0.54224450997393,0.986928114235222,0.021912872203156,19,0.374533988762742,1,1
"24005_1",0.326927138432267,0.362448117045586,0.237572172450966,0.844756994704634,0.108732228404399,0.0953214675215045,0.102316759526903,0.659144492388575,0.176840544253394,0.942375628149933,0.262216536633321,0.125684937369146,0.151591559678309,0.829756112455344,0.828776017540793,0.0371039167015464,0.488276756571343,0.0799319520727883,0.435694845840507,0.81386326747697,0.888768324193185,0.107738046752762,11,0.952463280065761,1,0.5
"24005_2",0.326927138432267,0.362448117045586,0.237572172450966,0.844756994704634,0.108732228404399,0.0953214675215045,0.102316759526903,0.659144492388575,0.176840544253394,0.942375628149933,0.262216536633321,0.125684937369146,0.151591559678309,0.829756112455344,0.828776017540793,0.0371039167015464,0.488276756571343,0.0799319520727883,0.435694845840507,0.81386326747697,0.888768324193185,0.107738046752762,11,0.952463280065761,1,0.5625
"24005_3",0.326927138432267,0.362448117045586,0.237572172450966,0.844756994704634,0.108732228404399,0.0953214675215045,0.102316759526903,0.659144492388575,0.176840544253394,0.942375628149933,0.262216536633321,0.125684937369146,0.151591559678309,0.829756112455344,0.828776017540793,0.0371039167015464,0.488276756571343,0.0799319520727883,0.435694845840507,0.81386326747697,0.888768324193185,0.107738046752762,11,0.952463280065761,1,0.625
"24005_4",0.326927138432267,0.362448117045586,0.237572172450966,0.844756994704634,0.108732228404399,0.0953214675215045,0.102316759526903,0.659144492388575,0.176840544253394,0.942375628149933,0.262216536633321,0.125684937369146,0.151591559678309,0.829756112455344,0.828776017540793,0.0371039167015464,0.488276756571343,0.0799319520727883,0.435694845840507,0.81386326747697,0.888768324193185,0.107738046752762,11,0.952463280065761,1,0.6875
"24005_5",0.326927138432267,0.362448117045586,0.237572172450966,0.844756994704634,0.108732228404399,0.0953214675215045,0.102316759526903,0.659144492388575,0.176840544253394,0.942375628149933,0.262216536633321,0.125684937369146,0.151591559678309,0.829756112455344,0.828776017540793,0.0371039167015464,0.488276756571343,0.0799319520727883,0.435694845840507,0.81386326747697,0.888768324193185,0.107738046752762,11,0.952463280065761,1,0.75
"24005_6",0.326927138432267,0.362448117045586,0.237572172450966,0.844756994704634,0.108732228404399,0.0953214675215045,0.102316759526903,0.659144492388575,0.176840544253394,0.942375628149933,0.262216536633321,0.125684937369146,0.151591559678309,0.829756112455344,0.828776017540793,0.0371039167015464,0.488276756571343,0.0799319520727883,0.435694845840507,0.81386326747697,0.888768324193185,0.107738046752762,11,0.952463280065761,1,0.8125
"24005_7",0.326927138432267,0.362448117045586,0.237572172450966,0.844756994704634,0.108732228404399,0.0953214675215045,0.102316759526903,0.659144492388575,0.176840544253394,0.942375628149933,0.262216536633321,0.125684937369146,0.151591559678309,0.829756112455344,0.828776017540793,0.0371039167015464,0.488276756571343,0.0799319520727883,0.435694845840507,0.81386326747697,0.888768324193185,0.107738046752762,11,0.952463280065761,1,0.875
"24005_8",0.326927138432267,0.362448117045586,0.237572172450966,0.844756994704634,0.108732228404399,0.0953214675215045,0.102316759526903,0.659144492388575,0.176840544253394,0.942375628149933,0.262216536633321,0.125684937369146,0.151591559678309,0.829756112455344,0.828776017540793,0.0371039167015464,0.488276756571343,0.0799319520727883,0.435694845840507,0.81386326747697,0.888768324193185,0.107738046752762,11,0.952463280065761,1,0.9375
"24005_9",0.326927138432267,0.362448117045586,0.237572172450966,0.844756994704634,0.108732228404399,0.0953214675215045,0.102316759526903,0.659144492388575,0.176840544253394,0.942375628149933,0.262216536633321,0.125684937369146,0.151591559678309,0.829756112455344,0.828776017540793,0.0371039167015464,0.488276756571343,0.0799319520727883,0.435694845840507,0.81386326747697,0.888768324193185,0.107738046752762,11,0.952463280065761,1,1
"28305_1",0.39636558218058,0.0283471419612155,0.0160776514240517,0.535027099404386,0.0422239986019375,0.098625177873758,0.094126996776274,0.352027662514332,0.945792986221891,0.817301375513703,0.0196296906984667,0.436781098923443,0.274606274525281,0.065230066846679,0.365238399003507,0.127986480912197,0.470770418600641,0.231617160661393,0.0498694810326537,0.873874209322098,0.626859227905782,0.119798252327034,24,0.738913800171316,1,0.5
"28305_2",0.39636558218058,0.0283471419612155,0.0160776514240517,0.535027099404386,0.0422239986019375,0.098625177873758,0.094126996776274,0.352027662514332,0.945792986221891,0.817301375513703,0.0196296906984667,0.436781098923443,0.274606274525281,0.065230066846679,0.365238399003507,0.127986480912197,0.470770418600641,0.231617160661393,0.0498694810326537,0.873874209322098,0.626859227905782,0.119798252327034,24,0.738913800171316,1,0.5625
"28305_3",0.39636558218058,0.0283471419612155,0.0160776514240517,0.535027099404386,0.0422239986019375,0.098625177873758,0.094126996776274,0.352027662514332,0.945792986221891,0.817301375513703,0.0196296906984667,0.436781098923443,0.274606274525281,0.065230066846679,0.365238399003507,0.127986480912197,0.470770418600641,0.231617160661393,0.0498694810326537,0.873874209322098,0.626859227905782,0.119798252327034,24,0.738913800171316,1,0.625
"28305_4",0.39636558218058,0.0283471419612155,0.0160776514240517,0.535027099404386,0.0422239986019375,0.098625177873758,0.094126996776274,0.352027662514332,0.945792986221891,0.817301375513703,0.0196296906984667,0.436781098923443,0.274606274525281,0.065230066846679,0.365238399003507,0.127986480912197,0.470770418600641,0.231617160661393,0.0498694810326537,0.873874209322098,0.626859227905782,0.119798252327034,24,0.738913800171316,1,0.6875
"28305_5",0.39636558218058,0.0283471419612155,0.0160776514240517,0.535027099404386,0.0422239986019375,0.098625177873758,0.094126996776274,0.352027662514332,0.945792986221891,0.817301375513703,0.0196296906984667,0.436781098923443,0.274606274525281,0.065230066846679,0.365238399003507,0.127986480912197,0.470770418600641,0.231617160661393,0.0498694810326537,0.873874209322098,0.626859227905782,0.119798252327034,24,0.738913800171316,1,0.75
"28305_6",0.39636558218058,0.0283471419612155,0.0160776514240517,0.535027099404386,0.0422239986019375,0.098625177873758,0.094126996776274,0.352027662514332,0.945792986221891,0.817301375513703,0.0196296906984667,0.436781098923443,0.274606274525281,0.065230066846679,0.365238399003507,0.127986480912197,0.470770418600641,0.231617160661393,0.0498694810326537,0.873874209322098,0.626859227905782,0.119798252327034,24,0.738913800171316,1,0.8125
"28305_7",0.39636558218058,0.0283471419612155,0.0160776514240517,0.535027099404386,0.0422239986019375,0.098625177873758,0.094126996776274,0.352027662514332,0.945792986221891,0.817301375513703,0.0196296906984667,0.436781098923443,0.274606274525281,0.065230066846679,0.365238399003507,0.127986480912197,0.470770418600641,0.231617160661393,0.0498694810326537,0.873874209322098,0.626859227905782,0.119798252327034,24,0.738913800171316,1,0.875
"28305_8",0.39636558218058,0.0283471419612155,0.0160776514240517,0.535027099404386,0.0422239986019375,0.098625177873758,0.094126996776274,0.352027662514332,0.945792986221891,0.817301375513703,0.0196296906984667,0.436781098923443,0.274606274525281,0.065230066846679,0.365238399003507,0.127986480912197,0.470770418600641,0.231617160661393,0.0498694810326537,0.873874209322098,0.626859227905782,0.119798252327034,24,0.738913800171316,1,0.9375
"28305_9",0.39636558218058,0.0283471419612155,0.0160776514240517,0.535027099404386,0.0422239986019375,0.098625177873758,0.094126996776274,0.352027662514332,0.945792986221891,0.817301375513703,0.0196296906984667,0.436781098923443,0.274606274525281,0.065230066846679,0.365238399003507,0.127986480912197,0.470770418600641,0.231617160661393,0.0498694810326537,0.873874209322098,0.626859227905782,0.119798252327034,24,0.738913800171316,1,1
"30101_1",0.905072134688487,0.563284523644771,0.280521141299061,0.607909661360423,0.0404620310368711,0.116223542739964,0.00819210819467353,0.867687376838587,0.950145828057332,0.995635304561462,0.164022704418688,0.325293142532853,0.180161365259129,0.312730155145563,0.766857796685859,0.177212286442049,0.268611642341965,0.149306585704584,0.354274062465946,0.552485651680292,0.940286306680688,0.0453340862623672,14,0.931648659236669,1,0.5
"30101_2",0.905072134688487,0.563284523644771,0.280521141299061,0.607909661360423,0.0404620310368711,0.116223542739964,0.00819210819467353,0.867687376838587,0.950145828057332,0.995635304561462,0.164022704418688,0.325293142532853,0.180161365259129,0.312730155145563,0.766857796685859,0.177212286442049,0.268611642341965,0.149306585704584,0.354274062465946,0.552485651680292,0.940286306680688,0.0453340862623672,14,0.931648659236669,1,0.5625
"30101_3",0.905072134688487,0.563284523644771,0.280521141299061,0.607909661360423,0.0404620310368711,0.116223542739964,0.00819210819467353,0.867687376838587,0.950145828057332,0.995635304561462,0.164022704418688,0.325293142532853,0.180161365259129,0.312730155145563,0.766857796685859,0.177212286442049,0.268611642341965,0.149306585704584,0.354274062465946,0.552485651680292,0.940286306680688,0.0453340862623672,14,0.931648659236669,1,0.625
"30101_4",0.905072134688487,0.563284523644771,0.280521141299061,0.607909661360423,0.0404620310368711,0.116223542739964,0.00819210819467353,0.867687376838587,0.950145828057332,0.995635304561462,0.164022704418688,0.325293142532853,0.180161365259129,0.312730155145563,0.766857796685859,0.177212286442049,0.268611642341965,0.149306585704584,0.354274062465946,0.552485651680292,0.940286306680688,0.0453340862623672,14,0.931648659236669,1,0.6875
"30101_5",0.905072134688487,0.563284523644771,0.280521141299061,0.607909661360423,0.0404620310368711,0.116223542739964,0.00819210819467353,0.867687376838587,0.950145828057332,0.995635304561462,0.164022704418688,0.325293142532853,0.180161365259129,0.312730155145563,0.766857796685859,0.177212286442049,0.268611642341965,0.149306585704584,0.354274062465946,0.552485651680292,0.940286306680688,0.0453340862623672,14,0.931648659236669,1,0.75
"30101_6",0.905072134688487,0.563284523644771,0.280521141299061,0.607909661360423,0.0404620310368711,0.116223542739964,0.00819210819467353,0.867687376838587,0.950145828057332,0.995635304561462,0.164022704418688,0.325293142532853,0.180161365259129,0.312730155145563,0.766857796685859,0.177212286442049,0.268611642341965,0.149306585704584,0.354274062465946,0.552485651680292,0.940286306680688,0.0453340862623672,14,0.931648659236669,1,0.8125
"30101_7",0.905072134688487,0.563284523644771,0.280521141299061,0.607909661360423,0.0404620310368711,0.116223542739964,0.00819210819467353,0.867687376838587,0.950145828057332,0.995635304561462,0.164022704418688,0.325293142532853,0.180161365259129,0.312730155145563,0.766857796685859,0.177212286442049,0.268611642341965,0.149306585704584,0.354274062465946,0.552485651680292,0.940286306680688,0.0453340862623672,14,0.931648659236669,1,0.875
"30101_8",0.905072134688487,0.563284523644771,0.280521141299061,0.607909661360423,0.0404620310368711,0.116223542739964,0.00819210819467353,0.867687376838587,0.950145828057332,0.995635304561462,0.164022704418688,0.325293142532853,0.180161365259129,0.312730155145563,0.766857796685859,0.177212286442049,0.268611642341965,0.149306585704584,0.354274062465946,0.552485651680292,0.940286306680688,0.0453340862623672,14,0.931648659236669,1,0.9375
"30101_9",0.905072134688487,0.563284523644771,0.280521141299061,0.607909661360423,0.0404620310368711,0.116223542739964,0.00819210819467353,0.867687376838587,0.950145828057332,0.995635304561462,0.164022704418688,0.325293142532853,0.180161365259129,0.312730155145563,0.766857796685859,0.177212286442049,0.268611642341965,0.149306585704584,0.354274062465946,0.552485651680292,0.940286306680688,0.0453340862623672,14,0.931648659236669,1,1
"31402_1",0.47710373202594,0.832877003981892,0.0463105857598223,0.692430881476476,0.086930103259234,0.101174965731553,0.0563417995107852,0.788585458417484,0.143916331551315,0.508071922396475,0.539073713183445,0.437358006052077,0.199739882750667,0.24001542570858,0.244327518125619,0.258843773257766,0.32936430101216,0.463459777694276,0.0288302032469038,0.716687903790801,0.897487520853566,0.182086297120666,16,0.870117470338999,1,0.5
"31402_2",0.47710373202594,0.832877003981892,0.0463105857598223,0.692430881476476,0.086930103259234,0.101174965731553,0.0563417995107852,0.788585458417484,0.143916331551315,0.508071922396475,0.539073713183445,0.437358006052077,0.199739882750667,0.24001542570858,0.244327518125619,0.258843773257766,0.32936430101216,0.463459777694276,0.0288302032469038,0.716687903790801,0.897487520853566,0.182086297120666,16,0.870117470338999,1,0.5625
"31402_3",0.47710373202594,0.832877003981892,0.0463105857598223,0.692430881476476,0.086930103259234,0.101174965731553,0.0563417995107852,0.788585458417484,0.143916331551315,0.508071922396475,0.539073713183445,0.437358006052077,0.199739882750667,0.24001542570858,0.244327518125619,0.258843773257766,0.32936430101216,0.463459777694276,0.0288302032469038,0.716687903790801,0.897487520853566,0.182086297120666,16,0.870117470338999,1,0.625
"31402_4",0.47710373202594,0.832877003981892,0.0463105857598223,0.692430881476476,0.086930103259234,0.101174965731553,0.0563417995107852,0.788585458417484,0.143916331551315,0.508071922396475,0.539073713183445,0.437358006052077,0.199739882750667,0.24001542570858,0.244327518125619,0.258843773257766,0.32936430101216,0.463459777694276,0.0288302032469038,0.716687903790801,0.897487520853566,0.182086297120666,16,0.870117470338999,1,0.6875
"31402_5",0.47710373202594,0.832877003981892,0.0463105857598223,0.692430881476476,0.086930103259234,0.101174965731553,0.0563417995107852,0.788585458417484,0.143916331551315,0.508071922396475,0.539073713183445,0.437358006052077,0.199739882750667,0.24001542570858,0.244327518125619,0.258843773257766,0.32936430101216,0.463459777694276,0.0288302032469038,0.716687903790801,0.897487520853566,0.182086297120666,16,0.870117470338999,1,0.75
"31402_6",0.47710373202594,0.832877003981892,0.0463105857598223,0.692430881476476,0.086930103259234,0.101174965731553,0.0563417995107852,0.788585458417484,0.143916331551315,0.508071922396475,0.539073713183445,0.437358006052077,0.199739882750667,0.24001542570858,0.244327518125619,0.258843773257766,0.32936430101216,0.463459777694276,0.0288302032469038,0.716687903790801,0.897487520853566,0.182086297120666,16,0.870117470338999,1,0.8125
"31402_7",0.47710373202594,0.832877003981892,0.0463105857598223,0.692430881476476,0.086930103259234,0.101174965731553,0.0563417995107852,0.788585458417484,0.143916331551315,0.508071922396475,0.539073713183445,0.437358006052077,0.199739882750667,0.24001542570858,0.244327518125619,0.258843773257766,0.32936430101216,0.463459777694276,0.0288302032469038,0.716687903790801,0.897487520853566,0.182086297120666,16,0.870117470338999,1,0.875
"31402_8",0.47710373202594,0.832877003981892,0.0463105857598223,0.692430881476476,0.086930103259234,0.101174965731553,0.0563417995107852,0.788585458417484,0.143916331551315,0.508071922396475,0.539073713183445,0.437358006052077,0.199739882750667,0.24001542570858,0.244327518125619,0.258843773257766,0.32936430101216,0.463459777694276,0.0288302032469038,0.716687903790801,0.897487520853566,0.182086297120666,16,0.870117470338999,1,0.9375
"31402_9",0.47710373202594,0.832877003981892,0.0463105857598223,0.692430881476476,0.086930103259234,0.101174965731553,0.0563417995107852,0.788585458417484,0.143916331551315,0.508071922396475,0.539073713183445,0.437358006052077,0.199739882750667,0.24001542570858,0.244327518125619,0.258843773257766,0.32936430101216,0.463459777694276,0.0288302032469038,0.716687903790801,0.897487520853566,0.182086297120666,16,0.870117470338999,1,1
"38100_1",0.296567776952318,0.315206835279278,0.114263456176752,0.723692540398035,0.0466079852532576,0.0693893315979632,0.0368833418698543,0.0344994526517508,0.39424702570664,0.511122785475019,0.0371132959901146,0.296300409704901,0.206379471741072,0.291314162619049,0.284789498959661,0.0155066490212607,0.0595008054603939,0.147504834072748,0.449293558911047,0.567002029473878,0.892456829364947,0.2054327566994,23,0.881218557169628,1,0.5
"38100_2",0.296567776952318,0.315206835279278,0.114263456176752,0.723692540398035,0.0466079852532576,0.0693893315979632,0.0368833418698543,0.0344994526517508,0.39424702570664,0.511122785475019,0.0371132959901146,0.296300409704901,0.206379471741072,0.291314162619049,0.284789498959661,0.0155066490212607,0.0595008054603939,0.147504834072748,0.449293558911047,0.567002029473878,0.892456829364947,0.2054327566994,23,0.881218557169628,1,0.5625
"38100_3",0.296567776952318,0.315206835279278,0.114263456176752,0.723692540398035,0.0466079852532576,0.0693893315979632,0.0368833418698543,0.0344994526517508,0.39424702570664,0.511122785475019,0.0371132959901146,0.296300409704901,0.206379471741072,0.291314162619049,0.284789498959661,0.0155066490212607,0.0595008054603939,0.147504834072748,0.449293558911047,0.567002029473878,0.892456829364947,0.2054327566994,23,0.881218557169628,1,0.625
"38100_4",0.296567776952318,0.315206835279278,0.114263456176752,0.723692540398035,0.0466079852532576,0.0693893315979632,0.0368833418698543,0.0344994526517508,0.39424702570664,0.511122785475019,0.0371132959901146,0.296300409704901,0.206379471741072,0.291314162619049,0.284789498959661,0.0155066490212607,0.0595008054603939,0.147504834072748,0.449293558911047,0.567002029473878,0.892456829364947,0.2054327566994,23,0.881218557169628,1,0.6875
"38100_5",0.296567776952318,0.315206835279278,0.114263456176752,0.723692540398035,0.0466079852532576,0.0693893315979632,0.0368833418698543,0.0344994526517508,0.39424702570664,0.511122785475019,0.0371132959901146,0.296300409704901,0.206379471741072,0.291314162619049,0.284789498959661,0.0155066490212607,0.0595008054603939,0.147504834072748,0.449293558911047,0.567002029473878,0.892456829364947,0.2054327566994,23,0.881218557169628,1,0.75
"38100_6",0.296567776952318,0.315206835279278,0.114263456176752,0.723692540398035,0.0466079852532576,0.0693893315979632,0.0368833418698543,0.0344994526517508,0.39424702570664,0.511122785475019,0.0371132959901146,0.296300409704901,0.206379471741072,0.291314162619049,0.284789498959661,0.0155066490212607,0.0595008054603939,0.147504834072748,0.449293558911047,0.567002029473878,0.892456829364947,0.2054327566994,23,0.881218557169628,1,0.8125
"38100_7",0.296567776952318,0.315206835279278,0.114263456176752,0.723692540398035,0.0466079852532576,0.0693893315979632,0.0368833418698543,0.0344994526517508,0.39424702570664,0.511122785475019,0.0371132959901146,0.296300409704901,0.206379471741072,0.291314162619049,0.284789498959661,0.0155066490212607,0.0595008054603939,0.147504834072748,0.449293558911047,0.567002029473878,0.892456829364947,0.2054327566994,23,0.881218557169628,1,0.875
"38100_8",0.296567776952318,0.315206835279278,0.114263456176752,0.723692540398035,0.0466079852532576,0.0693893315979632,0.0368833418698543,0.0344994526517508,0.39424702570664,0.511122785475019,0.0371132959901146,0.296300409704901,0.206379471741072,0.291314162619049,0.284789498959661,0.0155066490212607,0.0595008054603939,0.147504834072748,0.449293558911047,0.567002029473878,0.892456829364947,0.2054327566994,23,0.881218557169628,1,0.9375
"38100_9",0.296567776952318,0.315206835279278,0.114263456176752,0.723692540398035,0.0466079852532576,0.0693893315979632,0.0368833418698543,0.0344994526517508,0.39424702570664,0.511122785475019,0.0371132959901146,0.296300409704901,0.206379471741072,0.291314162619049,0.284789498959661,0.0155066490212607,0.0595008054603939,0.147504834072748,0.449293558911047,0.567002029473878,0.892456829364947,0.2054327566994,23,0.881218557169628,1,1
"43905_1",0.557549566730433,0.734618388443152,0.0670177622249164,0.886698174926694,0.0733850454038428,0.0496137298710893,0.091044580897035,0.629046711852588,0.230156324720222,0.861308072240311,0.984940609967029,0.487789803925771,0.0766690544499177,0.213941816140863,0.424961132263818,0.148263877098744,0.0508755941475858,0.192202470128321,0.165126951514005,0.875718586784537,0.565176216619154,0.178798731943545,4,0.496557043069259,1,0.5
"43905_2",0.557549566730433,0.734618388443152,0.0670177622249164,0.886698174926694,0.0733850454038428,0.0496137298710893,0.091044580897035,0.629046711852588,0.230156324720222,0.861308072240311,0.984940609967029,0.487789803925771,0.0766690544499177,0.213941816140863,0.424961132263818,0.148263877098744,0.0508755941475858,0.192202470128321,0.165126951514005,0.875718586784537,0.565176216619154,0.178798731943545,4,0.496557043069259,1,0.5625
"43905_3",0.557549566730433,0.734618388443152,0.0670177622249164,0.886698174926694,0.0733850454038428,0.0496137298710893,0.091044580897035,0.629046711852588,0.230156324720222,0.861308072240311,0.984940609967029,0.487789803925771,0.0766690544499177,0.213941816140863,0.424961132263818,0.148263877098744,0.0508755941475858,0.192202470128321,0.165126951514005,0.875718586784537,0.565176216619154,0.178798731943545,4,0.496557043069259,1,0.625
"43905_4",0.557549566730433,0.734618388443152,0.0670177622249164,0.886698174926694,0.0733850454038428,0.0496137298710893,0.091044580897035,0.629046711852588,0.230156324720222,0.861308072240311,0.984940609967029,0.487789803925771,0.0766690544499177,0.213941816140863,0.424961132263818,0.148263877098744,0.0508755941475858,0.192202470128321,0.165126951514005,0.875718586784537,0.565176216619154,0.178798731943545,4,0.496557043069259,1,0.6875
"43905_5",0.557549566730433,0.734618388443152,0.0670177622249164,0.886698174926694,0.0733850454038428,0.0496137298710893,0.091044580897035,0.629046711852588,0.230156324720222,0.861308072240311,0.984940609967029,0.487789803925771,0.0766690544499177,0.213941816140863,0.424961132263818,0.148263877098744,0.0508755941475858,0.192202470128321,0.165126951514005,0.875718586784537,0.565176216619154,0.178798731943545,4,0.496557043069259,1,0.75
"43905_6",0.557549566730433,0.734618388443152,0.0670177622249164,0.886698174926694,0.0733850454038428,0.0496137298710893,0.091044580897035,0.629046711852588,0.230156324720222,0.861308072240311,0.984940609967029,0.487789803925771,0.0766690544499177,0.213941816140863,0.424961132263818,0.148263877098744,0.0508755941475858,0.192202470128321,0.165126951514005,0.875718586784537,0.565176216619154,0.178798731943545,4,0.496557043069259,1,0.8125
"43905_7",0.557549566730433,0.734618388443152,0.0670177622249164,0.886698174926694,0.0733850454038428,0.0496137298710893,0.091044580897035,0.629046711852588,0.230156324720222,0.861308072240311,0.984940609967029,0.487789803925771,0.0766690544499177,0.213941816140863,0.424961132263818,0.148263877098744,0.0508755941475858,0.192202470128321,0.165126951514005,0.875718586784537,0.565176216619154,0.178798731943545,4,0.496557043069259,1,0.875
"43905_8",0.557549566730433,0.734618388443152,0.0670177622249164,0.886698174926694,0.0733850454038428,0.0496137298710893,0.091044580897035,0.629046711852588,0.230156324720222,0.861308072240311,0.984940609967029,0.487789803925771,0.0766690544499177,0.213941816140863,0.424961132263818,0.148263877098744,0.0508755941475858,0.192202470128321,0.165126951514005,0.875718586784537,0.565176216619154,0.178798731943545,4,0.496557043069259,1,0.9375
"43905_9",0.557549566730433,0.734618388443152,0.0670177622249164,0.886698174926694,0.0733850454038428,0.0496137298710893,0.091044580897035,0.629046711852588,0.230156324720222,0.861308072240311,0.984940609967029,0.487789803925771,0.0766690544499177,0.213941816140863,0.424961132263818,0.148263877098744,0.0508755941475858,0.192202470128321,0.165126951514005,0.875718586784537,0.565176216619154,0.178798731943545,4,0.496557043069259,1,1
"45003_1",0.413282133207843,0.391281918499146,0.771819840423865,0.69986611338697,0.0182720806526218,0.0155400249146716,0.00028557524543199,0.808456479796639,0.972097162553663,0.869922137488239,0.0690502186056366,0.652315190183164,0.219146782706773,0.0764587241433118,0.156342347786152,0.310814400243667,0.16401137814984,0.222550185058514,0.476834760067478,0.782240852450429,0.986634622484191,0.192920652564569,27,0.804178019586774,1,0.5
"45003_2",0.413282133207843,0.391281918499146,0.771819840423865,0.69986611338697,0.0182720806526218,0.0155400249146716,0.00028557524543199,0.808456479796639,0.972097162553663,0.869922137488239,0.0690502186056366,0.652315190183164,0.219146782706773,0.0764587241433118,0.156342347786152,0.310814400243667,0.16401137814984,0.222550185058514,0.476834760067478,0.782240852450429,0.986634622484191,0.192920652564569,27,0.804178019586774,1,0.5625
"45003_3",0.413282133207843,0.391281918499146,0.771819840423865,0.69986611338697,0.0182720806526218,0.0155400249146716,0.00028557524543199,0.808456479796639,0.972097162553663,0.869922137488239,0.0690502186056366,0.652315190183164,0.219146782706773,0.0764587241433118,0.156342347786152,0.310814400243667,0.16401137814984,0.222550185058514,0.476834760067478,0.782240852450429,0.986634622484191,0.192920652564569,27,0.804178019586774,1,0.625
"45003_4",0.413282133207843,0.391281918499146,0.771819840423865,0.69986611338697,0.0182720806526218,0.0155400249146716,0.00028557524543199,0.808456479796639,0.972097162553663,0.869922137488239,0.0690502186056366,0.652315190183164,0.219146782706773,0.0764587241433118,0.156342347786152,0.310814400243667,0.16401137814984,0.222550185058514,0.476834760067478,0.782240852450429,0.986634622484191,0.192920652564569,27,0.804178019586774,1,0.6875
"45003_5",0.413282133207843,0.391281918499146,0.771819840423865,0.69986611338697,0.0182720806526218,0.0155400249146716,0.00028557524543199,0.808456479796639,0.972097162553663,0.869922137488239,0.0690502186056366,0.652315190183164,0.219146782706773,0.0764587241433118,0.156342347786152,0.310814400243667,0.16401137814984,0.222550185058514,0.476834760067478,0.782240852450429,0.986634622484191,0.192920652564569,27,0.804178019586774,1,0.75
"45003_6",0.413282133207843,0.391281918499146,0.771819840423865,0.69986611338697,0.0182720806526218,0.0155400249146716,0.00028557524543199,0.808456479796639,0.972097162553663,0.869922137488239,0.0690502186056366,0.652315190183164,0.219146782706773,0.0764587241433118,0.156342347786152,0.310814400243667,0.16401137814984,0.222550185058514,0.476834760067478,0.782240852450429,0.986634622484191,0.192920652564569,27,0.804178019586774,1,0.8125
"45003_7",0.413282133207843,0.391281918499146,0.771819840423865,0.69986611338697,0.0182720806526218,0.0155400249146716,0.00028557524543199,0.808456479796639,0.972097162553663,0.869922137488239,0.0690502186056366,0.652315190183164,0.219146782706773,0.0764587241433118,0.156342347786152,0.310814400243667,0.16401137814984,0.222550185058514,0.476834760067478,0.782240852450429,0.986634622484191,0.192920652564569,27,0.804178019586774,1,0.875
"45003_8",0.413282133207843,0.391281918499146,0.771819840423865,0.69986611338697,0.0182720806526218,0.0155400249146716,0.00028557524543199,0.808456479796639,0.972097162553663,0.869922137488239,0.0690502186056366,0.652315190183164,0.219146782706773,0.0764587241433118,0.156342347786152,0.310814400243667,0.16401137814984,0.222550185058514,0.476834760067478,0.782240852450429,0.986634622484191,0.192920652564569,27,0.804178019586774,1,0.9375
"45003_9",0.413282133207843,0.391281918499146,0.771819840423865,0.69986611338697,0.0182720806526218,0.0155400249146716,0.00028557524543199,0.808456479796639,0.972097162553663,0.869922137488239,0.0690502186056366,0.652315190183164,0.219146782706773,0.0764587241433118,0.156342347786152,0.310814400243667,0.16401137814984,0.222550185058514,0.476834760067478,0.782240852450429,0.986634622484191,0.192920652564569,27,0.804178019586774,1,1
"46402_1",0.807777689344813,0.0064984044348239,0.0541456406224333,0.962616414209832,0.113703849269367,0.0708614407063463,0.0366821485745497,0.326271211731501,0.736923485587088,0.252727200908731,0.318927246150384,0.297517140440932,0.0636763568840432,0.400531125358967,0.622972402268318,0.175925394795348,0.464488019567598,0.380567390548899,0.159784570956642,0.847449328993101,0.787989139343894,0.184568664015509,19,0.326413557049152,1,0.5
"46402_2",0.807777689344813,0.0064984044348239,0.0541456406224333,0.962616414209832,0.113703849269367,0.0708614407063463,0.0366821485745497,0.326271211731501,0.736923485587088,0.252727200908731,0.318927246150384,0.297517140440932,0.0636763568840432,0.400531125358967,0.622972402268318,0.175925394795348,0.464488019567598,0.380567390548899,0.159784570956642,0.847449328993101,0.787989139343894,0.184568664015509,19,0.326413557049152,1,0.5625
"46402_3",0.807777689344813,0.0064984044348239,0.0541456406224333,0.962616414209832,0.113703849269367,0.0708614407063463,0.0366821485745497,0.326271211731501,0.736923485587088,0.252727200908731,0.318927246150384,0.297517140440932,0.0636763568840432,0.400531125358967,0.622972402268318,0.175925394795348,0.464488019567598,0.380567390548899,0.159784570956642,0.847449328993101,0.787989139343894,0.184568664015509,19,0.326413557049152,1,0.625
"46402_4",0.807777689344813,0.0064984044348239,0.0541456406224333,0.962616414209832,0.113703849269367,0.0708614407063463,0.0366821485745497,0.326271211731501,0.736923485587088,0.252727200908731,0.318927246150384,0.297517140440932,0.0636763568840432,0.400531125358967,0.622972402268318,0.175925394795348,0.464488019567598,0.380567390548899,0.159784570956642,0.847449328993101,0.787989139343894,0.184568664015509,19,0.326413557049152,1,0.6875
"46402_5",0.807777689344813,0.0064984044348239,0.0541456406224333,0.962616414209832,0.113703849269367,0.0708614407063463,0.0366821485745497,0.326271211731501,0.736923485587088,0.252727200908731,0.318927246150384,0.297517140440932,0.0636763568840432,0.400531125358967,0.622972402268318,0.175925394795348,0.464488019567598,0.380567390548899,0.159784570956642,0.847449328993101,0.787989139343894,0.184568664015509,19,0.326413557049152,1,0.75
"46402_6",0.807777689344813,0.0064984044348239,0.0541456406224333,0.962616414209832,0.113703849269367,0.0708614407063463,0.0366821485745497,0.326271211731501,0.736923485587088,0.252727200908731,0.318927246150384,0.297517140440932,0.0636763568840432,0.400531125358967,0.622972402268318,0.175925394795348,0.464488019567598,0.380567390548899,0.159784570956642,0.847449328993101,0.787989139343894,0.184568664015509,19,0.326413557049152,1,0.8125
"46402_7",0.807777689344813,0.0064984044348239,0.0541456406224333,0.962616414209832,0.113703849269367,0.0708614407063463,0.0366821485745497,0.326271211731501,0.736923485587088,0.252727200908731,0.318927246150384,0.297517140440932,0.0636763568840432,0.400531125358967,0.622972402268318,0.175925394795348,0.464488019567598,0.380567390548899,0.159784570956642,0.847449328993101,0.787989139343894,0.184568664015509,19,0.326413557049152,1,0.875
"46402_8",0.807777689344813,0.0064984044348239,0.0541456406224333,0.962616414209832,0.113703849269367,0.0708614407063463,0.0366821485745497,0.326271211731501,0.736923485587088,0.252727200908731,0.318927246150384,0.297517140440932,0.0636763568840432,0.400531125358967,0.622972402268318,0.175925394795348,0.464488019567598,0.380567390548899,0.159784570956642,0.847449328993101,0.787989139343894,0.184568664015509,19,0.326413557049152,1,0.9375
"46402_9",0.807777689344813,0.0064984044348239,0.0541456406224333,0.962616414209832,0.113703849269367,0.0708614407063463,0.0366821485745497,0.326271211731501,0.736923485587088,0.252727200908731,0.318927246150384,0.297517140440932,0.0636763568840432,0.400531125358967,0.622972402268318,0.175925394795348,0.464488019567598,0.380567390548899,0.159784570956642,0.847449328993101,0.787989139343894,0.184568664015509,19,0.326413557049152,1,1
"49801_1",0.381940718381568,0.475181029385303,0.0372961369913211,0.745891854297024,0.0952337590584613,0.106551003989138,0.0610660036400101,0.293477778400495,0.519991074760126,0.630613642696363,0.678426772650199,0.44543159300715,0.12161926461946,0.371167087367843,0.131361932556087,0.113110107322205,0.232868292915153,0.489121107313606,0.388973416996346,0.555058196136378,0.694490462485328,0.113115642541134,13,0.0796111353859305,1,0.5
"49801_2",0.381940718381568,0.475181029385303,0.0372961369913211,0.745891854297024,0.0952337590584613,0.106551003989138,0.0610660036400101,0.293477778400495,0.519991074760126,0.630613642696363,0.678426772650199,0.44543159300715,0.12161926461946,0.371167087367843,0.131361932556087,0.113110107322205,0.232868292915153,0.489121107313606,0.388973416996346,0.555058196136378,0.694490462485328,0.113115642541134,13,0.0796111353859305,1,0.5625
"49801_3",0.381940718381568,0.475181029385303,0.0372961369913211,0.745891854297024,0.0952337590584613,0.106551003989138,0.0610660036400101,0.293477778400495,0.519991074760126,0.630613642696363,0.678426772650199,0.44543159300715,0.12161926461946,0.371167087367843,0.131361932556087,0.113110107322205,0.232868292915153,0.489121107313606,0.388973416996346,0.555058196136378,0.694490462485328,0.113115642541134,13,0.0796111353859305,1,0.625
"49801_4",0.381940718381568,0.475181029385303,0.0372961369913211,0.745891854297024,0.0952337590584613,0.106551003989138,0.0610660036400101,0.293477778400495,0.519991074760126,0.630613642696363,0.678426772650199,0.44543159300715,0.12161926461946,0.371167087367843,0.131361932556087,0.113110107322205,0.232868292915153,0.489121107313606,0.388973416996346,0.555058196136378,0.694490462485328,0.113115642541134,13,0.0796111353859305,1,0.6875
"49801_5",0.381940718381568,0.475181029385303,0.0372961369913211,0.745891854297024,0.0952337590584613,0.106551003989138,0.0610660036400101,0.293477778400495,0.519991074760126,0.630613642696363,0.678426772650199,0.44543159300715,0.12161926461946,0.371167087367843,0.131361932556087,0.113110107322205,0.232868292915153,0.489121107313606,0.388973416996346,0.555058196136378,0.694490462485328,0.113115642541134,13,0.0796111353859305,1,0.75
"49801_6",0.381940718381568,0.475181029385303,0.0372961369913211,0.745891854297024,0.0952337590584613,0.106551003989138,0.0610660036400101,0.293477778400495,0.519991074760126,0.630613642696363,0.678426772650199,0.44543159300715,0.12161926461946,0.371167087367843,0.131361932556087,0.113110107322205,0.232868292915153,0.489121107313606,0.388973416996346,0.555058196136378,0.694490462485328,0.113115642541134,13,0.0796111353859305,1,0.8125
"49801_7",0.381940718381568,0.475181029385303,0.0372961369913211,0.745891854297024,0.0952337590584613,0.106551003989138,0.0610660036400101,0.293477778400495,0.519991074760126,0.630613642696363,0.678426772650199,0.44543159300715,0.12161926461946,0.371167087367843,0.131361932556087,0.113110107322205,0.232868292915153,0.489121107313606,0.388973416996346,0.555058196136378,0.694490462485328,0.113115642541134,13,0.0796111353859305,1,0.875
"49801_8",0.381940718381568,0.475181029385303,0.0372961369913211,0.745891854297024,0.0952337590584613,0.106551003989138,0.0610660036400101,0.293477778400495,0.519991074760126,0.630613642696363,0.678426772650199,0.44543159300715,0.12161926461946,0.371167087367843,0.131361932556087,0.113110107322205,0.232868292915153,0.489121107313606,0.388973416996346,0.555058196136378,0.694490462485328,0.113115642541134,13,0.0796111353859305,1,0.9375
"49801_9",0.381940718381568,0.475181029385303,0.0372961369913211,0.745891854297024,0.0952337590584613,0.106551003989138,0.0610660036400101,0.293477778400495,0.519991074760126,0.630613642696363,0.678426772650199,0.44543159300715,0.12161926461946,0.371167087367843,0.131361932556087,0.113110107322205,0.232868292915153,0.489121107313606,0.388973416996346,0.555058196136378,0.694490462485328,0.113115642541134,13,0.0796111353859305,1,1
"50508_1",0.0721758338625659,0.00204382380622439,0.37347448855825,0.898215563261011,0.0852351237222894,0.0661234717444427,0.111177750876443,0.0966974630382028,0.795828339564803,0.684180972153854,0.0598510246998607,0.0302120024257596,0.0368095613090834,0.103195412947955,0.121093403120784,0.272359133155504,0.305173793222997,0.161828655425946,0.0114778973164642,0.730396853549371,0.79116096873511,0.0802431654046645,19,0.699251450111517,1,0.5
"50508_2",0.0721758338625659,0.00204382380622439,0.37347448855825,0.898215563261011,0.0852351237222894,0.0661234717444427,0.111177750876443,0.0966974630382028,0.795828339564803,0.684180972153854,0.0598510246998607,0.0302120024257596,0.0368095613090834,0.103195412947955,0.121093403120784,0.272359133155504,0.305173793222997,0.161828655425946,0.0114778973164642,0.730396853549371,0.79116096873511,0.0802431654046645,19,0.699251450111517,1,0.5625
"50508_3",0.0721758338625659,0.00204382380622439,0.37347448855825,0.898215563261011,0.0852351237222894,0.0661234717444427,0.111177750876443,0.0966974630382028,0.795828339564803,0.684180972153854,0.0598510246998607,0.0302120024257596,0.0368095613090834,0.103195412947955,0.121093403120784,0.272359133155504,0.305173793222997,0.161828655425946,0.0114778973164642,0.730396853549371,0.79116096873511,0.0802431654046645,19,0.699251450111517,1,0.625
"50508_4",0.0721758338625659,0.00204382380622439,0.37347448855825,0.898215563261011,0.0852351237222894,0.0661234717444427,0.111177750876443,0.0966974630382028,0.795828339564803,0.684180972153854,0.0598510246998607,0.0302120024257596,0.0368095613090834,0.103195412947955,0.121093403120784,0.272359133155504,0.305173793222997,0.161828655425946,0.0114778973164642,0.730396853549371,0.79116096873511,0.0802431654046645,19,0.699251450111517,1,0.6875
"50508_5",0.0721758338625659,0.00204382380622439,0.37347448855825,0.898215563261011,0.0852351237222894,0.0661234717444427,0.111177750876443,0.0966974630382028,0.795828339564803,0.684180972153854,0.0598510246998607,0.0302120024257596,0.0368095613090834,0.103195412947955,0.121093403120784,0.272359133155504,0.305173793222997,0.161828655425946,0.0114778973164642,0.730396853549371,0.79116096873511,0.0802431654046645,19,0.699251450111517,1,0.75
"50508_6",0.0721758338625659,0.00204382380622439,0.37347448855825,0.898215563261011,0.0852351237222894,0.0661234717444427,0.111177750876443,0.0966974630382028,0.795828339564803,0.684180972153854,0.0598510246998607,0.0302120024257596,0.0368095613090834,0.103195412947955,0.121093403120784,0.272359133155504,0.305173793222997,0.161828655425946,0.0114778973164642,0.730396853549371,0.79116096873511,0.0802431654046645,19,0.699251450111517,1,0.8125
"50508_7",0.0721758338625659,0.00204382380622439,0.37347448855825,0.898215563261011,0.0852351237222894,0.0661234717444427,0.111177750876443,0.0966974630382028,0.795828339564803,0.684180972153854,0.0598510246998607,0.0302120024257596,0.0368095613090834,0.103195412947955,0.121093403120784,0.272359133155504,0.305173793222997,0.161828655425946,0.0114778973164642,0.730396853549371,0.79116096873511,0.0802431654046645,19,0.699251450111517,1,0.875
"50508_8",0.0721758338625659,0.00204382380622439,0.37347448855825,0.898215563261011,0.0852351237222894,0.0661234717444427,0.111177750876443,0.0966974630382028,0.795828339564803,0.684180972153854,0.0598510246998607,0.0302120024257596,0.0368095613090834,0.103195412947955,0.121093403120784,0.272359133155504,0.305173793222997,0.161828655425946,0.0114778973164642,0.730396853549371,0.79116096873511,0.0802431654046645,19,0.699251450111517,1,0.9375
"50508_9",0.0721758338625659,0.00204382380622439,0.37347448855825,0.898215563261011,0.0852351237222894,0.0661234717444427,0.111177750876443,0.0966974630382028,0.795828339564803,0.684180972153854,0.0598510246998607,0.0302120024257596,0.0368095613090834,0.103195412947955,0.121093403120784,0.272359133155504,0.305173793222997,0.161828655425946,0.0114778973164642,0.730396853549371,0.79116096873511,0.0802431654046645,19,0.699251450111517,1,1
"53407_1",0.281384454067515,0.484422209117354,0.172581333950285,0.767496949595297,0.00966917824754091,0.00214369429334085,0.0409447049781125,0.730309620940876,0.142592945511681,0.521946306536123,0.674356868768691,0.775638282886662,0.599112046514361,0.0238442039925372,0.0224454384395108,0.102675966965804,0.0326680885308131,0.484075620252071,0.431987106975854,0.77527391430139,0.567639606462904,0.2475718398785,21,0.546405847040433,1,0.5
"53407_2",0.281384454067515,0.484422209117354,0.172581333950285,0.767496949595297,0.00966917824754091,0.00214369429334085,0.0409447049781125,0.730309620940876,0.142592945511681,0.521946306536123,0.674356868768691,0.775638282886662,0.599112046514361,0.0238442039925372,0.0224454384395108,0.102675966965804,0.0326680885308131,0.484075620252071,0.431987106975854,0.77527391430139,0.567639606462904,0.2475718398785,21,0.546405847040433,1,0.5625
"53407_3",0.281384454067515,0.484422209117354,0.172581333950285,0.767496949595297,0.00966917824754091,0.00214369429334085,0.0409447049781125,0.730309620940876,0.142592945511681,0.521946306536123,0.674356868768691,0.775638282886662,0.599112046514361,0.0238442039925372,0.0224454384395108,0.102675966965804,0.0326680885308131,0.484075620252071,0.431987106975854,0.77527391430139,0.567639606462904,0.2475718398785,21,0.546405847040433,1,0.625
"53407_4",0.281384454067515,0.484422209117354,0.172581333950285,0.767496949595297,0.00966917824754091,0.00214369429334085,0.0409447049781125,0.730309620940876,0.142592945511681,0.521946306536123,0.674356868768691,0.775638282886662,0.599112046514361,0.0238442039925372,0.0224454384395108,0.102675966965804,0.0326680885308131,0.484075620252071,0.431987106975854,0.77527391430139,0.567639606462904,0.2475718398785,21,0.546405847040433,1,0.6875
"53407_5",0.281384454067515,0.484422209117354,0.172581333950285,0.767496949595297,0.00966917824754091,0.00214369429334085,0.0409447049781125,0.730309620940876,0.142592945511681,0.521946306536123,0.674356868768691,0.775638282886662,0.599112046514361,0.0238442039925372,0.0224454384395108,0.102675966965804,0.0326680885308131,0.484075620252071,0.431987106975854,0.77527391430139,0.567639606462904,0.2475718398785,21,0.546405847040433,1,0.75
"53407_6",0.281384454067515,0.484422209117354,0.172581333950285,0.767496949595297,0.00966917824754091,0.00214369429334085,0.0409447049781125,0.730309620940876,0.142592945511681,0.521946306536123,0.674356868768691,0.775638282886662,0.599112046514361,0.0238442039925372,0.0224454384395108,0.102675966965804,0.0326680885308131,0.484075620252071,0.431987106975854,0.77527391430139,0.567639606462904,0.2475718398785,21,0.546405847040433,1,0.8125
"53407_7",0.281384454067515,0.484422209117354,0.172581333950285,0.767496949595297,0.00966917824754091,0.00214369429334085,0.0409447049781125,0.730309620940876,0.142592945511681,0.521946306536123,0.674356868768691,0.775638282886662,0.599112046514361,0.0238442039925372,0.0224454384395108,0.102675966965804,0.0326680885308131,0.484075620252071,0.431987106975854,0.77527391430139,0.567639606462904,0.2475718398785,21,0.546405847040433,1,0.875
"53407_8",0.281384454067515,0.484422209117354,0.172581333950285,0.767496949595297,0.00966917824754091,0.00214369429334085,0.0409447049781125,0.730309620940876,0.142592945511681,0.521946306536123,0.674356868768691,0.775638282886662,0.599112046514361,0.0238442039925372,0.0224454384395108,0.102675966965804,0.0326680885308131,0.484075620252071,0.431987106975854,0.77527391430139,0.567639606462904,0.2475718398785,21,0.546405847040433,1,0.9375
"53407_9",0.281384454067515,0.484422209117354,0.172581333950285,0.767496949595297,0.00966917824754091,0.00214369429334085,0.0409447049781125,0.730309620940876,0.142592945511681,0.521946306536123,0.674356868768691,0.775638282886662,0.599112046514361,0.0238442039925372,0.0224454384395108,0.102675966965804,0.0326680885308131,0.484075620252071,0.431987106975854,0.77527391430139,0.567639606462904,0.2475718398785,21,0.546405847040433,1,1
"54703_1",0.139921193624854,0.161413291072333,0.15139287399298,0.587025515263876,0.0767799428067592,0.0643059218400816,0.0836675189534222,0.149182852585826,0.173332606465197,0.258229588156731,0.232288897956898,0.0664923176191887,0.0972407042039139,0.753945977491375,0.331024312910223,0.0484079251940572,0.285131986581298,0.208795397351276,0.0635940344907157,0.730026214791796,0.702359996541002,0.217936898490531,11,0.968464311077145,1,0.5
"54703_2",0.139921193624854,0.161413291072333,0.15139287399298,0.587025515263876,0.0767799428067592,0.0643059218400816,0.0836675189534222,0.149182852585826,0.173332606465197,0.258229588156731,0.232288897956898,0.0664923176191887,0.0972407042039139,0.753945977491375,0.331024312910223,0.0484079251940572,0.285131986581298,0.208795397351276,0.0635940344907157,0.730026214791796,0.702359996541002,0.217936898490531,11,0.968464311077145,1,0.5625
"54703_3",0.139921193624854,0.161413291072333,0.15139287399298,0.587025515263876,0.0767799428067592,0.0643059218400816,0.0836675189534222,0.149182852585826,0.173332606465197,0.258229588156731,0.232288897956898,0.0664923176191887,0.0972407042039139,0.753945977491375,0.331024312910223,0.0484079251940572,0.285131986581298,0.208795397351276,0.0635940344907157,0.730026214791796,0.702359996541002,0.217936898490531,11,0.968464311077145,1,0.625
"54703_4",0.139921193624854,0.161413291072333,0.15139287399298,0.587025515263876,0.0767799428067592,0.0643059218400816,0.0836675189534222,0.149182852585826,0.173332606465197,0.258229588156731,0.232288897956898,0.0664923176191887,0.0972407042039139,0.753945977491375,0.331024312910223,0.0484079251940572,0.285131986581298,0.208795397351276,0.0635940344907157,0.730026214791796,0.702359996541002,0.217936898490531,11,0.968464311077145,1,0.6875
"54703_5",0.139921193624854,0.161413291072333,0.15139287399298,0.587025515263876,0.0767799428067592,0.0643059218400816,0.0836675189534222,0.149182852585826,0.173332606465197,0.258229588156731,0.232288897956898,0.0664923176191887,0.0972407042039139,0.753945977491375,0.331024312910223,0.0484079251940572,0.285131986581298,0.208795397351276,0.0635940344907157,0.730026214791796,0.702359996541002,0.217936898490531,11,0.968464311077145,1,0.75
"54703_6",0.139921193624854,0.161413291072333,0.15139287399298,0.587025515263876,0.0767799428067592,0.0643059218400816,0.0836675189534222,0.149182852585826,0.173332606465197,0.258229588156731,0.232288897956898,0.0664923176191887,0.0972407042039139,0.753945977491375,0.331024312910223,0.0484079251940572,0.285131986581298,0.208795397351276,0.0635940344907157,0.730026214791796,0.702359996541002,0.217936898490531,11,0.968464311077145,1,0.8125
"54703_7",0.139921193624854,0.161413291072333,0.15139287399298,0.587025515263876,0.0767799428067592,0.0643059218400816,0.0836675189534222,0.149182852585826,0.173332606465197,0.258229588156731,0.232288897956898,0.0664923176191887,0.0972407042039139,0.753945977491375,0.331024312910223,0.0484079251940572,0.285131986581298,0.208795397351276,0.0635940344907157,0.730026214791796,0.702359996541002,0.217936898490531,11,0.968464311077145,1,0.875
"54703_8",0.139921193624854,0.161413291072333,0.15139287399298,0.587025515263876,0.0767799428067592,0.0643059218400816,0.0836675189534222,0.149182852585826,0.173332606465197,0.258229588156731,0.232288897956898,0.0664923176191887,0.0972407042039139,0.753945977491375,0.331024312910223,0.0484079251940572,0.285131986581298,0.208795397351276,0.0635940344907157,0.730026214791796,0.702359996541002,0.217936898490531,11,0.968464311077145,1,0.9375
"54703_9",0.139921193624854,0.161413291072333,0.15139287399298,0.587025515263876,0.0767799428067592,0.0643059218400816,0.0836675189534222,0.149182852585826,0.173332606465197,0.258229588156731,0.232288897956898,0.0664923176191887,0.0972407042039139,0.753945977491375,0.331024312910223,0.0484079251940572,0.285131986581298,0.208795397351276,0.0635940344907157,0.730026214791796,0.702359996541002,0.217936898490531,11,0.968464311077145,1,1
"55804_1",0.442767676369392,0.875349957032623,0.0756453580184584,0.799252160012571,0.107812328403302,0.0416555392124712,0.0969193517933881,0.0392980727684801,0.698486891756994,0.797463516278586,0.23544848717808,0.493979790286885,0.0601767621874087,0.467170125822709,0.58097042454283,0.0806284595466824,0.258039338620421,0.35296105357832,0.387219339412921,0.908887252948427,0.822531006673296,0.0396206267803046,8,0.706010106676391,1,0.5
"55804_2",0.442767676369392,0.875349957032623,0.0756453580184584,0.799252160012571,0.107812328403302,0.0416555392124712,0.0969193517933881,0.0392980727684801,0.698486891756994,0.797463516278586,0.23544848717808,0.493979790286885,0.0601767621874087,0.467170125822709,0.58097042454283,0.0806284595466824,0.258039338620421,0.35296105357832,0.387219339412921,0.908887252948427,0.822531006673296,0.0396206267803046,8,0.706010106676391,1,0.5625
"55804_3",0.442767676369392,0.875349957032623,0.0756453580184584,0.799252160012571,0.107812328403302,0.0416555392124712,0.0969193517933881,0.0392980727684801,0.698486891756994,0.797463516278586,0.23544848717808,0.493979790286885,0.0601767621874087,0.467170125822709,0.58097042454283,0.0806284595466824,0.258039338620421,0.35296105357832,0.387219339412921,0.908887252948427,0.822531006673296,0.0396206267803046,8,0.706010106676391,1,0.625
"55804_4",0.442767676369392,0.875349957032623,0.0756453580184584,0.799252160012571,0.107812328403302,0.0416555392124712,0.0969193517933881,0.0392980727684801,0.698486891756994,0.797463516278586,0.23544848717808,0.493979790286885,0.0601767621874087,0.467170125822709,0.58097042454283,0.0806284595466824,0.258039338620421,0.35296105357832,0.387219339412921,0.908887252948427,0.822531006673296,0.0396206267803046,8,0.706010106676391,1,0.6875
"55804_5",0.442767676369392,0.875349957032623,0.0756453580184584,0.799252160012571,0.107812328403302,0.0416555392124712,0.0969193517933881,0.0392980727684801,0.698486891756994,0.797463516278586,0.23544848717808,0.493979790286885,0.0601767621874087,0.467170125822709,0.58097042454283,0.0806284595466824,0.258039338620421,0.35296105357832,0.387219339412921,0.908887252948427,0.822531006673296,0.0396206267803046,8,0.706010106676391,1,0.75
"55804_6",0.442767676369392,0.875349957032623,0.0756453580184584,0.799252160012571,0.107812328403302,0.0416555392124712,0.0969193517933881,0.0392980727684801,0.698486891756994,0.797463516278586,0.23544848717808,0.493979790286885,0.0601767621874087,0.467170125822709,0.58097042454283,0.0806284595466824,0.258039338620421,0.35296105357832,0.387219339412921,0.908887252948427,0.822531006673296,0.0396206267803046,8,0.706010106676391,1,0.8125
"55804_7",0.442767676369392,0.875349957032623,0.0756453580184584,0.799252160012571,0.107812328403302,0.0416555392124712,0.0969193517933881,0.0392980727684801,0.698486891756994,0.797463516278586,0.23544848717808,0.493979790286885,0.0601767621874087,0.467170125822709,0.58097042454283,0.0806284595466824,0.258039338620421,0.35296105357832,0.387219339412921,0.908887252948427,0.822531006673296,0.0396206267803046,8,0.706010106676391,1,0.875
"55804_8",0.442767676369392,0.875349957032623,0.0756453580184584,0.799252160012571,0.107812328403302,0.0416555392124712,0.0969193517933881,0.0392980727684801,0.698486891756994,0.797463516278586,0.23544848717808,0.493979790286885,0.0601767621874087,0.467170125822709,0.58097042454283,0.0806284595466824,0.258039338620421,0.35296105357832,0.387219339412921,0.908887252948427,0.822531006673296,0.0396206267803046,8,0.706010106676391,1,0.9375
"55804_9",0.442767676369392,0.875349957032623,0.0756453580184584,0.799252160012571,0.107812328403302,0.0416555392124712,0.0969193517933881,0.0392980727684801,0.698486891756994,0.797463516278586,0.23544848717808,0.493979790286885,0.0601767621874087,0.467170125822709,0.58097042454283,0.0806284595466824,0.258039338620421,0.35296105357832,0.387219339412921,0.908887252948427,0.822531006673296,0.0396206267803046,8,0.706010106676391,1,1
"60700_1",0.411566763917147,0.227977946194699,0.166600767015133,0.78970699040954,0.0515139578494417,0.0497985410004848,0.00518808467170727,0.607902634706094,0.917460411545355,0.80630160546734,0.422146194568709,0.46533578086501,0.0901319515245571,0.233002556729389,0.198011849148618,0.230632268310321,0.352183876080426,0.0758463112949918,0.321899033752665,0.888668412323213,0.797651696169679,0.116615676082054,8,0.544010325902973,1,0.5
"60700_2",0.411566763917147,0.227977946194699,0.166600767015133,0.78970699040954,0.0515139578494417,0.0497985410004848,0.00518808467170727,0.607902634706094,0.917460411545355,0.80630160546734,0.422146194568709,0.46533578086501,0.0901319515245571,0.233002556729389,0.198011849148618,0.230632268310321,0.352183876080426,0.0758463112949918,0.321899033752665,0.888668412323213,0.797651696169679,0.116615676082054,8,0.544010325902973,1,0.5625
"60700_3",0.411566763917147,0.227977946194699,0.166600767015133,0.78970699040954,0.0515139578494417,0.0497985410004848,0.00518808467170727,0.607902634706094,0.917460411545355,0.80630160546734,0.422146194568709,0.46533578086501,0.0901319515245571,0.233002556729389,0.198011849148618,0.230632268310321,0.352183876080426,0.0758463112949918,0.321899033752665,0.888668412323213,0.797651696169679,0.116615676082054,8,0.544010325902973,1,0.625
"60700_4",0.411566763917147,0.227977946194699,0.166600767015133,0.78970699040954,0.0515139578494417,0.0497985410004848,0.00518808467170727,0.607902634706094,0.917460411545355,0.80630160546734,0.422146194568709,0.46533578086501,0.0901319515245571,0.233002556729389,0.198011849148618,0.230632268310321,0.352183876080426,0.0758463112949918,0.321899033752665,0.888668412323213,0.797651696169679,0.116615676082054,8,0.544010325902973,1,0.6875
"60700_5",0.411566763917147,0.227977946194699,0.166600767015133,0.78970699040954,0.0515139578494417,0.0497985410004848,0.00518808467170727,0.607902634706094,0.917460411545355,0.80630160546734,0.422146194568709,0.46533578086501,0.0901319515245571,0.233002556729389,0.198011849148618,0.230632268310321,0.352183876080426,0.0758463112949918,0.321899033752665,0.888668412323213,0.797651696169679,0.116615676082054,8,0.544010325902973,1,0.75
"60700_6",0.411566763917147,0.227977946194699,0.166600767015133,0.78970699040954,0.0515139578494417,0.0497985410004848,0.00518808467170727,0.607902634706094,0.917460411545355,0.80630160546734,0.422146194568709,0.46533578086501,0.0901319515245571,0.233002556729389,0.198011849148618,0.230632268310321,0.352183876080426,0.0758463112949918,0.321899033752665,0.888668412323213,0.797651696169679,0.116615676082054,8,0.544010325902973,1,0.8125
"60700_7",0.411566763917147,0.227977946194699,0.166600767015133,0.78970699040954,0.0515139578494417,0.0497985410004848,0.00518808467170727,0.607902634706094,0.917460411545355,0.80630160546734,0.422146194568709,0.46533578086501,0.0901319515245571,0.233002556729389,0.198011849148618,0.230632268310321,0.352183876080426,0.0758463112949918,0.321899033752665,0.888668412323213,0.797651696169679,0.116615676082054,8,0.544010325902973,1,0.875
"60700_8",0.411566763917147,0.227977946194699,0.166600767015133,0.78970699040954,0.0515139578494417,0.0497985410004848,0.00518808467170727,0.607902634706094,0.917460411545355,0.80630160546734,0.422146194568709,0.46533578086501,0.0901319515245571,0.233002556729389,0.198011849148618,0.230632268310321,0.352183876080426,0.0758463112949918,0.321899033752665,0.888668412323213,0.797651696169679,0.116615676082054,8,0.544010325902973,1,0.9375
"60700_9",0.411566763917147,0.227977946194699,0.166600767015133,0.78970699040954,0.0515139578494417,0.0497985410004848,0.00518808467170727,0.607902634706094,0.917460411545355,0.80630160546734,0.422146194568709,0.46533578086501,0.0901319515245571,0.233002556729389,0.198011849148618,0.230632268310321,0.352183876080426,0.0758463112949918,0.321899033752665,0.888668412323213,0.797651696169679,0.116615676082054,8,0.544010325902973,1,1
"61007_1",0.233123596725434,0.0372622394030332,0.0213491773974546,0.799590003144153,0.0238929585016354,0.0157088312137264,0.0013882990025036,0.58507567444812,0.647131614346295,0.687166129637307,0.505626025817413,0.565310181566526,0.0480995097358781,0.237281756535529,0.0866655317267752,0.256317703882209,0.169870623379647,0.308221687746072,0.381745007373192,0.535798121516402,0.951609082701628,0.23548889442406,29,0.666795480885317,1,0.5
"61007_2",0.233123596725434,0.0372622394030332,0.0213491773974546,0.799590003144153,0.0238929585016354,0.0157088312137264,0.0013882990025036,0.58507567444812,0.647131614346295,0.687166129637307,0.505626025817413,0.565310181566526,0.0480995097358781,0.237281756535529,0.0866655317267752,0.256317703882209,0.169870623379647,0.308221687746072,0.381745007373192,0.535798121516402,0.951609082701628,0.23548889442406,29,0.666795480885317,1,0.5625
"61007_3",0.233123596725434,0.0372622394030332,0.0213491773974546,0.799590003144153,0.0238929585016354,0.0157088312137264,0.0013882990025036,0.58507567444812,0.647131614346295,0.687166129637307,0.505626025817413,0.565310181566526,0.0480995097358781,0.237281756535529,0.0866655317267752,0.256317703882209,0.169870623379647,0.308221687746072,0.381745007373192,0.535798121516402,0.951609082701628,0.23548889442406,29,0.666795480885317,1,0.625
"61007_4",0.233123596725434,0.0372622394030332,0.0213491773974546,0.799590003144153,0.0238929585016354,0.0157088312137264,0.0013882990025036,0.58507567444812,0.647131614346295,0.687166129637307,0.505626025817413,0.565310181566526,0.0480995097358781,0.237281756535529,0.0866655317267752,0.256317703882209,0.169870623379647,0.308221687746072,0.381745007373192,0.535798121516402,0.951609082701628,0.23548889442406,29,0.666795480885317,1,0.6875
"61007_5",0.233123596725434,0.0372622394030332,0.0213491773974546,0.799590003144153,0.0238929585016354,0.0157088312137264,0.0013882990025036,0.58507567444812,0.647131614346295,0.687166129637307,0.505626025817413,0.565310181566526,0.0480995097358781,0.237281756535529,0.0866655317267752,0.256317703882209,0.169870623379647,0.308221687746072,0.381745007373192,0.535798121516402,0.951609082701628,0.23548889442406,29,0.666795480885317,1,0.75
"61007_6",0.233123596725434,0.0372622394030332,0.0213491773974546,0.799590003144153,0.0238929585016354,0.0157088312137264,0.0013882990025036,0.58507567444812,0.647131614346295,0.687166129637307,0.505626025817413,0.565310181566526,0.0480995097358781,0.237281756535529,0.0866655317267752,0.256317703882209,0.169870623379647,0.308221687746072,0.381745007373192,0.535798121516402,0.951609082701628,0.23548889442406,29,0.666795480885317,1,0.8125
"61007_7",0.233123596725434,0.0372622394030332,0.0213491773974546,0.799590003144153,0.0238929585016354,0.0157088312137264,0.0013882990025036,0.58507567444812,0.647131614346295,0.687166129637307,0.505626025817413,0.565310181566526,0.0480995097358781,0.237281756535529,0.0866655317267752,0.256317703882209,0.169870623379647,0.308221687746072,0.381745007373192,0.535798121516402,0.951609082701628,0.23548889442406,29,0.666795480885317,1,0.875
"61007_8",0.233123596725434,0.0372622394030332,0.0213491773974546,0.799590003144153,0.0238929585016354,0.0157088312137264,0.0013882990025036,0.58507567444812,0.647131614346295,0.687166129637307,0.505626025817413,0.565310181566526,0.0480995097358781,0.237281756535529,0.0866655317267752,0.256317703882209,0.169870623379647,0.308221687746072,0.381745007373192,0.535798121516402,0.951609082701628,0.23548889442406,29,0.666795480885317,1,0.9375
"61007_9",0.233123596725434,0.0372622394030332,0.0213491773974546,0.799590003144153,0.0238929585016354,0.0157088312137264,0.0013882990025036,0.58507567444812,0.647131614346295,0.687166129637307,0.505626025817413,0.565310181566526,0.0480995097358781,0.237281756535529,0.0866655317267752,0.256317703882209,0.169870623379647,0.308221687746072,0.381745007373192,0.535798121516402,0.951609082701628,0.23548889442406,29,0.666795480885317,1,1
"62104_1",0.641667378099833,0.562412448865555,0.879555292416308,0.791678191029201,0.0111660341167233,0.0778326077301158,0.0349738260771442,0.747609410235442,0.715958967299548,0.836140165450177,0.103558884506512,0.013390730613647,0.361535488005893,0.416961717496202,0.310104275029448,0.327766765481102,0.0277254782211629,0.462328521244111,0.310160289606146,0.980337399062045,0.683701896784052,0.00717912155095662,11,0.464974763802844,1,0.5
"62104_2",0.641667378099833,0.562412448865555,0.879555292416308,0.791678191029201,0.0111660341167233,0.0778326077301158,0.0349738260771442,0.747609410235442,0.715958967299548,0.836140165450177,0.103558884506512,0.013390730613647,0.361535488005893,0.416961717496202,0.310104275029448,0.327766765481102,0.0277254782211629,0.462328521244111,0.310160289606146,0.980337399062045,0.683701896784052,0.00717912155095662,11,0.464974763802844,1,0.5625
"62104_3",0.641667378099833,0.562412448865555,0.879555292416308,0.791678191029201,0.0111660341167233,0.0778326077301158,0.0349738260771442,0.747609410235442,0.715958967299548,0.836140165450177,0.103558884506512,0.013390730613647,0.361535488005893,0.416961717496202,0.310104275029448,0.327766765481102,0.0277254782211629,0.462328521244111,0.310160289606146,0.980337399062045,0.683701896784052,0.00717912155095662,11,0.464974763802844,1,0.625
"62104_4",0.641667378099833,0.562412448865555,0.879555292416308,0.791678191029201,0.0111660341167233,0.0778326077301158,0.0349738260771442,0.747609410235442,0.715958967299548,0.836140165450177,0.103558884506512,0.013390730613647,0.361535488005893,0.416961717496202,0.310104275029448,0.327766765481102,0.0277254782211629,0.462328521244111,0.310160289606146,0.980337399062045,0.683701896784052,0.00717912155095662,11,0.464974763802844,1,0.6875
"62104_5",0.641667378099833,0.562412448865555,0.879555292416308,0.791678191029201,0.0111660341167233,0.0778326077301158,0.0349738260771442,0.747609410235442,0.715958967299548,0.836140165450177,0.103558884506512,0.013390730613647,0.361535488005893,0.416961717496202,0.310104275029448,0.327766765481102,0.0277254782211629,0.462328521244111,0.310160289606146,0.980337399062045,0.683701896784052,0.00717912155095662,11,0.464974763802844,1,0.75
"62104_6",0.641667378099833,0.562412448865555,0.879555292416308,0.791678191029201,0.0111660341167233,0.0778326077301158,0.0349738260771442,0.747609410235442,0.715958967299548,0.836140165450177,0.103558884506512,0.013390730613647,0.361535488005893,0.416961717496202,0.310104275029448,0.327766765481102,0.0277254782211629,0.462328521244111,0.310160289606146,0.980337399062045,0.683701896784052,0.00717912155095662,11,0.464974763802844,1,0.8125
"62104_7",0.641667378099833,0.562412448865555,0.879555292416308,0.791678191029201,0.0111660341167233,0.0778326077301158,0.0349738260771442,0.747609410235442,0.715958967299548,0.836140165450177,0.103558884506512,0.013390730613647,0.361535488005893,0.416961717496202,0.310104275029448,0.327766765481102,0.0277254782211629,0.462328521244111,0.310160289606146,0.980337399062045,0.683701896784052,0.00717912155095662,11,0.464974763802844,1,0.875
"62104_8",0.641667378099833,0.562412448865555,0.879555292416308,0.791678191029201,0.0111660341167233,0.0778326077301158,0.0349738260771442,0.747609410235442,0.715958967299548,0.836140165450177,0.103558884506512,0.013390730613647,0.361535488005893,0.416961717496202,0.310104275029448,0.327766765481102,0.0277254782211629,0.462328521244111,0.310160289606146,0.980337399062045,0.683701896784052,0.00717912155095662,11,0.464974763802844,1,0.9375
"62104_9",0.641667378099833,0.562412448865555,0.879555292416308,0.791678191029201,0.0111660341167233,0.0778326077301158,0.0349738260771442,0.747609410235442,0.715958967299548,0.836140165450177,0.103558884506512,0.013390730613647,0.361535488005893,0.416961717496202,0.310104275029448,0.327766765481102,0.0277254782211629,0.462328521244111,0.310160289606146,0.980337399062045,0.683701896784052,0.00717912155095662,11,0.464974763802844,1,1
"62308_1",0.73537951387486,0.739835957456888,0.111828138161388,0.976665072507306,0.0456990080091295,0.00804104339069584,0.00756579545407612,0.0370932937596994,0.127415307182241,0.985735801881538,0.477809612292305,0.32620966519186,0.0869523664297792,0.323095825473901,0.432903972550458,0.0398605979894963,0.464895047940665,0.333328961862421,0.0374062981923844,0.696893098546742,0.508105867578512,0.0919207470351423,10,0.0805769028578047,1,0.5
"62308_2",0.73537951387486,0.739835957456888,0.111828138161388,0.976665072507306,0.0456990080091295,0.00804104339069584,0.00756579545407612,0.0370932937596994,0.127415307182241,0.985735801881538,0.477809612292305,0.32620966519186,0.0869523664297792,0.323095825473901,0.432903972550458,0.0398605979894963,0.464895047940665,0.333328961862421,0.0374062981923844,0.696893098546742,0.508105867578512,0.0919207470351423,10,0.0805769028578047,1,0.5625
"62308_3",0.73537951387486,0.739835957456888,0.111828138161388,0.976665072507306,0.0456990080091295,0.00804104339069584,0.00756579545407612,0.0370932937596994,0.127415307182241,0.985735801881538,0.477809612292305,0.32620966519186,0.0869523664297792,0.323095825473901,0.432903972550458,0.0398605979894963,0.464895047940665,0.333328961862421,0.0374062981923844,0.696893098546742,0.508105867578512,0.0919207470351423,10,0.0805769028578047,1,0.625
"62308_4",0.73537951387486,0.739835957456888,0.111828138161388,0.976665072507306,0.0456990080091295,0.00804104339069584,0.00756579545407612,0.0370932937596994,0.127415307182241,0.985735801881538,0.477809612292305,0.32620966519186,0.0869523664297792,0.323095825473901,0.432903972550458,0.0398605979894963,0.464895047940665,0.333328961862421,0.0374062981923844,0.696893098546742,0.508105867578512,0.0919207470351423,10,0.0805769028578047,1,0.6875
"62308_5",0.73537951387486,0.739835957456888,0.111828138161388,0.976665072507306,0.0456990080091295,0.00804104339069584,0.00756579545407612,0.0370932937596994,0.127415307182241,0.985735801881538,0.477809612292305,0.32620966519186,0.0869523664297792,0.323095825473901,0.432903972550458,0.0398605979894963,0.464895047940665,0.333328961862421,0.0374062981923844,0.696893098546742,0.508105867578512,0.0919207470351423,10,0.0805769028578047,1,0.75
"62308_6",0.73537951387486,0.739835957456888,0.111828138161388,0.976665072507306,0.0456990080091295,0.00804104339069584,0.00756579545407612,0.0370932937596994,0.127415307182241,0.985735801881538,0.477809612292305,0.32620966519186,0.0869523664297792,0.323095825473901,0.432903972550458,0.0398605979894963,0.464895047940665,0.333328961862421,0.0374062981923844,0.696893098546742,0.508105867578512,0.0919207470351423,10,0.0805769028578047,1,0.8125
"62308_7",0.73537951387486,0.739835957456888,0.111828138161388,0.976665072507306,0.0456990080091295,0.00804104339069584,0.00756579545407612,0.0370932937596994,0.127415307182241,0.985735801881538,0.477809612292305,0.32620966519186,0.0869523664297792,0.323095825473901,0.432903972550458,0.0398605979894963,0.464895047940665,0.333328961862421,0.0374062981923844,0.696893098546742,0.508105867578512,0.0919207470351423,10,0.0805769028578047,1,0.875
"62308_8",0.73537951387486,0.739835957456888,0.111828138161388,0.976665072507306,0.0456990080091295,0.00804104339069584,0.00756579545407612,0.0370932937596994,0.127415307182241,0.985735801881538,0.477809612292305,0.32620966519186,0.0869523664297792,0.323095825473901,0.432903972550458,0.0398605979894963,0.464895047940665,0.333328961862421,0.0374062981923844,0.696893098546742,0.508105867578512,0.0919207470351423,10,0.0805769028578047,1,0.9375
"62308_9",0.73537951387486,0.739835957456888,0.111828138161388,0.976665072507306,0.0456990080091295,0.00804104339069584,0.00756579545407612,0.0370932937596994,0.127415307182241,0.985735801881538,0.477809612292305,0.32620966519186,0.0869523664297792,0.323095825473901,0.432903972550458,0.0398605979894963,0.464895047940665,0.333328961862421,0.0374062981923844,0.696893098546742,0.508105867578512,0.0919207470351423,10,0.0805769028578047,1,1
"67005_1",0.469478088618396,0.765616164485323,0.110854765914495,0.724737508551853,0.0848002299009226,0.0521294934716742,0.100458104072384,0.624196397663355,0.572801081939498,0.54728401771728,0.26069036514109,0.473507611916051,0.00264504436234245,0.323377689682439,0.188527361770442,0.0278543611925782,0.235704584570677,0.31855501310923,0.361667270689342,0.758622445198268,0.93351678929479,0.0185171889538277,21,0.374575856419348,1,0.5
"67005_2",0.469478088618396,0.765616164485323,0.110854765914495,0.724737508551853,0.0848002299009226,0.0521294934716742,0.100458104072384,0.624196397663355,0.572801081939498,0.54728401771728,0.26069036514109,0.473507611916051,0.00264504436234245,0.323377689682439,0.188527361770442,0.0278543611925782,0.235704584570677,0.31855501310923,0.361667270689342,0.758622445198268,0.93351678929479,0.0185171889538277,21,0.374575856419348,1,0.5625
"67005_3",0.469478088618396,0.765616164485323,0.110854765914495,0.724737508551853,0.0848002299009226,0.0521294934716742,0.100458104072384,0.624196397663355,0.572801081939498,0.54728401771728,0.26069036514109,0.473507611916051,0.00264504436234245,0.323377689682439,0.188527361770442,0.0278543611925782,0.235704584570677,0.31855501310923,0.361667270689342,0.758622445198268,0.93351678929479,0.0185171889538277,21,0.374575856419348,1,0.625
"67005_4",0.469478088618396,0.765616164485323,0.110854765914495,0.724737508551853,0.0848002299009226,0.0521294934716742,0.100458104072384,0.624196397663355,0.572801081939498,0.54728401771728,0.26069036514109,0.473507611916051,0.00264504436234245,0.323377689682439,0.188527361770442,0.0278543611925782,0.235704584570677,0.31855501310923,0.361667270689342,0.758622445198268,0.93351678929479,0.0185171889538277,21,0.374575856419348,1,0.6875
"67005_5",0.469478088618396,0.765616164485323,0.110854765914495,0.724737508551853,0.0848002299009226,0.0521294934716742,0.100458104072384,0.624196397663355,0.572801081939498,0.54728401771728,0.26069036514109,0.473507611916051,0.00264504436234245,0.323377689682439,0.188527361770442,0.0278543611925782,0.235704584570677,0.31855501310923,0.361667270689342,0.758622445198268,0.93351678929479,0.0185171889538277,21,0.374575856419348,1,0.75
"67005_6",0.469478088618396,0.765616164485323,0.110854765914495,0.724737508551853,0.0848002299009226,0.0521294934716742,0.100458104072384,0.624196397663355,0.572801081939498,0.54728401771728,0.26069036514109,0.473507611916051,0.00264504436234245,0.323377689682439,0.188527361770442,0.0278543611925782,0.235704584570677,0.31855501310923,0.361667270689342,0.758622445198268,0.93351678929479,0.0185171889538277,21,0.374575856419348,1,0.8125
"67005_7",0.469478088618396,0.765616164485323,0.110854765914495,0.724737508551853,0.0848002299009226,0.0521294934716742,0.100458104072384,0.624196397663355,0.572801081939498,0.54728401771728,0.26069036514109,0.473507611916051,0.00264504436234245,0.323377689682439,0.188527361770442,0.0278543611925782,0.235704584570677,0.31855501310923,0.361667270689342,0.758622445198268,0.93351678929479,0.0185171889538277,21,0.374575856419348,1,0.875
"67005_8",0.469478088618396,0.765616164485323,0.110854765914495,0.724737508551853,0.0848002299009226,0.0521294934716742,0.100458104072384,0.624196397663355,0.572801081939498,0.54728401771728,0.26069036514109,0.473507611916051,0.00264504436234245,0.323377689682439,0.188527361770442,0.0278543611925782,0.235704584570677,0.31855501310923,0.361667270689342,0.758622445198268,0.93351678929479,0.0185171889538277,21,0.374575856419348,1,0.9375
"67005_9",0.469478088618396,0.765616164485323,0.110854765914495,0.724737508551853,0.0848002299009226,0.0521294934716742,0.100458104072384,0.624196397663355,0.572801081939498,0.54728401771728,0.26069036514109,0.473507611916051,0.00264504436234245,0.323377689682439,0.188527361770442,0.0278543611925782,0.235704584570677,0.31855501310923,0.361667270689342,0.758622445198268,0.93351678929479,0.0185171889538277,21,0.374575856419348,1,1
"68205_1",0.641764976079778,0.683381366234666,0.0822253536283947,0.523781061748003,0.0593801447732298,0.09311543932472,0.0967917593084349,0.469865105794102,0.0714636540236114,0.858763753228816,0.892462688192034,0.311931285862315,0.0541695694031916,0.274785841118684,0.469820118374061,0.179583045036251,0.321795466288669,0.123102409351874,0.36179651014597,0.759821592170565,0.606519956165534,0.175937059418144,12,0.310804939141527,1,0.5
"68205_2",0.641764976079778,0.683381366234666,0.0822253536283947,0.523781061748003,0.0593801447732298,0.09311543932472,0.0967917593084349,0.469865105794102,0.0714636540236114,0.858763753228816,0.892462688192034,0.311931285862315,0.0541695694031916,0.274785841118684,0.469820118374061,0.179583045036251,0.321795466288669,0.123102409351874,0.36179651014597,0.759821592170565,0.606519956165534,0.175937059418144,12,0.310804939141527,1,0.5625
"68205_3",0.641764976079778,0.683381366234666,0.0822253536283947,0.523781061748003,0.0593801447732298,0.09311543932472,0.0967917593084349,0.469865105794102,0.0714636540236114,0.858763753228816,0.892462688192034,0.311931285862315,0.0541695694031916,0.274785841118684,0.469820118374061,0.179583045036251,0.321795466288669,0.123102409351874,0.36179651014597,0.759821592170565,0.606519956165534,0.175937059418144,12,0.310804939141527,1,0.625
"68205_4",0.641764976079778,0.683381366234666,0.0822253536283947,0.523781061748003,0.0593801447732298,0.09311543932472,0.0967917593084349,0.469865105794102,0.0714636540236114,0.858763753228816,0.892462688192034,0.311931285862315,0.0541695694031916,0.274785841118684,0.469820118374061,0.179583045036251,0.321795466288669,0.123102409351874,0.36179651014597,0.759821592170565,0.606519956165534,0.175937059418144,12,0.310804939141527,1,0.6875
"68205_5",0.641764976079778,0.683381366234666,0.0822253536283947,0.523781061748003,0.0593801447732298,0.09311543932472,0.0967917593084349,0.469865105794102,0.0714636540236114,0.858763753228816,0.892462688192034,0.311931285862315,0.0541695694031916,0.274785841118684,0.469820118374061,0.179583045036251,0.321795466288669,0.123102409351874,0.36179651014597,0.759821592170565,0.606519956165534,0.175937059418144,12,0.310804939141527,1,0.75
"68205_6",0.641764976079778,0.683381366234666,0.0822253536283947,0.523781061748003,0.0593801447732298,0.09311543932472,0.0967917593084349,0.469865105794102,0.0714636540236114,0.858763753228816,0.892462688192034,0.311931285862315,0.0541695694031916,0.274785841118684,0.469820118374061,0.179583045036251,0.321795466288669,0.123102409351874,0.36179651014597,0.759821592170565,0.606519956165534,0.175937059418144,12,0.310804939141527,1,0.8125
"68205_7",0.641764976079778,0.683381366234666,0.0822253536283947,0.523781061748003,0.0593801447732298,0.09311543932472,0.0967917593084349,0.469865105794102,0.0714636540236114,0.858763753228816,0.892462688192034,0.311931285862315,0.0541695694031916,0.274785841118684,0.469820118374061,0.179583045036251,0.321795466288669,0.123102409351874,0.36179651014597,0.759821592170565,0.606519956165534,0.175937059418144,12,0.310804939141527,1,0.875
"68205_8",0.641764976079778,0.683381366234666,0.0822253536283947,0.523781061748003,0.0593801447732298,0.09311543932472,0.0967917593084349,0.469865105794102,0.0714636540236114,0.858763753228816,0.892462688192034,0.311931285862315,0.0541695694031916,0.274785841118684,0.469820118374061,0.179583045036251,0.321795466288669,0.123102409351874,0.36179651014597,0.759821592170565,0.606519956165534,0.175937059418144,12,0.310804939141527,1,0.9375
"68205_9",0.641764976079778,0.683381366234666,0.0822253536283947,0.523781061748003,0.0593801447732298,0.09311543932472,0.0967917593084349,0.469865105794102,0.0714636540236114,0.858763753228816,0.892462688192034,0.311931285862315,0.0541695694031916,0.274785841118684,0.469820118374061,0.179583045036251,0.321795466288669,0.123102409351874,0.36179651014597,0.759821592170565,0.606519956165534,0.175937059418144,12,0.310804939141527,1,1
"75801_1",0.751988548534755,0.24313529289688,0.107060400211799,0.576931845519772,0.0592385384626013,0.0112866089499199,0.00134814718851596,0.71908256132809,0.801876448855847,0.893229126113397,0.513467947837287,0.287490925216605,0.269996548523626,0.688627457592506,0.104557608199785,0.252101349915409,0.0828337428664463,0.153794671040875,0.489139633190465,0.967671656560936,0.914913647896679,0.0514547575580189,26,0.860335313255265,1,0.5
"75801_2",0.751988548534755,0.24313529289688,0.107060400211799,0.576931845519772,0.0592385384626013,0.0112866089499199,0.00134814718851596,0.71908256132809,0.801876448855847,0.893229126113397,0.513467947837287,0.287490925216605,0.269996548523626,0.688627457592506,0.104557608199785,0.252101349915409,0.0828337428664463,0.153794671040875,0.489139633190465,0.967671656560936,0.914913647896679,0.0514547575580189,26,0.860335313255265,1,0.5625
"75801_3",0.751988548534755,0.24313529289688,0.107060400211799,0.576931845519772,0.0592385384626013,0.0112866089499199,0.00134814718851596,0.71908256132809,0.801876448855847,0.893229126113397,0.513467947837287,0.287490925216605,0.269996548523626,0.688627457592506,0.104557608199785,0.252101349915409,0.0828337428664463,0.153794671040875,0.489139633190465,0.967671656560936,0.914913647896679,0.0514547575580189,26,0.860335313255265,1,0.625
"75801_4",0.751988548534755,0.24313529289688,0.107060400211799,0.576931845519772,0.0592385384626013,0.0112866089499199,0.00134814718851596,0.71908256132809,0.801876448855847,0.893229126113397,0.513467947837287,0.287490925216605,0.269996548523626,0.688627457592506,0.104557608199785,0.252101349915409,0.0828337428664463,0.153794671040875,0.489139633190465,0.967671656560936,0.914913647896679,0.0514547575580189,26,0.860335313255265,1,0.6875
"75801_5",0.751988548534755,0.24313529289688,0.107060400211799,0.576931845519772,0.0592385384626013,0.0112866089499199,0.00134814718851596,0.71908256132809,0.801876448855847,0.893229126113397,0.513467947837287,0.287490925216605,0.269996548523626,0.688627457592506,0.104557608199785,0.252101349915409,0.0828337428664463,0.153794671040875,0.489139633190465,0.967671656560936,0.914913647896679,0.0514547575580189,26,0.860335313255265,1,0.75
"75801_6",0.751988548534755,0.24313529289688,0.107060400211799,0.576931845519772,0.0592385384626013,0.0112866089499199,0.00134814718851596,0.71908256132809,0.801876448855847,0.893229126113397,0.513467947837287,0.287490925216605,0.269996548523626,0.688627457592506,0.104557608199785,0.252101349915409,0.0828337428664463,0.153794671040875,0.489139633190465,0.967671656560936,0.914913647896679,0.0514547575580189,26,0.860335313255265,1,0.8125
"75801_7",0.751988548534755,0.24313529289688,0.107060400211799,0.576931845519772,0.0592385384626013,0.0112866089499199,0.00134814718851596,0.71908256132809,0.801876448855847,0.893229126113397,0.513467947837287,0.287490925216605,0.269996548523626,0.688627457592506,0.104557608199785,0.252101349915409,0.0828337428664463,0.153794671040875,0.489139633190465,0.967671656560936,0.914913647896679,0.0514547575580189,26,0.860335313255265,1,0.875
"75801_8",0.751988548534755,0.24313529289688,0.107060400211799,0.576931845519772,0.0592385384626013,0.0112866089499199,0.00134814718851596,0.71908256132809,0.801876448855847,0.893229126113397,0.513467947837287,0.287490925216605,0.269996548523626,0.688627457592506,0.104557608199785,0.252101349915409,0.0828337428664463,0.153794671040875,0.489139633190465,0.967671656560936,0.914913647896679,0.0514547575580189,26,0.860335313255265,1,0.9375
"75801_9",0.751988548534755,0.24313529289688,0.107060400211799,0.576931845519772,0.0592385384626013,0.0112866089499199,0.00134814718851596,0.71908256132809,0.801876448855847,0.893229126113397,0.513467947837287,0.287490925216605,0.269996548523626,0.688627457592506,0.104557608199785,0.252101349915409,0.0828337428664463,0.153794671040875,0.489139633190465,0.967671656560936,0.914913647896679,0.0514547575580189,26,0.860335313255265,1,1
"76201_1",0.834769443792014,0.249160118136595,0.0756150118695036,0.516149862402395,0.0260489515206677,0.086309824207062,0.0407589541131131,0.16979547758759,0.245864200619755,0.642128744742714,0.424730046641242,0.315239977988794,0.00047810334949987,0.0486055793722277,0.685545340058734,0.117104238313168,0.0466620619161963,0.478636552880462,0.395750778113974,0.942245441174866,0.724951673549069,0.197852090370521,9,0.163547842851093,1,0.5
"76201_2",0.834769443792014,0.249160118136595,0.0756150118695036,0.516149862402395,0.0260489515206677,0.086309824207062,0.0407589541131131,0.16979547758759,0.245864200619755,0.642128744742714,0.424730046641242,0.315239977988794,0.00047810334949987,0.0486055793722277,0.685545340058734,0.117104238313168,0.0466620619161963,0.478636552880462,0.395750778113974,0.942245441174866,0.724951673549069,0.197852090370521,9,0.163547842851093,1,0.5625
"76201_3",0.834769443792014,0.249160118136595,0.0756150118695036,0.516149862402395,0.0260489515206677,0.086309824207062,0.0407589541131131,0.16979547758759,0.245864200619755,0.642128744742714,0.424730046641242,0.315239977988794,0.00047810334949987,0.0486055793722277,0.685545340058734,0.117104238313168,0.0466620619161963,0.478636552880462,0.395750778113974,0.942245441174866,0.724951673549069,0.197852090370521,9,0.163547842851093,1,0.625
"76201_4",0.834769443792014,0.249160118136595,0.0756150118695036,0.516149862402395,0.0260489515206677,0.086309824207062,0.0407589541131131,0.16979547758759,0.245864200619755,0.642128744742714,0.424730046641242,0.315239977988794,0.00047810334949987,0.0486055793722277,0.685545340058734,0.117104238313168,0.0466620619161963,0.478636552880462,0.395750778113974,0.942245441174866,0.724951673549069,0.197852090370521,9,0.163547842851093,1,0.6875
"76201_5",0.834769443792014,0.249160118136595,0.0756150118695036,0.516149862402395,0.0260489515206677,0.086309824207062,0.0407589541131131,0.16979547758759,0.245864200619755,0.642128744742714,0.424730046641242,0.315239977988794,0.00047810334949987,0.0486055793722277,0.685545340058734,0.117104238313168,0.0466620619161963,0.478636552880462,0.395750778113974,0.942245441174866,0.724951673549069,0.197852090370521,9,0.163547842851093,1,0.75
"76201_6",0.834769443792014,0.249160118136595,0.0756150118695036,0.516149862402395,0.0260489515206677,0.086309824207062,0.0407589541131131,0.16979547758759,0.245864200619755,0.642128744742714,0.424730046641242,0.315239977988794,0.00047810334949987,0.0486055793722277,0.685545340058734,0.117104238313168,0.0466620619161963,0.478636552880462,0.395750778113974,0.942245441174866,0.724951673549069,0.197852090370521,9,0.163547842851093,1,0.8125
"76201_7",0.834769443792014,0.249160118136595,0.0756150118695036,0.516149862402395,0.0260489515206677,0.086309824207062,0.0407589541131131,0.16979547758759,0.245864200619755,0.642128744742714,0.424730046641242,0.315239977988794,0.00047810334949987,0.0486055793722277,0.685545340058734,0.117104238313168,0.0466620619161963,0.478636552880462,0.395750778113974,0.942245441174866,0.724951673549069,0.197852090370521,9,0.163547842851093,1,0.875
"76201_8",0.834769443792014,0.249160118136595,0.0756150118695036,0.516149862402395,0.0260489515206677,0.086309824207062,0.0407589541131131,0.16979547758759,0.245864200619755,0.642128744742714,0.424730046641242,0.315239977988794,0.00047810334949987,0.0486055793722277,0.685545340058734,0.117104238313168,0.0466620619161963,0.478636552880462,0.395750778113974,0.942245441174866,0.724951673549069,0.197852090370521,9,0.163547842851093,1,0.9375
"76201_9",0.834769443792014,0.249160118136595,0.0756150118695036,0.516149862402395,0.0260489515206677,0.086309824207062,0.0407589541131131,0.16979547758759,0.245864200619755,0.642128744742714,0.424730046641242,0.315239977988794,0.00047810334949987,0.0486055793722277,0.685545340058734,0.117104238313168,0.0466620619161963,0.478636552880462,0.395750778113974,0.942245441174866,0.724951673549069,0.197852090370521,9,0.163547842851093,1,1
"79902_1",0.670453868472849,0.614099411844499,0.53030731829898,0.70367855797275,0.0311943175471268,0.0279051869542169,0.0219993234955718,0.614091572261243,0.466873738888251,0.858174315001192,0.0432790044953325,0.25208247791114,0.397220803680227,0.00473546806477942,0.25203164543641,0.0241982860383089,0.498043881985161,0.15894074737556,0.196865348858273,0.885080660437257,0.62687673446325,0.0760591061268683,6,0.0570562297967239,1,0.5
"79902_2",0.670453868472849,0.614099411844499,0.53030731829898,0.70367855797275,0.0311943175471268,0.0279051869542169,0.0219993234955718,0.614091572261243,0.466873738888251,0.858174315001192,0.0432790044953325,0.25208247791114,0.397220803680227,0.00473546806477942,0.25203164543641,0.0241982860383089,0.498043881985161,0.15894074737556,0.196865348858273,0.885080660437257,0.62687673446325,0.0760591061268683,6,0.0570562297967239,1,0.5625
"79902_3",0.670453868472849,0.614099411844499,0.53030731829898,0.70367855797275,0.0311943175471268,0.0279051869542169,0.0219993234955718,0.614091572261243,0.466873738888251,0.858174315001192,0.0432790044953325,0.25208247791114,0.397220803680227,0.00473546806477942,0.25203164543641,0.0241982860383089,0.498043881985161,0.15894074737556,0.196865348858273,0.885080660437257,0.62687673446325,0.0760591061268683,6,0.0570562297967239,1,0.625
"79902_4",0.670453868472849,0.614099411844499,0.53030731829898,0.70367855797275,0.0311943175471268,0.0279051869542169,0.0219993234955718,0.614091572261243,0.466873738888251,0.858174315001192,0.0432790044953325,0.25208247791114,0.397220803680227,0.00473546806477942,0.25203164543641,0.0241982860383089,0.498043881985161,0.15894074737556,0.196865348858273,0.885080660437257,0.62687673446325,0.0760591061268683,6,0.0570562297967239,1,0.6875
"79902_5",0.670453868472849,0.614099411844499,0.53030731829898,0.70367855797275,0.0311943175471268,0.0279051869542169,0.0219993234955718,0.614091572261243,0.466873738888251,0.858174315001192,0.0432790044953325,0.25208247791114,0.397220803680227,0.00473546806477942,0.25203164543641,0.0241982860383089,0.498043881985161,0.15894074737556,0.196865348858273,0.885080660437257,0.62687673446325,0.0760591061268683,6,0.0570562297967239,1,0.75
"79902_6",0.670453868472849,0.614099411844499,0.53030731829898,0.70367855797275,0.0311943175471268,0.0279051869542169,0.0219993234955718,0.614091572261243,0.466873738888251,0.858174315001192,0.0432790044953325,0.25208247791114,0.397220803680227,0.00473546806477942,0.25203164543641,0.0241982860383089,0.498043881985161,0.15894074737556,0.196865348858273,0.885080660437257,0.62687673446325,0.0760591061268683,6,0.0570562297967239,1,0.8125
"79902_7",0.670453868472849,0.614099411844499,0.53030731829898,0.70367855797275,0.0311943175471268,0.0279051869542169,0.0219993234955718,0.614091572261243,0.466873738888251,0.858174315001192,0.0432790044953325,0.25208247791114,0.397220803680227,0.00473546806477942,0.25203164543641,0.0241982860383089,0.498043881985161,0.15894074737556,0.196865348858273,0.885080660437257,0.62687673446325,0.0760591061268683,6,0.0570562297967239,1,0.875
"79902_8",0.670453868472849,0.614099411844499,0.53030731829898,0.70367855797275,0.0311943175471268,0.0279051869542169,0.0219993234955718,0.614091572261243,0.466873738888251,0.858174315001192,0.0432790044953325,0.25208247791114,0.397220803680227,0.00473546806477942,0.25203164543641,0.0241982860383089,0.498043881985161,0.15894074737556,0.196865348858273,0.885080660437257,0.62687673446325,0.0760591061268683,6,0.0570562297967239,1,0.9375
"79902_9",0.670453868472849,0.614099411844499,0.53030731829898,0.70367855797275,0.0311943175471268,0.0279051869542169,0.0219993234955718,0.614091572261243,0.466873738888251,0.858174315001192,0.0432790044953325,0.25208247791114,0.397220803680227,0.00473546806477942,0.25203164543641,0.0241982860383089,0.498043881985161,0.15894074737556,0.196865348858273,0.885080660437257,0.62687673446325,0.0760591061268683,6,0.0570562297967239,1,1
"81709_1",0.600089671819333,0.199846059584008,0.392338654726751,0.615872222904083,0.0815243850767537,0.0759437068953915,0.0119855727154177,0.870631146438837,0.938125391802094,0.582896113987465,0.576613908594928,0.607603855168312,0.373355446954728,0.0414406254810281,0.883178567940562,0.29251504941021,0.391947662167709,0.184418746459093,0.406890014996282,0.998375612227395,0.540822152055388,0.0582511740326619,15,0.937230771715378,1,0.5
"81709_2",0.600089671819333,0.199846059584008,0.392338654726751,0.615872222904083,0.0815243850767537,0.0759437068953915,0.0119855727154177,0.870631146438837,0.938125391802094,0.582896113987465,0.576613908594928,0.607603855168312,0.373355446954728,0.0414406254810281,0.883178567940562,0.29251504941021,0.391947662167709,0.184418746459093,0.406890014996282,0.998375612227395,0.540822152055388,0.0582511740326619,15,0.937230771715378,1,0.5625
"81709_3",0.600089671819333,0.199846059584008,0.392338654726751,0.615872222904083,0.0815243850767537,0.0759437068953915,0.0119855727154177,0.870631146438837,0.938125391802094,0.582896113987465,0.576613908594928,0.607603855168312,0.373355446954728,0.0414406254810281,0.883178567940562,0.29251504941021,0.391947662167709,0.184418746459093,0.406890014996282,0.998375612227395,0.540822152055388,0.0582511740326619,15,0.937230771715378,1,0.625
"81709_4",0.600089671819333,0.199846059584008,0.392338654726751,0.615872222904083,0.0815243850767537,0.0759437068953915,0.0119855727154177,0.870631146438837,0.938125391802094,0.582896113987465,0.576613908594928,0.607603855168312,0.373355446954728,0.0414406254810281,0.883178567940562,0.29251504941021,0.391947662167709,0.184418746459093,0.406890014996282,0.998375612227395,0.540822152055388,0.0582511740326619,15,0.937230771715378,1,0.6875
"81709_5",0.600089671819333,0.199846059584008,0.392338654726751,0.615872222904083,0.0815243850767537,0.0759437068953915,0.0119855727154177,0.870631146438837,0.938125391802094,0.582896113987465,0.576613908594928,0.607603855168312,0.373355446954728,0.0414406254810281,0.883178567940562,0.29251504941021,0.391947662167709,0.184418746459093,0.406890014996282,0.998375612227395,0.540822152055388,0.0582511740326619,15,0.937230771715378,1,0.75
"81709_6",0.600089671819333,0.199846059584008,0.392338654726751,0.615872222904083,0.0815243850767537,0.0759437068953915,0.0119855727154177,0.870631146438837,0.938125391802094,0.582896113987465,0.576613908594928,0.607603855168312,0.373355446954728,0.0414406254810281,0.883178567940562,0.29251504941021,0.391947662167709,0.184418746459093,0.406890014996282,0.998375612227395,0.540822152055388,0.0582511740326619,15,0.937230771715378,1,0.8125
"81709_7",0.600089671819333,0.199846059584008,0.392338654726751,0.615872222904083,0.0815243850767537,0.0759437068953915,0.0119855727154177,0.870631146438837,0.938125391802094,0.582896113987465,0.576613908594928,0.607603855168312,0.373355446954728,0.0414406254810281,0.883178567940562,0.29251504941021,0.391947662167709,0.184418746459093,0.406890014996282,0.998375612227395,0.540822152055388,0.0582511740326619,15,0.937230771715378,1,0.875
"81709_8",0.600089671819333,0.199846059584008,0.392338654726751,0.615872222904083,0.0815243850767537,0.0759437068953915,0.0119855727154177,0.870631146438837,0.938125391802094,0.582896113987465,0.576613908594928,0.607603855168312,0.373355446954728,0.0414406254810281,0.883178567940562,0.29251504941021,0.391947662167709,0.184418746459093,0.406890014996282,0.998375612227395,0.540822152055388,0.0582511740326619,15,0.937230771715378,1,0.9375
"81709_9",0.600089671819333,0.199846059584008,0.392338654726751,0.615872222904083,0.0815243850767537,0.0759437068953915,0.0119855727154177,0.870631146438837,0.938125391802094,0.582896113987465,0.576613908594928,0.607603855168312,0.373355446954728,0.0414406254810281,0.883178567940562,0.29251504941021,0.391947662167709,0.184418746459093,0.406890014996282,0.998375612227395,0.540822152055388,0.0582511740326619,15,0.937230771715378,1,1
"84007_1",0.179624601544719,0.731430758644598,0.0529424670191319,0.603801576296836,0.00948732867463119,0.0582522661756407,0.0873244890401121,0.48282956917875,0.116686349557769,0.431214098095708,0.989442195239712,0.0988195784342708,0.0616959031566349,0.120944053491182,0.556657768183232,0.476173797355994,0.0744588284378929,0.112934728886453,0.258297071286779,0.797448483455529,0.532318232373656,0.0908103317934345,22,0.686016618750896,1,0.5
"84007_2",0.179624601544719,0.731430758644598,0.0529424670191319,0.603801576296836,0.00948732867463119,0.0582522661756407,0.0873244890401121,0.48282956917875,0.116686349557769,0.431214098095708,0.989442195239712,0.0988195784342708,0.0616959031566349,0.120944053491182,0.556657768183232,0.476173797355994,0.0744588284378929,0.112934728886453,0.258297071286779,0.797448483455529,0.532318232373656,0.0908103317934345,22,0.686016618750896,1,0.5625
"84007_3",0.179624601544719,0.731430758644598,0.0529424670191319,0.603801576296836,0.00948732867463119,0.0582522661756407,0.0873244890401121,0.48282956917875,0.116686349557769,0.431214098095708,0.989442195239712,0.0988195784342708,0.0616959031566349,0.120944053491182,0.556657768183232,0.476173797355994,0.0744588284378929,0.112934728886453,0.258297071286779,0.797448483455529,0.532318232373656,0.0908103317934345,22,0.686016618750896,1,0.625
"84007_4",0.179624601544719,0.731430758644598,0.0529424670191319,0.603801576296836,0.00948732867463119,0.0582522661756407,0.0873244890401121,0.48282956917875,0.116686349557769,0.431214098095708,0.989442195239712,0.0988195784342708,0.0616959031566349,0.120944053491182,0.556657768183232,0.476173797355994,0.0744588284378929,0.112934728886453,0.258297071286779,0.797448483455529,0.532318232373656,0.0908103317934345,22,0.686016618750896,1,0.6875
"84007_5",0.179624601544719,0.731430758644598,0.0529424670191319,0.603801576296836,0.00948732867463119,0.0582522661756407,0.0873244890401121,0.48282956917875,0.116686349557769,0.431214098095708,0.989442195239712,0.0988195784342708,0.0616959031566349,0.120944053491182,0.556657768183232,0.476173797355994,0.0744588284378929,0.112934728886453,0.258297071286779,0.797448483455529,0.532318232373656,0.0908103317934345,22,0.686016618750896,1,0.75
"84007_6",0.179624601544719,0.731430758644598,0.0529424670191319,0.603801576296836,0.00948732867463119,0.0582522661756407,0.0873244890401121,0.48282956917875,0.116686349557769,0.431214098095708,0.989442195239712,0.0988195784342708,0.0616959031566349,0.120944053491182,0.556657768183232,0.476173797355994,0.0744588284378929,0.112934728886453,0.258297071286779,0.797448483455529,0.532318232373656,0.0908103317934345,22,0.686016618750896,1,0.8125
"84007_7",0.179624601544719,0.731430758644598,0.0529424670191319,0.603801576296836,0.00948732867463119,0.0582522661756407,0.0873244890401121,0.48282956917875,0.116686349557769,0.431214098095708,0.989442195239712,0.0988195784342708,0.0616959031566349,0.120944053491182,0.556657768183232,0.476173797355994,0.0744588284378929,0.112934728886453,0.258297071286779,0.797448483455529,0.532318232373656,0.0908103317934345,22,0.686016618750896,1,0.875
"84007_8",0.179624601544719,0.731430758644598,0.0529424670191319,0.603801576296836,0.00948732867463119,0.0582522661756407,0.0873244890401121,0.48282956917875,0.116686349557769,0.431214098095708,0.989442195239712,0.0988195784342708,0.0616959031566349,0.120944053491182,0.556657768183232,0.476173797355994,0.0744588284378929,0.112934728886453,0.258297071286779,0.797448483455529,0.532318232373656,0.0908103317934345,22,0.686016618750896,1,0.9375
"84007_9",0.179624601544719,0.731430758644598,0.0529424670191319,0.603801576296836,0.00948732867463119,0.0582522661756407,0.0873244890401121,0.48282956917875,0.116686349557769,0.431214098095708,0.989442195239712,0.0988195784342708,0.0616959031566349,0.120944053491182,0.556657768183232,0.476173797355994,0.0744588284378929,0.112934728886453,0.258297071286779,0.797448483455529,0.532318232373656,0.0908103317934345,22,0.686016618750896,1,1
"84104_1",0.36459746817196,0.136660322568482,0.428366419653932,0.921736855982944,0.0226886352630146,0.0732297149268245,0.0220478052927319,0.964126430476508,0.84931545590301,0.264846976279619,0.330582398340811,0.390158612685997,0.0936995222981647,0.0563334252158133,0.283656475747323,0.151664872613351,0.0108998677353188,0.205387744217758,0.112932843503653,0.515955241119479,0.670816623005242,0.106736751432588,27,0.588308268414966,1,0.5
"84104_2",0.36459746817196,0.136660322568482,0.428366419653932,0.921736855982944,0.0226886352630146,0.0732297149268245,0.0220478052927319,0.964126430476508,0.84931545590301,0.264846976279619,0.330582398340811,0.390158612685997,0.0936995222981647,0.0563334252158133,0.283656475747323,0.151664872613351,0.0108998677353188,0.205387744217758,0.112932843503653,0.515955241119479,0.670816623005242,0.106736751432588,27,0.588308268414966,1,0.5625
"84104_3",0.36459746817196,0.136660322568482,0.428366419653932,0.921736855982944,0.0226886352630146,0.0732297149268245,0.0220478052927319,0.964126430476508,0.84931545590301,0.264846976279619,0.330582398340811,0.390158612685997,0.0936995222981647,0.0563334252158133,0.283656475747323,0.151664872613351,0.0108998677353188,0.205387744217758,0.112932843503653,0.515955241119479,0.670816623005242,0.106736751432588,27,0.588308268414966,1,0.625
"84104_4",0.36459746817196,0.136660322568482,0.428366419653932,0.921736855982944,0.0226886352630146,0.0732297149268245,0.0220478052927319,0.964126430476508,0.84931545590301,0.264846976279619,0.330582398340811,0.390158612685997,0.0936995222981647,0.0563334252158133,0.283656475747323,0.151664872613351,0.0108998677353188,0.205387744217758,0.112932843503653,0.515955241119479,0.670816623005242,0.106736751432588,27,0.588308268414966,1,0.6875
"84104_5",0.36459746817196,0.136660322568482,0.428366419653932,0.921736855982944,0.0226886352630146,0.0732297149268245,0.0220478052927319,0.964126430476508,0.84931545590301,0.264846976279619,0.330582398340811,0.390158612685997,0.0936995222981647,0.0563334252158133,0.283656475747323,0.151664872613351,0.0108998677353188,0.205387744217758,0.112932843503653,0.515955241119479,0.670816623005242,0.106736751432588,27,0.588308268414966,1,0.75
"84104_6",0.36459746817196,0.136660322568482,0.428366419653932,0.921736855982944,0.0226886352630146,0.0732297149268245,0.0220478052927319,0.964126430476508,0.84931545590301,0.264846976279619,0.330582398340811,0.390158612685997,0.0936995222981647,0.0563334252158133,0.283656475747323,0.151664872613351,0.0108998677353188,0.205387744217758,0.112932843503653,0.515955241119479,0.670816623005242,0.106736751432588,27,0.588308268414966,1,0.8125
"84104_7",0.36459746817196,0.136660322568482,0.428366419653932,0.921736855982944,0.0226886352630146,0.0732297149268245,0.0220478052927319,0.964126430476508,0.84931545590301,0.264846976279619,0.330582398340811,0.390158612685997,0.0936995222981647,0.0563334252158133,0.283656475747323,0.151664872613351,0.0108998677353188,0.205387744217758,0.112932843503653,0.515955241119479,0.670816623005242,0.106736751432588,27,0.588308268414966,1,0.875
"84104_8",0.36459746817196,0.136660322568482,0.428366419653932,0.921736855982944,0.0226886352630146,0.0732297149268245,0.0220478052927319,0.964126430476508,0.84931545590301,0.264846976279619,0.330582398340811,0.390158612685997,0.0936995222981647,0.0563334252158133,0.283656475747323,0.151664872613351,0.0108998677353188,0.205387744217758,0.112932843503653,0.515955241119479,0.670816623005242,0.106736751432588,27,0.588308268414966,1,0.9375
"84104_9",0.36459746817196,0.136660322568482,0.428366419653932,0.921736855982944,0.0226886352630146,0.0732297149268245,0.0220478052927319,0.964126430476508,0.84931545590301,0.264846976279619,0.330582398340811,0.390158612685997,0.0936995222981647,0.0563334252158133,0.283656475747323,0.151664872613351,0.0108998677353188,0.205387744217758,0.112932843503653,0.515955241119479,0.670816623005242,0.106736751432588,27,0.588308268414966,1,1
"84108_1",0.586028625836722,0.629300483055203,0.991770821282335,0.805542103791796,0.0476211068566021,0.096909113749796,0.00263725177869983,0.726094109019735,0.390056340872499,0.181953767569736,0.00069648089762311,0.0115205541725969,0.134039127708571,0.527298411279623,0.37475735862368,0.0371101579664589,0.260647662373194,0.3497471157921,0.30337613531197,0.901605924994862,0.680829800838338,0.141821831952593,25,0.497139818277527,1,0.5
"84108_2",0.586028625836722,0.629300483055203,0.991770821282335,0.805542103791796,0.0476211068566021,0.096909113749796,0.00263725177869983,0.726094109019735,0.390056340872499,0.181953767569736,0.00069648089762311,0.0115205541725969,0.134039127708571,0.527298411279623,0.37475735862368,0.0371101579664589,0.260647662373194,0.3497471157921,0.30337613531197,0.901605924994862,0.680829800838338,0.141821831952593,25,0.497139818277527,1,0.5625
"84108_3",0.586028625836722,0.629300483055203,0.991770821282335,0.805542103791796,0.0476211068566021,0.096909113749796,0.00263725177869983,0.726094109019735,0.390056340872499,0.181953767569736,0.00069648089762311,0.0115205541725969,0.134039127708571,0.527298411279623,0.37475735862368,0.0371101579664589,0.260647662373194,0.3497471157921,0.30337613531197,0.901605924994862,0.680829800838338,0.141821831952593,25,0.497139818277527,1,0.625
"84108_4",0.586028625836722,0.629300483055203,0.991770821282335,0.805542103791796,0.0476211068566021,0.096909113749796,0.00263725177869983,0.726094109019735,0.390056340872499,0.181953767569736,0.00069648089762311,0.0115205541725969,0.134039127708571,0.527298411279623,0.37475735862368,0.0371101579664589,0.260647662373194,0.3497471157921,0.30337613531197,0.901605924994862,0.680829800838338,0.141821831952593,25,0.497139818277527,1,0.6875
"84108_5",0.586028625836722,0.629300483055203,0.991770821282335,0.805542103791796,0.0476211068566021,0.096909113749796,0.00263725177869983,0.726094109019735,0.390056340872499,0.181953767569736,0.00069648089762311,0.0115205541725969,0.134039127708571,0.527298411279623,0.37475735862368,0.0371101579664589,0.260647662373194,0.3497471157921,0.30337613531197,0.901605924994862,0.680829800838338,0.141821831952593,25,0.497139818277527,1,0.75
"84108_6",0.586028625836722,0.629300483055203,0.991770821282335,0.805542103791796,0.0476211068566021,0.096909113749796,0.00263725177869983,0.726094109019735,0.390056340872499,0.181953767569736,0.00069648089762311,0.0115205541725969,0.134039127708571,0.527298411279623,0.37475735862368,0.0371101579664589,0.260647662373194,0.3497471157921,0.30337613531197,0.901605924994862,0.680829800838338,0.141821831952593,25,0.497139818277527,1,0.8125
"84108_7",0.586028625836722,0.629300483055203,0.991770821282335,0.805542103791796,0.0476211068566021,0.096909113749796,0.00263725177869983,0.726094109019735,0.390056340872499,0.181953767569736,0.00069648089762311,0.0115205541725969,0.134039127708571,0.527298411279623,0.37475735862368,0.0371101579664589,0.260647662373194,0.3497471157921,0.30337613531197,0.901605924994862,0.680829800838338,0.141821831952593,25,0.497139818277527,1,0.875
"84108_8",0.586028625836722,0.629300483055203,0.991770821282335,0.805542103791796,0.0476211068566021,0.096909113749796,0.00263725177869983,0.726094109019735,0.390056340872499,0.181953767569736,0.00069648089762311,0.0115205541725969,0.134039127708571,0.527298411279623,0.37475735862368,0.0371101579664589,0.260647662373194,0.3497471157921,0.30337613531197,0.901605924994862,0.680829800838338,0.141821831952593,25,0.497139818277527,1,0.9375
"84108_9",0.586028625836722,0.629300483055203,0.991770821282335,0.805542103791796,0.0476211068566021,0.096909113749796,0.00263725177869983,0.726094109019735,0.390056340872499,0.181953767569736,0.00069648089762311,0.0115205541725969,0.134039127708571,0.527298411279623,0.37475735862368,0.0371101579664589,0.260647662373194,0.3497471157921,0.30337613531197,0.901605924994862,0.680829800838338,0.141821831952593,25,0.497139818277527,1,1
"85101_1",0.784380799900026,0.660822448875126,0.58952502689468,0.874534791233013,0.0663191381885567,0.022828091169284,0.0777367387895442,0.897237171541559,0.927339415947604,0.598505424125295,0.050360450548064,0.0179474259934388,0.202259793161717,0.209564743845616,0.180364562020863,0.103436001762195,0.0764344011481048,0.415732666338607,0.24261122931477,0.613847647531454,0.519794008051514,0.0275039574050286,22,0.536369239294128,1,0.5
"85101_2",0.784380799900026,0.660822448875126,0.58952502689468,0.874534791233013,0.0663191381885567,0.022828091169284,0.0777367387895442,0.897237171541559,0.927339415947604,0.598505424125295,0.050360450548064,0.0179474259934388,0.202259793161717,0.209564743845616,0.180364562020863,0.103436001762195,0.0764344011481048,0.415732666338607,0.24261122931477,0.613847647531454,0.519794008051514,0.0275039574050286,22,0.536369239294128,1,0.5625
"85101_3",0.784380799900026,0.660822448875126,0.58952502689468,0.874534791233013,0.0663191381885567,0.022828091169284,0.0777367387895442,0.897237171541559,0.927339415947604,0.598505424125295,0.050360450548064,0.0179474259934388,0.202259793161717,0.209564743845616,0.180364562020863,0.103436001762195,0.0764344011481048,0.415732666338607,0.24261122931477,0.613847647531454,0.519794008051514,0.0275039574050286,22,0.536369239294128,1,0.625
"85101_4",0.784380799900026,0.660822448875126,0.58952502689468,0.874534791233013,0.0663191381885567,0.022828091169284,0.0777367387895442,0.897237171541559,0.927339415947604,0.598505424125295,0.050360450548064,0.0179474259934388,0.202259793161717,0.209564743845616,0.180364562020863,0.103436001762195,0.0764344011481048,0.415732666338607,0.24261122931477,0.613847647531454,0.519794008051514,0.0275039574050286,22,0.536369239294128,1,0.6875
"85101_5",0.784380799900026,0.660822448875126,0.58952502689468,0.874534791233013,0.0663191381885567,0.022828091169284,0.0777367387895442,0.897237171541559,0.927339415947604,0.598505424125295,0.050360450548064,0.0179474259934388,0.202259793161717,0.209564743845616,0.180364562020863,0.103436001762195,0.0764344011481048,0.415732666338607,0.24261122931477,0.613847647531454,0.519794008051514,0.0275039574050286,22,0.536369239294128,1,0.75
"85101_6",0.784380799900026,0.660822448875126,0.58952502689468,0.874534791233013,0.0663191381885567,0.022828091169284,0.0777367387895442,0.897237171541559,0.927339415947604,0.598505424125295,0.050360450548064,0.0179474259934388,0.202259793161717,0.209564743845616,0.180364562020863,0.103436001762195,0.0764344011481048,0.415732666338607,0.24261122931477,0.613847647531454,0.519794008051514,0.0275039574050286,22,0.536369239294128,1,0.8125
"85101_7",0.784380799900026,0.660822448875126,0.58952502689468,0.874534791233013,0.0663191381885567,0.022828091169284,0.0777367387895442,0.897237171541559,0.927339415947604,0.598505424125295,0.050360450548064,0.0179474259934388,0.202259793161717,0.209564743845616,0.180364562020863,0.103436001762195,0.0764344011481048,0.415732666338607,0.24261122931477,0.613847647531454,0.519794008051514,0.0275039574050286,22,0.536369239294128,1,0.875
"85101_8",0.784380799900026,0.660822448875126,0.58952502689468,0.874534791233013,0.0663191381885567,0.022828091169284,0.0777367387895442,0.897237171541559,0.927339415947604,0.598505424125295,0.050360450548064,0.0179474259934388,0.202259793161717,0.209564743845616,0.180364562020863,0.103436001762195,0.0764344011481048,0.415732666338607,0.24261122931477,0.613847647531454,0.519794008051514,0.0275039574050286,22,0.536369239294128,1,0.9375
"85101_9",0.784380799900026,0.660822448875126,0.58952502689468,0.874534791233013,0.0663191381885567,0.022828091169284,0.0777367387895442,0.897237171541559,0.927339415947604,0.598505424125295,0.050360450548064,0.0179474259934388,0.202259793161717,0.209564743845616,0.180364562020863,0.103436001762195,0.0764344011481048,0.415732666338607,0.24261122931477,0.613847647531454,0.519794008051514,0.0275039574050286,22,0.536369239294128,1,1
"86304_1",0.875055361618404,0.00444198156144237,0.217434584366996,0.896532809807447,0.0689963919811576,0.0314599502277911,0.0254955385019883,0.29393057842304,0.197623158736976,0.364038665632098,0.550482392383739,0.156560211647626,0.0474615536804497,0.160738808071257,0.457325475098693,0.364415865456426,0.0101970743333793,0.492922026818166,0.290488839367056,0.661892080889869,0.735260862761424,0.214272927628895,24,0.753619911784069,1,0.5
"86304_2",0.875055361618404,0.00444198156144237,0.217434584366996,0.896532809807447,0.0689963919811576,0.0314599502277911,0.0254955385019883,0.29393057842304,0.197623158736976,0.364038665632098,0.550482392383739,0.156560211647626,0.0474615536804497,0.160738808071257,0.457325475098693,0.364415865456426,0.0101970743333793,0.492922026818166,0.290488839367056,0.661892080889869,0.735260862761424,0.214272927628895,24,0.753619911784069,1,0.5625
"86304_3",0.875055361618404,0.00444198156144237,0.217434584366996,0.896532809807447,0.0689963919811576,0.0314599502277911,0.0254955385019883,0.29393057842304,0.197623158736976,0.364038665632098,0.550482392383739,0.156560211647626,0.0474615536804497,0.160738808071257,0.457325475098693,0.364415865456426,0.0101970743333793,0.492922026818166,0.290488839367056,0.661892080889869,0.735260862761424,0.214272927628895,24,0.753619911784069,1,0.625
"86304_4",0.875055361618404,0.00444198156144237,0.217434584366996,0.896532809807447,0.0689963919811576,0.0314599502277911,0.0254955385019883,0.29393057842304,0.197623158736976,0.364038665632098,0.550482392383739,0.156560211647626,0.0474615536804497,0.160738808071257,0.457325475098693,0.364415865456426,0.0101970743333793,0.492922026818166,0.290488839367056,0.661892080889869,0.735260862761424,0.214272927628895,24,0.753619911784069,1,0.6875
"86304_5",0.875055361618404,0.00444198156144237,0.217434584366996,0.896532809807447,0.0689963919811576,0.0314599502277911,0.0254955385019883,0.29393057842304,0.197623158736976,0.364038665632098,0.550482392383739,0.156560211647626,0.0474615536804497,0.160738808071257,0.457325475098693,0.364415865456426,0.0101970743333793,0.492922026818166,0.290488839367056,0.661892080889869,0.735260862761424,0.214272927628895,24,0.753619911784069,1,0.75
"86304_6",0.875055361618404,0.00444198156144237,0.217434584366996,0.896532809807447,0.0689963919811576,0.0314599502277911,0.0254955385019883,0.29393057842304,0.197623158736976,0.364038665632098,0.550482392383739,0.156560211647626,0.0474615536804497,0.160738808071257,0.457325475098693,0.364415865456426,0.0101970743333793,0.492922026818166,0.290488839367056,0.661892080889869,0.735260862761424,0.214272927628895,24,0.753619911784069,1,0.8125
"86304_7",0.875055361618404,0.00444198156144237,0.217434584366996,0.896532809807447,0.0689963919811576,0.0314599502277911,0.0254955385019883,0.29393057842304,0.197623158736976,0.364038665632098,0.550482392383739,0.156560211647626,0.0474615536804497,0.160738808071257,0.457325475098693,0.364415865456426,0.0101970743333793,0.492922026818166,0.290488839367056,0.661892080889869,0.735260862761424,0.214272927628895,24,0.753619911784069,1,0.875
"86304_8",0.875055361618404,0.00444198156144237,0.217434584366996,0.896532809807447,0.0689963919811576,0.0314599502277911,0.0254955385019883,0.29393057842304,0.197623158736976,0.364038665632098,0.550482392383739,0.156560211647626,0.0474615536804497,0.160738808071257,0.457325475098693,0.364415865456426,0.0101970743333793,0.492922026818166,0.290488839367056,0.661892080889869,0.735260862761424,0.214272927628895,24,0.753619911784069,1,0.9375
"86304_9",0.875055361618404,0.00444198156144237,0.217434584366996,0.896532809807447,0.0689963919811576,0.0314599502277911,0.0254955385019883,0.29393057842304,0.197623158736976,0.364038665632098,0.550482392383739,0.156560211647626,0.0474615536804497,0.160738808071257,0.457325475098693,0.364415865456426,0.0101970743333793,0.492922026818166,0.290488839367056,0.661892080889869,0.735260862761424,0.214272927628895,24,0.753619911784069,1,1
"86901_1",0.733444425465413,0.600088852169909,0.124395721874831,0.654658848392976,0.0850089576167671,0.0915081170499589,0.0666784213247828,0.961346204750149,0.114919761407427,0.420462444111968,0.357377422817331,0.150259276837017,0.462883781949517,0.396891671709921,0.0740314081679075,0.108532967498075,0.122037960175183,0.129575811031502,0.430862070891629,0.567495444419307,0.513118374951094,0.00033765039359219,29,0.97394843566206,1,0.5
"86901_2",0.733444425465413,0.600088852169909,0.124395721874831,0.654658848392976,0.0850089576167671,0.0915081170499589,0.0666784213247828,0.961346204750149,0.114919761407427,0.420462444111968,0.357377422817331,0.150259276837017,0.462883781949517,0.396891671709921,0.0740314081679075,0.108532967498075,0.122037960175183,0.129575811031502,0.430862070891629,0.567495444419307,0.513118374951094,0.00033765039359219,29,0.97394843566206,1,0.5625
"86901_3",0.733444425465413,0.600088852169909,0.124395721874831,0.654658848392976,0.0850089576167671,0.0915081170499589,0.0666784213247828,0.961346204750149,0.114919761407427,0.420462444111968,0.357377422817331,0.150259276837017,0.462883781949517,0.396891671709921,0.0740314081679075,0.108532967498075,0.122037960175183,0.129575811031502,0.430862070891629,0.567495444419307,0.513118374951094,0.00033765039359219,29,0.97394843566206,1,0.625
"86901_4",0.733444425465413,0.600088852169909,0.124395721874831,0.654658848392976,0.0850089576167671,0.0915081170499589,0.0666784213247828,0.961346204750149,0.114919761407427,0.420462444111968,0.357377422817331,0.150259276837017,0.462883781949517,0.396891671709921,0.0740314081679075,0.108532967498075,0.122037960175183,0.129575811031502,0.430862070891629,0.567495444419307,0.513118374951094,0.00033765039359219,29,0.97394843566206,1,0.6875
"86901_5",0.733444425465413,0.600088852169909,0.124395721874831,0.654658848392976,0.0850089576167671,0.0915081170499589,0.0666784213247828,0.961346204750149,0.114919761407427,0.420462444111968,0.357377422817331,0.150259276837017,0.462883781949517,0.396891671709921,0.0740314081679075,0.108532967498075,0.122037960175183,0.129575811031502,0.430862070891629,0.567495444419307,0.513118374951094,0.00033765039359219,29,0.97394843566206,1,0.75
"86901_6",0.733444425465413,0.600088852169909,0.124395721874831,0.654658848392976,0.0850089576167671,0.0915081170499589,0.0666784213247828,0.961346204750149,0.114919761407427,0.420462444111968,0.357377422817331,0.150259276837017,0.462883781949517,0.396891671709921,0.0740314081679075,0.108532967498075,0.122037960175183,0.129575811031502,0.430862070891629,0.567495444419307,0.513118374951094,0.00033765039359219,29,0.97394843566206,1,0.8125
"86901_7",0.733444425465413,0.600088852169909,0.124395721874831,0.654658848392976,0.0850089576167671,0.0915081170499589,0.0666784213247828,0.961346204750149,0.114919761407427,0.420462444111968,0.357377422817331,0.150259276837017,0.462883781949517,0.396891671709921,0.0740314081679075,0.108532967498075,0.122037960175183,0.129575811031502,0.430862070891629,0.567495444419307,0.513118374951094,0.00033765039359219,29,0.97394843566206,1,0.875
"86901_8",0.733444425465413,0.600088852169909,0.124395721874831,0.654658848392976,0.0850089576167671,0.0915081170499589,0.0666784213247828,0.961346204750149,0.114919761407427,0.420462444111968,0.357377422817331,0.150259276837017,0.462883781949517,0.396891671709921,0.0740314081679075,0.108532967498075,0.122037960175183,0.129575811031502,0.430862070891629,0.567495444419307,0.513118374951094,0.00033765039359219,29,0.97394843566206,1,0.9375
"86901_9",0.733444425465413,0.600088852169909,0.124395721874831,0.654658848392976,0.0850089576167671,0.0915081170499589,0.0666784213247828,0.961346204750149,0.114919761407427,0.420462444111968,0.357377422817331,0.150259276837017,0.462883781949517,0.396891671709921,0.0740314081679075,0.108532967498075,0.122037960175183,0.129575811031502,0.430862070891629,0.567495444419307,0.513118374951094,0.00033765039359219,29,0.97394843566206,1,1
"86906_1",0.71627743696172,0.0449320895054517,0.418213226682947,0.992323004570779,0.119361064097325,0.11453777058747,0.0117815699258119,0.695904704652249,0.536043142231652,0.858675495855773,0.480513221552128,0.758308373183752,0.306492172021789,0.00444094841251615,0.581967921940088,0.398678855154326,0.493524607612758,0.468352925661197,0.391381552246014,0.981411491393712,0.678271474314471,0.108298849675797,15,0.641638288919246,1,0.5
"86906_2",0.71627743696172,0.0449320895054517,0.418213226682947,0.992323004570779,0.119361064097325,0.11453777058747,0.0117815699258119,0.695904704652249,0.536043142231652,0.858675495855773,0.480513221552128,0.758308373183752,0.306492172021789,0.00444094841251615,0.581967921940088,0.398678855154326,0.493524607612758,0.468352925661197,0.391381552246014,0.981411491393712,0.678271474314471,0.108298849675797,15,0.641638288919246,1,0.5625
"86906_3",0.71627743696172,0.0449320895054517,0.418213226682947,0.992323004570779,0.119361064097325,0.11453777058747,0.0117815699258119,0.695904704652249,0.536043142231652,0.858675495855773,0.480513221552128,0.758308373183752,0.306492172021789,0.00444094841251615,0.581967921940088,0.398678855154326,0.493524607612758,0.468352925661197,0.391381552246014,0.981411491393712,0.678271474314471,0.108298849675797,15,0.641638288919246,1,0.625
"86906_4",0.71627743696172,0.0449320895054517,0.418213226682947,0.992323004570779,0.119361064097325,0.11453777058747,0.0117815699258119,0.695904704652249,0.536043142231652,0.858675495855773,0.480513221552128,0.758308373183752,0.306492172021789,0.00444094841251615,0.581967921940088,0.398678855154326,0.493524607612758,0.468352925661197,0.391381552246014,0.981411491393712,0.678271474314471,0.108298849675797,15,0.641638288919246,1,0.6875
"86906_5",0.71627743696172,0.0449320895054517,0.418213226682947,0.992323004570779,0.119361064097325,0.11453777058747,0.0117815699258119,0.695904704652249,0.536043142231652,0.858675495855773,0.480513221552128,0.758308373183752,0.306492172021789,0.00444094841251615,0.581967921940088,0.398678855154326,0.493524607612758,0.468352925661197,0.391381552246014,0.981411491393712,0.678271474314471,0.108298849675797,15,0.641638288919246,1,0.75
"86906_6",0.71627743696172,0.0449320895054517,0.418213226682947,0.992323004570779,0.119361064097325,0.11453777058747,0.0117815699258119,0.695904704652249,0.536043142231652,0.858675495855773,0.480513221552128,0.758308373183752,0.306492172021789,0.00444094841251615,0.581967921940088,0.398678855154326,0.493524607612758,0.468352925661197,0.391381552246014,0.981411491393712,0.678271474314471,0.108298849675797,15,0.641638288919246,1,0.8125
"86906_7",0.71627743696172,0.0449320895054517,0.418213226682947,0.992323004570779,0.119361064097325,0.11453777058747,0.0117815699258119,0.695904704652249,0.536043142231652,0.858675495855773,0.480513221552128,0.758308373183752,0.306492172021789,0.00444094841251615,0.581967921940088,0.398678855154326,0.493524607612758,0.468352925661197,0.391381552246014,0.981411491393712,0.678271474314471,0.108298849675797,15,0.641638288919246,1,0.875
"86906_8",0.71627743696172,0.0449320895054517,0.418213226682947,0.992323004570779,0.119361064097325,0.11453777058747,0.0117815699258119,0.695904704652249,0.536043142231652,0.858675495855773,0.480513221552128,0.758308373183752,0.306492172021789,0.00444094841251615,0.581967921940088,0.398678855154326,0.493524607612758,0.468352925661197,0.391381552246014,0.981411491393712,0.678271474314471,0.108298849675797,15,0.641638288919246,1,0.9375
"86906_9",0.71627743696172,0.0449320895054517,0.418213226682947,0.992323004570779,0.119361064097325,0.11453777058747,0.0117815699258119,0.695904704652249,0.536043142231652,0.858675495855773,0.480513221552128,0.758308373183752,0.306492172021789,0.00444094841251615,0.581967921940088,0.398678855154326,0.493524607612758,0.468352925661197,0.391381552246014,0.981411491393712,0.678271474314471,0.108298849675797,15,0.641638288919246,1,1
"89701_1",0.200375668333597,0.187870098598662,0.173394968032867,0.920241737650721,0.0580717082709474,0.0176268275447915,0.115730886693144,0.899875233201592,0.0986759176773252,0.442015916101264,0.0637375977764721,0.081849983605626,0.134090035628004,0.272588757187035,0.554167580426023,0.191389414466132,0.339361374051875,0.479797790683598,0.201495225794684,0.829714746770716,0.6982395305702,0.116792123814325,7,0.194126612123586,1,0.5
"89701_2",0.200375668333597,0.187870098598662,0.173394968032867,0.920241737650721,0.0580717082709474,0.0176268275447915,0.115730886693144,0.899875233201592,0.0986759176773252,0.442015916101264,0.0637375977764721,0.081849983605626,0.134090035628004,0.272588757187035,0.554167580426023,0.191389414466132,0.339361374051875,0.479797790683598,0.201495225794684,0.829714746770716,0.6982395305702,0.116792123814325,7,0.194126612123586,1,0.5625
"89701_3",0.200375668333597,0.187870098598662,0.173394968032867,0.920241737650721,0.0580717082709474,0.0176268275447915,0.115730886693144,0.899875233201592,0.0986759176773252,0.442015916101264,0.0637375977764721,0.081849983605626,0.134090035628004,0.272588757187035,0.554167580426023,0.191389414466132,0.339361374051875,0.479797790683598,0.201495225794684,0.829714746770716,0.6982395305702,0.116792123814325,7,0.194126612123586,1,0.625
"89701_4",0.200375668333597,0.187870098598662,0.173394968032867,0.920241737650721,0.0580717082709474,0.0176268275447915,0.115730886693144,0.899875233201592,0.0986759176773252,0.442015916101264,0.0637375977764721,0.081849983605626,0.134090035628004,0.272588757187035,0.554167580426023,0.191389414466132,0.339361374051875,0.479797790683598,0.201495225794684,0.829714746770716,0.6982395305702,0.116792123814325,7,0.194126612123586,1,0.6875
"89701_5",0.200375668333597,0.187870098598662,0.173394968032867,0.920241737650721,0.0580717082709474,0.0176268275447915,0.115730886693144,0.899875233201592,0.0986759176773252,0.442015916101264,0.0637375977764721,0.081849983605626,0.134090035628004,0.272588757187035,0.554167580426023,0.191389414466132,0.339361374051875,0.479797790683598,0.201495225794684,0.829714746770716,0.6982395305702,0.116792123814325,7,0.194126612123586,1,0.75
"89701_6",0.200375668333597,0.187870098598662,0.173394968032867,0.920241737650721,0.0580717082709474,0.0176268275447915,0.115730886693144,0.899875233201592,0.0986759176773252,0.442015916101264,0.0637375977764721,0.081849983605626,0.134090035628004,0.272588757187035,0.554167580426023,0.191389414466132,0.339361374051875,0.479797790683598,0.201495225794684,0.829714746770716,0.6982395305702,0.116792123814325,7,0.194126612123586,1,0.8125
"89701_7",0.200375668333597,0.187870098598662,0.173394968032867,0.920241737650721,0.0580717082709474,0.0176268275447915,0.115730886693144,0.899875233201592,0.0986759176773252,0.442015916101264,0.0637375977764721,0.081849983605626,0.134090035628004,0.272588757187035,0.554167580426023,0.191389414466132,0.339361374051875,0.479797790683598,0.201495225794684,0.829714746770716,0.6982395305702,0.116792123814325,7,0.194126612123586,1,0.875
"89701_8",0.200375668333597,0.187870098598662,0.173394968032867,0.920241737650721,0.0580717082709474,0.0176268275447915,0.115730886693144,0.899875233201592,0.0986759176773252,0.442015916101264,0.0637375977764721,0.081849983605626,0.134090035628004,0.272588757187035,0.554167580426023,0.191389414466132,0.339361374051875,0.479797790683598,0.201495225794684,0.829714746770716,0.6982395305702,0.116792123814325,7,0.194126612123586,1,0.9375
"89701_9",0.200375668333597,0.187870098598662,0.173394968032867,0.920241737650721,0.0580717082709474,0.0176268275447915,0.115730886693144,0.899875233201592,0.0986759176773252,0.442015916101264,0.0637375977764721,0.081849983605626,0.134090035628004,0.272588757187035,0.554167580426023,0.191389414466132,0.339361374051875,0.479797790683598,0.201495225794684,0.829714746770716,0.6982395305702,0.116792123814325,7,0.194126612123586,1,1
"90400_1",0.441961939404134,0.122185413858278,0.638088322072118,0.533379283192707,0.0234596139006975,0.0789777027924274,0.0448843727755873,0.121550011282382,0.674935563028625,0.276680748352725,0.171493370856259,0.0718967264979193,0.247207298106684,0.0701601048450288,0.173673277258943,0.477410997759289,0.285660215541221,0.404840418739392,0.415781409978984,0.985636346735196,0.694549395442497,0.214200771393924,10,0.965442007062205,1,0.5
"90400_2",0.441961939404134,0.122185413858278,0.638088322072118,0.533379283192707,0.0234596139006975,0.0789777027924274,0.0448843727755873,0.121550011282382,0.674935563028625,0.276680748352725,0.171493370856259,0.0718967264979193,0.247207298106684,0.0701601048450288,0.173673277258943,0.477410997759289,0.285660215541221,0.404840418739392,0.415781409978984,0.985636346735196,0.694549395442497,0.214200771393924,10,0.965442007062205,1,0.5625
"90400_3",0.441961939404134,0.122185413858278,0.638088322072118,0.533379283192707,0.0234596139006975,0.0789777027924274,0.0448843727755873,0.121550011282382,0.674935563028625,0.276680748352725,0.171493370856259,0.0718967264979193,0.247207298106684,0.0701601048450288,0.173673277258943,0.477410997759289,0.285660215541221,0.404840418739392,0.415781409978984,0.985636346735196,0.694549395442497,0.214200771393924,10,0.965442007062205,1,0.625
"90400_4",0.441961939404134,0.122185413858278,0.638088322072118,0.533379283192707,0.0234596139006975,0.0789777027924274,0.0448843727755873,0.121550011282382,0.674935563028625,0.276680748352725,0.171493370856259,0.0718967264979193,0.247207298106684,0.0701601048450288,0.173673277258943,0.477410997759289,0.285660215541221,0.404840418739392,0.415781409978984,0.985636346735196,0.694549395442497,0.214200771393924,10,0.965442007062205,1,0.6875
"90400_5",0.441961939404134,0.122185413858278,0.638088322072118,0.533379283192707,0.0234596139006975,0.0789777027924274,0.0448843727755873,0.121550011282382,0.674935563028625,0.276680748352725,0.171493370856259,0.0718967264979193,0.247207298106684,0.0701601048450288,0.173673277258943,0.477410997759289,0.285660215541221,0.404840418739392,0.415781409978984,0.985636346735196,0.694549395442497,0.214200771393924,10,0.965442007062205,1,0.75
"90400_6",0.441961939404134,0.122185413858278,0.638088322072118,0.533379283192707,0.0234596139006975,0.0789777027924274,0.0448843727755873,0.121550011282382,0.674935563028625,0.276680748352725,0.171493370856259,0.0718967264979193,0.247207298106684,0.0701601048450288,0.173673277258943,0.477410997759289,0.285660215541221,0.404840418739392,0.415781409978984,0.985636346735196,0.694549395442497,0.214200771393924,10,0.965442007062205,1,0.8125
"90400_7",0.441961939404134,0.122185413858278,0.638088322072118,0.533379283192707,0.0234596139006975,0.0789777027924274,0.0448843727755873,0.121550011282382,0.674935563028625,0.276680748352725,0.171493370856259,0.0718967264979193,0.247207298106684,0.0701601048450288,0.173673277258943,0.477410997759289,0.285660215541221,0.404840418739392,0.415781409978984,0.985636346735196,0.694549395442497,0.214200771393924,10,0.965442007062205,1,0.875
"90400_8",0.441961939404134,0.122185413858278,0.638088322072118,0.533379283192707,0.0234596139006975,0.0789777027924274,0.0448843727755873,0.121550011282382,0.674935563028625,0.276680748352725,0.171493370856259,0.0718967264979193,0.247207298106684,0.0701601048450288,0.173673277258943,0.477410997759289,0.285660215541221,0.404840418739392,0.415781409978984,0.985636346735196,0.694549395442497,0.214200771393924,10,0.965442007062205,1,0.9375
"90400_9",0.441961939404134,0.122185413858278,0.638088322072118,0.533379283192707,0.0234596139006975,0.0789777027924274,0.0448843727755873,0.121550011282382,0.674935563028625,0.276680748352725,0.171493370856259,0.0718967264979193,0.247207298106684,0.0701601048450288,0.173673277258943,0.477410997759289,0.285660215541221,0.404840418739392,0.415781409978984,0.985636346735196,0.694549395442497,0.214200771393924,10,0.965442007062205,1,1
"90706_1",0.0473108163109212,0.526986193982009,0.0651255794494227,0.791946406894589,0.116474745125211,0.0217144816350237,0.0947040444755645,0.420700876167661,0.773087769883692,0.449556288408483,0.238665223020376,0.574901594079642,0.437712650476089,0.338413978235489,0.431352030793948,0.0365181625571928,0.49252372550123,0.347963769742348,0.149805244566039,0.610396973124284,0.815112619469777,0.188297566833151,4,0.0140497396960156,1,0.5
"90706_2",0.0473108163109212,0.526986193982009,0.0651255794494227,0.791946406894589,0.116474745125211,0.0217144816350237,0.0947040444755645,0.420700876167661,0.773087769883692,0.449556288408483,0.238665223020376,0.574901594079642,0.437712650476089,0.338413978235489,0.431352030793948,0.0365181625571928,0.49252372550123,0.347963769742348,0.149805244566039,0.610396973124284,0.815112619469777,0.188297566833151,4,0.0140497396960156,1,0.5625
"90706_3",0.0473108163109212,0.526986193982009,0.0651255794494227,0.791946406894589,0.116474745125211,0.0217144816350237,0.0947040444755645,0.420700876167661,0.773087769883692,0.449556288408483,0.238665223020376,0.574901594079642,0.437712650476089,0.338413978235489,0.431352030793948,0.0365181625571928,0.49252372550123,0.347963769742348,0.149805244566039,0.610396973124284,0.815112619469777,0.188297566833151,4,0.0140497396960156,1,0.625
"90706_4",0.0473108163109212,0.526986193982009,0.0651255794494227,0.791946406894589,0.116474745125211,0.0217144816350237,0.0947040444755645,0.420700876167661,0.773087769883692,0.449556288408483,0.238665223020376,0.574901594079642,0.437712650476089,0.338413978235489,0.431352030793948,0.0365181625571928,0.49252372550123,0.347963769742348,0.149805244566039,0.610396973124284,0.815112619469777,0.188297566833151,4,0.0140497396960156,1,0.6875
"90706_5",0.0473108163109212,0.526986193982009,0.0651255794494227,0.791946406894589,0.116474745125211,0.0217144816350237,0.0947040444755645,0.420700876167661,0.773087769883692,0.449556288408483,0.238665223020376,0.574901594079642,0.437712650476089,0.338413978235489,0.431352030793948,0.0365181625571928,0.49252372550123,0.347963769742348,0.149805244566039,0.610396973124284,0.815112619469777,0.188297566833151,4,0.0140497396960156,1,0.75
"90706_6",0.0473108163109212,0.526986193982009,0.0651255794494227,0.791946406894589,0.116474745125211,0.0217144816350237,0.0947040444755645,0.420700876167661,0.773087769883692,0.449556288408483,0.238665223020376,0.574901594079642,0.437712650476089,0.338413978235489,0.431352030793948,0.0365181625571928,0.49252372550123,0.347963769742348,0.149805244566039,0.610396973124284,0.815112619469777,0.188297566833151,4,0.0140497396960156,1,0.8125
"90706_7",0.0473108163109212,0.526986193982009,0.0651255794494227,0.791946406894589,0.116474745125211,0.0217144816350237,0.0947040444755645,0.420700876167661,0.773087769883692,0.449556288408483,0.238665223020376,0.574901594079642,0.437712650476089,0.338413978235489,0.431352030793948,0.0365181625571928,0.49252372550123,0.347963769742348,0.149805244566039,0.610396973124284,0.815112619469777,0.188297566833151,4,0.0140497396960156,1,0.875
"90706_8",0.0473108163109212,0.526986193982009,0.0651255794494227,0.791946406894589,0.116474745125211,0.0217144816350237,0.0947040444755645,0.420700876167661,0.773087769883692,0.449556288408483,0.238665223020376,0.574901594079642,0.437712650476089,0.338413978235489,0.431352030793948,0.0365181625571928,0.49252372550123,0.347963769742348,0.149805244566039,0.610396973124284,0.815112619469777,0.188297566833151,4,0.0140497396960156,1,0.9375
"90706_9",0.0473108163109212,0.526986193982009,0.0651255794494227,0.791946406894589,0.116474745125211,0.0217144816350237,0.0947040444755645,0.420700876167661,0.773087769883692,0.449556288408483,0.238665223020376,0.574901594079642,0.437712650476089,0.338413978235489,0.431352030793948,0.0365181625571928,0.49252372550123,0.347963769742348,0.149805244566039,0.610396973124284,0.815112619469777,0.188297566833151,4,0.0140497396960156,1,1
"92404_1",0.700584012894633,0.0639674192754342,0.475265633877988,0.826258959414702,0.113597744232877,0.0616372356872337,0.0246853587305339,0.855653741824366,0.611147281845002,0.704841314060816,0.551365551001425,0.414819468250955,0.29280405399869,0.132006501283336,0.421968481399282,0.145991105796298,0.20905348438803,0.0399158102597331,0.45422945577096,0.645724532621509,0.772519937944118,0.183933442279915,6,0.2726547682184,1,0.5
"92404_2",0.700584012894633,0.0639674192754342,0.475265633877988,0.826258959414702,0.113597744232877,0.0616372356872337,0.0246853587305339,0.855653741824366,0.611147281845002,0.704841314060816,0.551365551001425,0.414819468250955,0.29280405399869,0.132006501283336,0.421968481399282,0.145991105796298,0.20905348438803,0.0399158102597331,0.45422945577096,0.645724532621509,0.772519937944118,0.183933442279915,6,0.2726547682184,1,0.5625
"92404_3",0.700584012894633,0.0639674192754342,0.475265633877988,0.826258959414702,0.113597744232877,0.0616372356872337,0.0246853587305339,0.855653741824366,0.611147281845002,0.704841314060816,0.551365551001425,0.414819468250955,0.29280405399869,0.132006501283336,0.421968481399282,0.145991105796298,0.20905348438803,0.0399158102597331,0.45422945577096,0.645724532621509,0.772519937944118,0.183933442279915,6,0.2726547682184,1,0.625
"92404_4",0.700584012894633,0.0639674192754342,0.475265633877988,0.826258959414702,0.113597744232877,0.0616372356872337,0.0246853587305339,0.855653741824366,0.611147281845002,0.704841314060816,0.551365551001425,0.414819468250955,0.29280405399869,0.132006501283336,0.421968481399282,0.145991105796298,0.20905348438803,0.0399158102597331,0.45422945577096,0.645724532621509,0.772519937944118,0.183933442279915,6,0.2726547682184,1,0.6875
"92404_5",0.700584012894633,0.0639674192754342,0.475265633877988,0.826258959414702,0.113597744232877,0.0616372356872337,0.0246853587305339,0.855653741824366,0.611147281845002,0.704841314060816,0.551365551001425,0.414819468250955,0.29280405399869,0.132006501283336,0.421968481399282,0.145991105796298,0.20905348438803,0.0399158102597331,0.45422945577096,0.645724532621509,0.772519937944118,0.183933442279915,6,0.2726547682184,1,0.75
"92404_6",0.700584012894633,0.0639674192754342,0.475265633877988,0.826258959414702,0.113597744232877,0.0616372356872337,0.0246853587305339,0.855653741824366,0.611147281845002,0.704841314060816,0.551365551001425,0.414819468250955,0.29280405399869,0.132006501283336,0.421968481399282,0.145991105796298,0.20905348438803,0.0399158102597331,0.45422945577096,0.645724532621509,0.772519937944118,0.183933442279915,6,0.2726547682184,1,0.8125
"92404_7",0.700584012894633,0.0639674192754342,0.475265633877988,0.826258959414702,0.113597744232877,0.0616372356872337,0.0246853587305339,0.855653741824366,0.611147281845002,0.704841314060816,0.551365551001425,0.414819468250955,0.29280405399869,0.132006501283336,0.421968481399282,0.145991105796298,0.20905348438803,0.0399158102597331,0.45422945577096,0.645724532621509,0.772519937944118,0.183933442279915,6,0.2726547682184,1,0.875
"92404_8",0.700584012894633,0.0639674192754342,0.475265633877988,0.826258959414702,0.113597744232877,0.0616372356872337,0.0246853587305339,0.855653741824366,0.611147281845002,0.704841314060816,0.551365551001425,0.414819468250955,0.29280405399869,0.132006501283336,0.421968481399282,0.145991105796298,0.20905348438803,0.0399158102597331,0.45422945577096,0.645724532621509,0.772519937944118,0.183933442279915,6,0.2726547682184,1,0.9375
"92404_9",0.700584012894633,0.0639674192754342,0.475265633877988,0.826258959414702,0.113597744232877,0.0616372356872337,0.0246853587305339,0.855653741824366,0.611147281845002,0.704841314060816,0.551365551001425,0.414819468250955,0.29280405399869,0.132006501283336,0.421968481399282,0.145991105796298,0.20905348438803,0.0399158102597331,0.45422945577096,0.645724532621509,0.772519937944118,0.183933442279915,6,0.2726547682184,1,1
"98004_1",0.880310813535017,0.207674326254404,0.434543921983407,0.802631492712991,0.0379220818085577,0.0110193059288518,0.045247288826543,0.984672559205152,0.91575782720773,0.44495745861249,0.276075649903864,0.326794336201663,0.287742869820644,0.371598993721954,0.606799400613469,0.412929575266434,0.261505199073182,0.386941315273592,0.48977820598157,0.793694246531987,0.839063049904591,0.0959098655842477,20,0.365907283809062,1,0.5
"98004_2",0.880310813535017,0.207674326254404,0.434543921983407,0.802631492712991,0.0379220818085577,0.0110193059288518,0.045247288826543,0.984672559205152,0.91575782720773,0.44495745861249,0.276075649903864,0.326794336201663,0.287742869820644,0.371598993721954,0.606799400613469,0.412929575266434,0.261505199073182,0.386941315273592,0.48977820598157,0.793694246531987,0.839063049904591,0.0959098655842477,20,0.365907283809062,1,0.5625
"98004_3",0.880310813535017,0.207674326254404,0.434543921983407,0.802631492712991,0.0379220818085577,0.0110193059288518,0.045247288826543,0.984672559205152,0.91575782720773,0.44495745861249,0.276075649903864,0.326794336201663,0.287742869820644,0.371598993721954,0.606799400613469,0.412929575266434,0.261505199073182,0.386941315273592,0.48977820598157,0.793694246531987,0.839063049904591,0.0959098655842477,20,0.365907283809062,1,0.625
"98004_4",0.880310813535017,0.207674326254404,0.434543921983407,0.802631492712991,0.0379220818085577,0.0110193059288518,0.045247288826543,0.984672559205152,0.91575782720773,0.44495745861249,0.276075649903864,0.326794336201663,0.287742869820644,0.371598993721954,0.606799400613469,0.412929575266434,0.261505199073182,0.386941315273592,0.48977820598157,0.793694246531987,0.839063049904591,0.0959098655842477,20,0.365907283809062,1,0.6875
"98004_5",0.880310813535017,0.207674326254404,0.434543921983407,0.802631492712991,0.0379220818085577,0.0110193059288518,0.045247288826543,0.984672559205152,0.91575782720773,0.44495745861249,0.276075649903864,0.326794336201663,0.287742869820644,0.371598993721954,0.606799400613469,0.412929575266434,0.261505199073182,0.386941315273592,0.48977820598157,0.793694246531987,0.839063049904591,0.0959098655842477,20,0.365907283809062,1,0.75
"98004_6",0.880310813535017,0.207674326254404,0.434543921983407,0.802631492712991,0.0379220818085577,0.0110193059288518,0.045247288826543,0.984672559205152,0.91575782720773,0.44495745861249,0.276075649903864,0.326794336201663,0.287742869820644,0.371598993721954,0.606799400613469,0.412929575266434,0.261505199073182,0.386941315273592,0.48977820598157,0.793694246531987,0.839063049904591,0.0959098655842477,20,0.365907283809062,1,0.8125
"98004_7",0.880310813535017,0.207674326254404,0.434543921983407,0.802631492712991,0.0379220818085577,0.0110193059288518,0.045247288826543,0.984672559205152,0.91575782720773,0.44495745861249,0.276075649903864,0.326794336201663,0.287742869820644,0.371598993721954,0.606799400613469,0.412929575266434,0.261505199073182,0.386941315273592,0.48977820598157,0.793694246531987,0.839063049904591,0.0959098655842477,20,0.365907283809062,1,0.875
"98004_8",0.880310813535017,0.207674326254404,0.434543921983407,0.802631492712991,0.0379220818085577,0.0110193059288518,0.045247288826543,0.984672559205152,0.91575782720773,0.44495745861249,0.276075649903864,0.326794336201663,0.287742869820644,0.371598993721954,0.606799400613469,0.412929575266434,0.261505199073182,0.386941315273592,0.48977820598157,0.793694246531987,0.839063049904591,0.0959098655842477,20,0.365907283809062,1,0.9375
"98004_9",0.880310813535017,0.207674326254404,0.434543921983407,0.802631492712991,0.0379220818085577,0.0110193059288518,0.045247288826543,0.984672559205152,0.91575782720773,0.44495745861249,0.276075649903864,0.326794336201663,0.287742869820644,0.371598993721954,0.606799400613469,0.412929575266434,0.261505199073182,0.386941315273592,0.48977820598157,0.793694246531987,0.839063049904591,0.0959098655842477,20,0.365907283809062,1,1
"98701_1",0.881416911775107,0.435533248800277,0.933018184165324,0.634394907971767,0.00290122977480786,0.10010069961397,0.0833420504672321,0.905514758580953,0.828835060669323,0.730853869468251,0.0348661255672551,0.270580597865896,0.0784742148569413,0.141740602195014,0.239213500861484,0.386194812814201,0.336016904807457,0.445345434868843,0.449605361779316,0.594959903441953,0.958422717795265,0.179318398809671,10,0.685782051152582,1,0.5
"98701_2",0.881416911775107,0.435533248800277,0.933018184165324,0.634394907971767,0.00290122977480786,0.10010069961397,0.0833420504672321,0.905514758580953,0.828835060669323,0.730853869468251,0.0348661255672551,0.270580597865896,0.0784742148569413,0.141740602195014,0.239213500861484,0.386194812814201,0.336016904807457,0.445345434868843,0.449605361779316,0.594959903441953,0.958422717795265,0.179318398809671,10,0.685782051152582,1,0.5625
"98701_3",0.881416911775107,0.435533248800277,0.933018184165324,0.634394907971767,0.00290122977480786,0.10010069961397,0.0833420504672321,0.905514758580953,0.828835060669323,0.730853869468251,0.0348661255672551,0.270580597865896,0.0784742148569413,0.141740602195014,0.239213500861484,0.386194812814201,0.336016904807457,0.445345434868843,0.449605361779316,0.594959903441953,0.958422717795265,0.179318398809671,10,0.685782051152582,1,0.625
"98701_4",0.881416911775107,0.435533248800277,0.933018184165324,0.634394907971767,0.00290122977480786,0.10010069961397,0.0833420504672321,0.905514758580953,0.828835060669323,0.730853869468251,0.0348661255672551,0.270580597865896,0.0784742148569413,0.141740602195014,0.239213500861484,0.386194812814201,0.336016904807457,0.445345434868843,0.449605361779316,0.594959903441953,0.958422717795265,0.179318398809671,10,0.685782051152582,1,0.6875
"98701_5",0.881416911775107,0.435533248800277,0.933018184165324,0.634394907971767,0.00290122977480786,0.10010069961397,0.0833420504672321,0.905514758580953,0.828835060669323,0.730853869468251,0.0348661255672551,0.270580597865896,0.0784742148569413,0.141740602195014,0.239213500861484,0.386194812814201,0.336016904807457,0.445345434868843,0.449605361779316,0.594959903441953,0.958422717795265,0.179318398809671,10,0.685782051152582,1,0.75
"98701_6",0.881416911775107,0.435533248800277,0.933018184165324,0.634394907971767,0.00290122977480786,0.10010069961397,0.0833420504672321,0.905514758580953,0.828835060669323,0.730853869468251,0.0348661255672551,0.270580597865896,0.0784742148569413,0.141740602195014,0.239213500861484,0.386194812814201,0.336016904807457,0.445345434868843,0.449605361779316,0.594959903441953,0.958422717795265,0.179318398809671,10,0.685782051152582,1,0.8125
"98701_7",0.881416911775107,0.435533248800277,0.933018184165324,0.634394907971767,0.00290122977480786,0.10010069961397,0.0833420504672321,0.905514758580953,0.828835060669323,0.730853869468251,0.0348661255672551,0.270580597865896,0.0784742148569413,0.141740602195014,0.239213500861484,0.386194812814201,0.336016904807457,0.445345434868843,0.449605361779316,0.594959903441953,0.958422717795265,0.179318398809671,10,0.685782051152582,1,0.875
"98701_8",0.881416911775107,0.435533248800277,0.933018184165324,0.634394907971767,0.00290122977480786,0.10010069961397,0.0833420504672321,0.905514758580953,0.828835060669323,0.730853869468251,0.0348661255672551,0.270580597865896,0.0784742148569413,0.141740602195014,0.239213500861484,0.386194812814201,0.336016904807457,0.445345434868843,0.449605361779316,0.594959903441953,0.958422717795265,0.179318398809671,10,0.685782051152582,1,0.9375
"98701_9",0.881416911775107,0.435533248800277,0.933018184165324,0.634394907971767,0.00290122977480786,0.10010069961397,0.0833420504672321,0.905514758580953,0.828835060669323,0.730853869468251,0.0348661255672551,0.270580597865896,0.0784742148569413,0.141740602195014,0.239213500861484,0.386194812814201,0.336016904807457,0.445345434868843,0.449605361779316,0.594959903441953,0.958422717795265,0.179318398809671,10,0.685782051152582,1,1
"98705_1",0.478666881260457,0.918892345185415,0.0586765025134711,0.747381267398625,0.0752397473271361,0.0924883877164587,0.063009411902738,0.849125238118903,0.36123224185043,0.443481930757018,0.927526674813319,0.546110159351097,0.025663831239359,0.324755608996311,0.556395001559036,0.248389116459342,0.259338146048278,0.364890020652217,0.193909398136635,0.659785649934695,0.891257579091784,0.152020839554421,12,0.443549933902789,1,0.5
"98705_2",0.478666881260457,0.918892345185415,0.0586765025134711,0.747381267398625,0.0752397473271361,0.0924883877164587,0.063009411902738,0.849125238118903,0.36123224185043,0.443481930757018,0.927526674813319,0.546110159351097,0.025663831239359,0.324755608996311,0.556395001559036,0.248389116459342,0.259338146048278,0.364890020652217,0.193909398136635,0.659785649934695,0.891257579091784,0.152020839554421,12,0.443549933902789,1,0.5625
"98705_3",0.478666881260457,0.918892345185415,0.0586765025134711,0.747381267398625,0.0752397473271361,0.0924883877164587,0.063009411902738,0.849125238118903,0.36123224185043,0.443481930757018,0.927526674813319,0.546110159351097,0.025663831239359,0.324755608996311,0.556395001559036,0.248389116459342,0.259338146048278,0.364890020652217,0.193909398136635,0.659785649934695,0.891257579091784,0.152020839554421,12,0.443549933902789,1,0.625
"98705_4",0.478666881260457,0.918892345185415,0.0586765025134711,0.747381267398625,0.0752397473271361,0.0924883877164587,0.063009411902738,0.849125238118903,0.36123224185043,0.443481930757018,0.927526674813319,0.546110159351097,0.025663831239359,0.324755608996311,0.556395001559036,0.248389116459342,0.259338146048278,0.364890020652217,0.193909398136635,0.659785649934695,0.891257579091784,0.152020839554421,12,0.443549933902789,1,0.6875
"98705_5",0.478666881260457,0.918892345185415,0.0586765025134711,0.747381267398625,0.0752397473271361,0.0924883877164587,0.063009411902738,0.849125238118903,0.36123224185043,0.443481930757018,0.927526674813319,0.546110159351097,0.025663831239359,0.324755608996311,0.556395001559036,0.248389116459342,0.259338146048278,0.364890020652217,0.193909398136635,0.659785649934695,0.891257579091784,0.152020839554421,12,0.443549933902789,1,0.75
"98705_6",0.478666881260457,0.918892345185415,0.0586765025134711,0.747381267398625,0.0752397473271361,0.0924883877164587,0.063009411902738,0.849125238118903,0.36123224185043,0.443481930757018,0.927526674813319,0.546110159351097,0.025663831239359,0.324755608996311,0.556395001559036,0.248389116459342,0.259338146048278,0.364890020652217,0.193909398136635,0.659785649934695,0.891257579091784,0.152020839554421,12,0.443549933902789,1,0.8125
"98705_7",0.478666881260457,0.918892345185415,0.0586765025134711,0.747381267398625,0.0752397473271361,0.0924883877164587,0.063009411902738,0.849125238118903,0.36123224185043,0.443481930757018,0.927526674813319,0.546110159351097,0.025663831239359,0.324755608996311,0.556395001559036,0.248389116459342,0.259338146048278,0.364890020652217,0.193909398136635,0.659785649934695,0.891257579091784,0.152020839554421,12,0.443549933902789,1,0.875
"98705_8",0.478666881260457,0.918892345185415,0.0586765025134711,0.747381267398625,0.0752397473271361,0.0924883877164587,0.063009411902738,0.849125238118903,0.36123224185043,0.443481930757018,0.927526674813319,0.546110159351097,0.025663831239359,0.324755608996311,0.556395001559036,0.248389116459342,0.259338146048278,0.364890020652217,0.193909398136635,0.659785649934695,0.891257579091784,0.152020839554421,12,0.443549933902789,1,0.9375
"98705_9",0.478666881260457,0.918892345185415,0.0586765025134711,0.747381267398625,0.0752397473271361,0.0924883877164587,0.063009411902738,0.849125238118903,0.36123224185043,0.443481930757018,0.927526674813319,0.546110159351097,0.025663831239359,0.324755608996311,0.556395001559036,0.248389116459342,0.259338146048278,0.364890020652217,0.193909398136635,0.659785649934695,0.891257579091784,0.152020839554421,12,0.443549933902789,1,1
"100002_1",0.827022100568055,0.315166675072629,8.27004485181533e-05,0.725312768155378,0.104637501879995,0.0370684662405006,2.35846800701693e-05,0.512341143760535,0.720157027911076,0.57252731718758,0.00436304147390504,0.1999520655895,4.64802905591205e-05,0.591895480059565,0.243026502562109,0.207316991733344,0.295971885520988,0.238341646328338,0.132867339105942,0.580021557902789,0.999975606664492,0.102680652485744,13,0.607031148807745,1,0.5
"100002_2",0.827022100568055,0.315166675072629,8.27004485181533e-05,0.725312768155378,0.104637501879995,0.0370684662405006,2.35846800701693e-05,0.512341143760535,0.720157027911076,0.57252731718758,0.00436304147390504,0.1999520655895,4.64802905591205e-05,0.591895480059565,0.243026502562109,0.207316991733344,0.295971885520988,0.238341646328338,0.132867339105942,0.580021557902789,0.999975606664492,0.102680652485744,13,0.607031148807745,1,0.5625
"100002_3",0.827022100568055,0.315166675072629,8.27004485181533e-05,0.725312768155378,0.104637501879995,0.0370684662405006,2.35846800701693e-05,0.512341143760535,0.720157027911076,0.57252731718758,0.00436304147390504,0.1999520655895,4.64802905591205e-05,0.591895480059565,0.243026502562109,0.207316991733344,0.295971885520988,0.238341646328338,0.132867339105942,0.580021557902789,0.999975606664492,0.102680652485744,13,0.607031148807745,1,0.625
"100002_4",0.827022100568055,0.315166675072629,8.27004485181533e-05,0.725312768155378,0.104637501879995,0.0370684662405006,2.35846800701693e-05,0.512341143760535,0.720157027911076,0.57252731718758,0.00436304147390504,0.1999520655895,4.64802905591205e-05,0.591895480059565,0.243026502562109,0.207316991733344,0.295971885520988,0.238341646328338,0.132867339105942,0.580021557902789,0.999975606664492,0.102680652485744,13,0.607031148807745,1,0.6875
"100002_5",0.827022100568055,0.315166675072629,8.27004485181533e-05,0.725312768155378,0.104637501879995,0.0370684662405006,2.35846800701693e-05,0.512341143760535,0.720157027911076,0.57252731718758,0.00436304147390504,0.1999520655895,4.64802905591205e-05,0.591895480059565,0.243026502562109,0.207316991733344,0.295971885520988,0.238341646328338,0.132867339105942,0.580021557902789,0.999975606664492,0.102680652485744,13,0.607031148807745,1,0.75
"100002_6",0.827022100568055,0.315166675072629,8.27004485181533e-05,0.725312768155378,0.104637501879995,0.0370684662405006,2.35846800701693e-05,0.512341143760535,0.720157027911076,0.57252731718758,0.00436304147390504,0.1999520655895,4.64802905591205e-05,0.591895480059565,0.243026502562109,0.207316991733344,0.295971885520988,0.238341646328338,0.132867339105942,0.580021557902789,0.999975606664492,0.102680652485744,13,0.607031148807745,1,0.8125
"100002_7",0.827022100568055,0.315166675072629,8.27004485181533e-05,0.725312768155378,0.104637501879995,0.0370684662405006,2.35846800701693e-05,0.512341143760535,0.720157027911076,0.57252731718758,0.00436304147390504,0.1999520655895,4.64802905591205e-05,0.591895480059565,0.243026502562109,0.207316991733344,0.295971885520988,0.238341646328338,0.132867339105942,0.580021557902789,0.999975606664492,0.102680652485744,13,0.607031148807745,1,0.875
"100002_8",0.827022100568055,0.315166675072629,8.27004485181533e-05,0.725312768155378,0.104637501879995,0.0370684662405006,2.35846800701693e-05,0.512341143760535,0.720157027911076,0.57252731718758,0.00436304147390504,0.1999520655895,4.64802905591205e-05,0.591895480059565,0.243026502562109,0.207316991733344,0.295971885520988,0.238341646328338,0.132867339105942,0.580021557902789,0.999975606664492,0.102680652485744,13,0.607031148807745,1,0.9375
"100002_9",0.827022100568055,0.315166675072629,8.27004485181533e-05,0.725312768155378,0.104637501879995,0.0370684662405006,2.35846800701693e-05,0.512341143760535,0.720157027911076,0.57252731718758,0.00436304147390504,0.1999520655895,4.64802905591205e-05,0.591895480059565,0.243026502562109,0.207316991733344,0.295971885520988,0.238341646328338,0.132867339105942,0.580021557902789,0.999975606664492,0.102680652485744,13,0.607031148807745,1,1
"100204_1",0.310124688176625,0.546491048608374,0.105941492563449,0.631276418836353,0.0512654847755072,3.77011053683236e-06,0.0655662769346063,0.562347087579098,0.709560341453588,0.489611697580318,0.999795092571648,0.402681566848789,0.360747851382904,0.199967143236908,0.226479750110133,0.146332245579501,3.55416661011986e-06,0.200163225617363,0.329875583579923,0.759135298041205,0.520345289430577,0.18945516245923,19,0.431065751006613,1,0.5
"100204_2",0.310124688176625,0.546491048608374,0.105941492563449,0.631276418836353,0.0512654847755072,3.77011053683236e-06,0.0655662769346063,0.562347087579098,0.709560341453588,0.489611697580318,0.999795092571648,0.402681566848789,0.360747851382904,0.199967143236908,0.226479750110133,0.146332245579501,3.55416661011986e-06,0.200163225617363,0.329875583579923,0.759135298041205,0.520345289430577,0.18945516245923,19,0.431065751006613,1,0.5625
"100204_3",0.310124688176625,0.546491048608374,0.105941492563449,0.631276418836353,0.0512654847755072,3.77011053683236e-06,0.0655662769346063,0.562347087579098,0.709560341453588,0.489611697580318,0.999795092571648,0.402681566848789,0.360747851382904,0.199967143236908,0.226479750110133,0.146332245579501,3.55416661011986e-06,0.200163225617363,0.329875583579923,0.759135298041205,0.520345289430577,0.18945516245923,19,0.431065751006613,1,0.625
"100204_4",0.310124688176625,0.546491048608374,0.105941492563449,0.631276418836353,0.0512654847755072,3.77011053683236e-06,0.0655662769346063,0.562347087579098,0.709560341453588,0.489611697580318,0.999795092571648,0.402681566848789,0.360747851382904,0.199967143236908,0.226479750110133,0.146332245579501,3.55416661011986e-06,0.200163225617363,0.329875583579923,0.759135298041205,0.520345289430577,0.18945516245923,19,0.431065751006613,1,0.6875
"100204_5",0.310124688176625,0.546491048608374,0.105941492563449,0.631276418836353,0.0512654847755072,3.77011053683236e-06,0.0655662769346063,0.562347087579098,0.709560341453588,0.489611697580318,0.999795092571648,0.402681566848789,0.360747851382904,0.199967143236908,0.226479750110133,0.146332245579501,3.55416661011986e-06,0.200163225617363,0.329875583579923,0.759135298041205,0.520345289430577,0.18945516245923,19,0.431065751006613,1,0.75
"100204_6",0.310124688176625,0.546491048608374,0.105941492563449,0.631276418836353,0.0512654847755072,3.77011053683236e-06,0.0655662769346063,0.562347087579098,0.709560341453588,0.489611697580318,0.999795092571648,0.402681566848789,0.360747851382904,0.199967143236908,0.226479750110133,0.146332245579501,3.55416661011986e-06,0.200163225617363,0.329875583579923,0.759135298041205,0.520345289430577,0.18945516245923,19,0.431065751006613,1,0.8125
"100204_7",0.310124688176625,0.546491048608374,0.105941492563449,0.631276418836353,0.0512654847755072,3.77011053683236e-06,0.0655662769346063,0.562347087579098,0.709560341453588,0.489611697580318,0.999795092571648,0.402681566848789,0.360747851382904,0.199967143236908,0.226479750110133,0.146332245579501,3.55416661011986e-06,0.200163225617363,0.329875583579923,0.759135298041205,0.520345289430577,0.18945516245923,19,0.431065751006613,1,0.875
"100204_8",0.310124688176625,0.546491048608374,0.105941492563449,0.631276418836353,0.0512654847755072,3.77011053683236e-06,0.0655662769346063,0.562347087579098,0.709560341453588,0.489611697580318,0.999795092571648,0.402681566848789,0.360747851382904,0.199967143236908,0.226479750110133,0.146332245579501,3.55416661011986e-06,0.200163225617363,0.329875583579923,0.759135298041205,0.520345289430577,0.18945516245923,19,0.431065751006613,1,0.9375
"100204_9",0.310124688176625,0.546491048608374,0.105941492563449,0.631276418836353,0.0512654847755072,3.77011053683236e-06,0.0655662769346063,0.562347087579098,0.709560341453588,0.489611697580318,0.999795092571648,0.402681566848789,0.360747851382904,0.199967143236908,0.226479750110133,0.146332245579501,3.55416661011986e-06,0.200163225617363,0.329875583579923,0.759135298041205,0.520345289430577,0.18945516245923,19,0.431065751006613,1,1
"100501_1",0.503812432695889,0.367313903996439,0.652156328975144,0.753551458383574,0.0056978519514875,0.0648919657654864,0.0253412240654134,0.805632940391373,0.881808749243093,0.711879168303931,9.64684443548322e-05,0.507864803756293,0.25908685673821,7.76303646992892e-05,0.00019440235718619,0.213966674561538,0.317401437523066,0.288361236621378,0.189143158308712,0.503199282925993,0.765842676988769,0.120179381954724,26,0.154415789799479,1,0.5
"100501_2",0.503812432695889,0.367313903996439,0.652156328975144,0.753551458383574,0.0056978519514875,0.0648919657654864,0.0253412240654134,0.805632940391373,0.881808749243093,0.711879168303931,9.64684443548322e-05,0.507864803756293,0.25908685673821,7.76303646992892e-05,0.00019440235718619,0.213966674561538,0.317401437523066,0.288361236621378,0.189143158308712,0.503199282925993,0.765842676988769,0.120179381954724,26,0.154415789799479,1,0.5625
"100501_3",0.503812432695889,0.367313903996439,0.652156328975144,0.753551458383574,0.0056978519514875,0.0648919657654864,0.0253412240654134,0.805632940391373,0.881808749243093,0.711879168303931,9.64684443548322e-05,0.507864803756293,0.25908685673821,7.76303646992892e-05,0.00019440235718619,0.213966674561538,0.317401437523066,0.288361236621378,0.189143158308712,0.503199282925993,0.765842676988769,0.120179381954724,26,0.154415789799479,1,0.625
"100501_4",0.503812432695889,0.367313903996439,0.652156328975144,0.753551458383574,0.0056978519514875,0.0648919657654864,0.0253412240654134,0.805632940391373,0.881808749243093,0.711879168303931,9.64684443548322e-05,0.507864803756293,0.25908685673821,7.76303646992892e-05,0.00019440235718619,0.213966674561538,0.317401437523066,0.288361236621378,0.189143158308712,0.503199282925993,0.765842676988769,0.120179381954724,26,0.154415789799479,1,0.6875
"100501_5",0.503812432695889,0.367313903996439,0.652156328975144,0.753551458383574,0.0056978519514875,0.0648919657654864,0.0253412240654134,0.805632940391373,0.881808749243093,0.711879168303931,9.64684443548322e-05,0.507864803756293,0.25908685673821,7.76303646992892e-05,0.00019440235718619,0.213966674561538,0.317401437523066,0.288361236621378,0.189143158308712,0.503199282925993,0.765842676988769,0.120179381954724,26,0.154415789799479,1,0.75
"100501_6",0.503812432695889,0.367313903996439,0.652156328975144,0.753551458383574,0.0056978519514875,0.0648919657654864,0.0253412240654134,0.805632940391373,0.881808749243093,0.711879168303931,9.64684443548322e-05,0.507864803756293,0.25908685673821,7.76303646992892e-05,0.00019440235718619,0.213966674561538,0.317401437523066,0.288361236621378,0.189143158308712,0.503199282925993,0.765842676988769,0.120179381954724,26,0.154415789799479,1,0.8125
"100501_7",0.503812432695889,0.367313903996439,0.652156328975144,0.753551458383574,0.0056978519514875,0.0648919657654864,0.0253412240654134,0.805632940391373,0.881808749243093,0.711879168303931,9.64684443548322e-05,0.507864803756293,0.25908685673821,7.76303646992892e-05,0.00019440235718619,0.213966674561538,0.317401437523066,0.288361236621378,0.189143158308712,0.503199282925993,0.765842676988769,0.120179381954724,26,0.154415789799479,1,0.875
"100501_8",0.503812432695889,0.367313903996439,0.652156328975144,0.753551458383574,0.0056978519514875,0.0648919657654864,0.0253412240654134,0.805632940391373,0.881808749243093,0.711879168303931,9.64684443548322e-05,0.507864803756293,0.25908685673821,7.76303646992892e-05,0.00019440235718619,0.213966674561538,0.317401437523066,0.288361236621378,0.189143158308712,0.503199282925993,0.765842676988769,0.120179381954724,26,0.154415789799479,1,0.9375
"100501_9",0.503812432695889,0.367313903996439,0.652156328975144,0.753551458383574,0.0056978519514875,0.0648919657654864,0.0253412240654134,0.805632940391373,0.881808749243093,0.711879168303931,9.64684443548322e-05,0.507864803756293,0.25908685673821,7.76303646992892e-05,0.00019440235718619,0.213966674561538,0.317401437523066,0.288361236621378,0.189143158308712,0.503199282925993,0.765842676988769,0.120179381954724,26,0.154415789799479,1,1
"100601_1",0.898047666760952,0.430835117290937,0.106862719088868,0.934104063192039,0.119963741078067,0.101596239731918,0.0709361761132307,0.166573546156508,0.279609268918319,0.723534727788308,0.156179962953453,0.143312158379443,4.64802905591205e-05,0.384109668563369,0.535459712443664,0.0215336665115016,0.499858107997852,0.185641345232134,0.183160684894439,0.810948592234695,0.569079993439777,0.0251190777069058,16,0.832092563445098,1,0.5
"100601_2",0.898047666760952,0.430835117290937,0.106862719088868,0.934104063192039,0.119963741078067,0.101596239731918,0.0709361761132307,0.166573546156508,0.279609268918319,0.723534727788308,0.156179962953453,0.143312158379443,4.64802905591205e-05,0.384109668563369,0.535459712443664,0.0215336665115016,0.499858107997852,0.185641345232134,0.183160684894439,0.810948592234695,0.569079993439777,0.0251190777069058,16,0.832092563445098,1,0.5625
"100601_3",0.898047666760952,0.430835117290937,0.106862719088868,0.934104063192039,0.119963741078067,0.101596239731918,0.0709361761132307,0.166573546156508,0.279609268918319,0.723534727788308,0.156179962953453,0.143312158379443,4.64802905591205e-05,0.384109668563369,0.535459712443664,0.0215336665115016,0.499858107997852,0.185641345232134,0.183160684894439,0.810948592234695,0.569079993439777,0.0251190777069058,16,0.832092563445098,1,0.625
"100601_4",0.898047666760952,0.430835117290937,0.106862719088868,0.934104063192039,0.119963741078067,0.101596239731918,0.0709361761132307,0.166573546156508,0.279609268918319,0.723534727788308,0.156179962953453,0.143312158379443,4.64802905591205e-05,0.384109668563369,0.535459712443664,0.0215336665115016,0.499858107997852,0.185641345232134,0.183160684894439,0.810948592234695,0.569079993439777,0.0251190777069058,16,0.832092563445098,1,0.6875
"100601_5",0.898047666760952,0.430835117290937,0.106862719088868,0.934104063192039,0.119963741078067,0.101596239731918,0.0709361761132307,0.166573546156508,0.279609268918319,0.723534727788308,0.156179962953453,0.143312158379443,4.64802905591205e-05,0.384109668563369,0.535459712443664,0.0215336665115016,0.499858107997852,0.185641345232134,0.183160684894439,0.810948592234695,0.569079993439777,0.0251190777069058,16,0.832092563445098,1,0.75
"100601_6",0.898047666760952,0.430835117290937,0.106862719088868,0.934104063192039,0.119963741078067,0.101596239731918,0.0709361761132307,0.166573546156508,0.279609268918319,0.723534727788308,0.156179962953453,0.143312158379443,4.64802905591205e-05,0.384109668563369,0.535459712443664,0.0215336665115016,0.499858107997852,0.185641345232134,0.183160684894439,0.810948592234695,0.569079993439777,0.0251190777069058,16,0.832092563445098,1,0.8125
"100601_7",0.898047666760952,0.430835117290937,0.106862719088868,0.934104063192039,0.119963741078067,0.101596239731918,0.0709361761132307,0.166573546156508,0.279609268918319,0.723534727788308,0.156179962953453,0.143312158379443,4.64802905591205e-05,0.384109668563369,0.535459712443664,0.0215336665115016,0.499858107997852,0.185641345232134,0.183160684894439,0.810948592234695,0.569079993439777,0.0251190777069058,16,0.832092563445098,1,0.875
"100601_8",0.898047666760952,0.430835117290937,0.106862719088868,0.934104063192039,0.119963741078067,0.101596239731918,0.0709361761132307,0.166573546156508,0.279609268918319,0.723534727788308,0.156179962953453,0.143312158379443,4.64802905591205e-05,0.384109668563369,0.535459712443664,0.0215336665115016,0.499858107997852,0.185641345232134,0.183160684894439,0.810948592234695,0.569079993439777,0.0251190777069058,16,0.832092563445098,1,0.9375
"100601_9",0.898047666760952,0.430835117290937,0.106862719088868,0.934104063192039,0.119963741078067,0.101596239731918,0.0709361761132307,0.166573546156508,0.279609268918319,0.723534727788308,0.156179962953453,0.143312158379443,4.64802905591205e-05,0.384109668563369,0.535459712443664,0.0215336665115016,0.499858107997852,0.185641345232134,0.183160684894439,0.810948592234695,0.569079993439777,0.0251190777069058,16,0.832092563445098,1,1
"100703_1",0.822357836614475,0.528772882037677,0.0952939824708303,0.546169169567556,0.0327710528279503,0.0581907516143522,0.119995094177388,0.1355179152649,0.284389486513848,0.264305874106846,9.64684443548322e-05,6.33614411693998e-05,0.0480549292945951,0.765039376684452,0.00019440235718619,0.00030305628819158,3.55416661011986e-06,0.360207897396981,0.0356162568245738,0.553451810712994,0.593185507752711,6.79376821854385e-05,30,0.999772849337969,1,0.5
"100703_2",0.822357836614475,0.528772882037677,0.0952939824708303,0.546169169567556,0.0327710528279503,0.0581907516143522,0.119995094177388,0.1355179152649,0.284389486513848,0.264305874106846,9.64684443548322e-05,6.33614411693998e-05,0.0480549292945951,0.765039376684452,0.00019440235718619,0.00030305628819158,3.55416661011986e-06,0.360207897396981,0.0356162568245738,0.553451810712994,0.593185507752711,6.79376821854385e-05,30,0.999772849337969,1,0.5625
"100703_3",0.822357836614475,0.528772882037677,0.0952939824708303,0.546169169567556,0.0327710528279503,0.0581907516143522,0.119995094177388,0.1355179152649,0.284389486513848,0.264305874106846,9.64684443548322e-05,6.33614411693998e-05,0.0480549292945951,0.765039376684452,0.00019440235718619,0.00030305628819158,3.55416661011986e-06,0.360207897396981,0.0356162568245738,0.553451810712994,0.593185507752711,6.79376821854385e-05,30,0.999772849337969,1,0.625
"100703_4",0.822357836614475,0.528772882037677,0.0952939824708303,0.546169169567556,0.0327710528279503,0.0581907516143522,0.119995094177388,0.1355179152649,0.284389486513848,0.264305874106846,9.64684443548322e-05,6.33614411693998e-05,0.0480549292945951,0.765039376684452,0.00019440235718619,0.00030305628819158,3.55416661011986e-06,0.360207897396981,0.0356162568245738,0.553451810712994,0.593185507752711,6.79376821854385e-05,30,0.999772849337969,1,0.6875
"100703_5",0.822357836614475,0.528772882037677,0.0952939824708303,0.546169169567556,0.0327710528279503,0.0581907516143522,0.119995094177388,0.1355179152649,0.284389486513848,0.264305874106846,9.64684443548322e-05,6.33614411693998e-05,0.0480549292945951,0.765039376684452,0.00019440235718619,0.00030305628819158,3.55416661011986e-06,0.360207897396981,0.0356162568245738,0.553451810712994,0.593185507752711,6.79376821854385e-05,30,0.999772849337969,1,0.75
"100703_6",0.822357836614475,0.528772882037677,0.0952939824708303,0.546169169567556,0.0327710528279503,0.0581907516143522,0.119995094177388,0.1355179152649,0.284389486513848,0.264305874106846,9.64684443548322e-05,6.33614411693998e-05,0.0480549292945951,0.765039376684452,0.00019440235718619,0.00030305628819158,3.55416661011986e-06,0.360207897396981,0.0356162568245738,0.553451810712994,0.593185507752711,6.79376821854385e-05,30,0.999772849337969,1,0.8125
"100703_7",0.822357836614475,0.528772882037677,0.0952939824708303,0.546169169567556,0.0327710528279503,0.0581907516143522,0.119995094177388,0.1355179152649,0.284389486513848,0.264305874106846,9.64684443548322e-05,6.33614411693998e-05,0.0480549292945951,0.765039376684452,0.00019440235718619,0.00030305628819158,3.55416661011986e-06,0.360207897396981,0.0356162568245738,0.553451810712994,0.593185507752711,6.79376821854385e-05,30,0.999772849337969,1,0.875
"100703_8",0.822357836614475,0.528772882037677,0.0952939824708303,0.546169169567556,0.0327710528279503,0.0581907516143522,0.119995094177388,0.1355179152649,0.284389486513848,0.264305874106846,9.64684443548322e-05,6.33614411693998e-05,0.0480549292945951,0.765039376684452,0.00019440235718619,0.00030305628819158,3.55416661011986e-06,0.360207897396981,0.0356162568245738,0.553451810712994,0.593185507752711,6.79376821854385e-05,30,0.999772849337969,1,0.9375
"100703_9",0.822357836614475,0.528772882037677,0.0952939824708303,0.546169169567556,0.0327710528279503,0.0581907516143522,0.119995094177388,0.1355179152649,0.284389486513848,0.264305874106846,9.64684443548322e-05,6.33614411693998e-05,0.0480549292945951,0.765039376684452,0.00019440235718619,0.00030305628819158,3.55416661011986e-06,0.360207897396981,0.0356162568245738,0.553451810712994,0.593185507752711,6.79376821854385e-05,30,0.999772849337969,1,1
"100803_1",0.642778496167329,0.413155715436909,0.594419060911664,0.64929518652135,0.0574745828249023,0.107313652471162,0.0882037551428373,0.727719484589205,0.508993758480557,0.465526916505518,0.0722057145821957,0.129176543965736,0.458067921378888,0.360208135873812,0.00019440235718619,0.0359778498428327,0.32161981901082,0.447106840548248,0.499559855764972,0.651010891979695,0.782305010555278,0.163214140127798,11,0.14055491689003,1,0.5
"100803_2",0.642778496167329,0.413155715436909,0.594419060911664,0.64929518652135,0.0574745828249023,0.107313652471162,0.0882037551428373,0.727719484589205,0.508993758480557,0.465526916505518,0.0722057145821957,0.129176543965736,0.458067921378888,0.360208135873812,0.00019440235718619,0.0359778498428327,0.32161981901082,0.447106840548248,0.499559855764972,0.651010891979695,0.782305010555278,0.163214140127798,11,0.14055491689003,1,0.5625
"100803_3",0.642778496167329,0.413155715436909,0.594419060911664,0.64929518652135,0.0574745828249023,0.107313652471162,0.0882037551428373,0.727719484589205,0.508993758480557,0.465526916505518,0.0722057145821957,0.129176543965736,0.458067921378888,0.360208135873812,0.00019440235718619,0.0359778498428327,0.32161981901082,0.447106840548248,0.499559855764972,0.651010891979695,0.782305010555278,0.163214140127798,11,0.14055491689003,1,0.625
"100803_4",0.642778496167329,0.413155715436909,0.594419060911664,0.64929518652135,0.0574745828249023,0.107313652471162,0.0882037551428373,0.727719484589205,0.508993758480557,0.465526916505518,0.0722057145821957,0.129176543965736,0.458067921378888,0.360208135873812,0.00019440235718619,0.0359778498428327,0.32161981901082,0.447106840548248,0.499559855764972,0.651010891979695,0.782305010555278,0.163214140127798,11,0.14055491689003,1,0.6875
"100803_5",0.642778496167329,0.413155715436909,0.594419060911664,0.64929518652135,0.0574745828249023,0.107313652471162,0.0882037551428373,0.727719484589205,0.508993758480557,0.465526916505518,0.0722057145821957,0.129176543965736,0.458067921378888,0.360208135873812,0.00019440235718619,0.0359778498428327,0.32161981901082,0.447106840548248,0.499559855764972,0.651010891979695,0.782305010555278,0.163214140127798,11,0.14055491689003,1,0.75
"100803_6",0.642778496167329,0.413155715436909,0.594419060911664,0.64929518652135,0.0574745828249023,0.107313652471162,0.0882037551428373,0.727719484589205,0.508993758480557,0.465526916505518,0.0722057145821957,0.129176543965736,0.458067921378888,0.360208135873812,0.00019440235718619,0.0359778498428327,0.32161981901082,0.447106840548248,0.499559855764972,0.651010891979695,0.782305010555278,0.163214140127798,11,0.14055491689003,1,0.8125
"100803_7",0.642778496167329,0.413155715436909,0.594419060911664,0.64929518652135,0.0574745828249023,0.107313652471162,0.0882037551428373,0.727719484589205,0.508993758480557,0.465526916505518,0.0722057145821957,0.129176543965736,0.458067921378888,0.360208135873812,0.00019440235718619,0.0359778498428327,0.32161981901082,0.447106840548248,0.499559855764972,0.651010891979695,0.782305010555278,0.163214140127798,11,0.14055491689003,1,0.875
"100803_8",0.642778496167329,0.413155715436909,0.594419060911664,0.64929518652135,0.0574745828249023,0.107313652471162,0.0882037551428373,0.727719484589205,0.508993758480557,0.465526916505518,0.0722057145821957,0.129176543965736,0.458067921378888,0.360208135873812,0.00019440235718619,0.0359778498428327,0.32161981901082,0.447106840548248,0.499559855764972,0.651010891979695,0.782305010555278,0.163214140127798,11,0.14055491689003,1,0.9375
"100803_9",0.642778496167329,0.413155715436909,0.594419060911664,0.64929518652135,0.0574745828249023,0.107313652471162,0.0882037551428373,0.727719484589205,0.508993758480557,0.465526916505518,0.0722057145821957,0.129176543965736,0.458067921378888,0.360208135873812,0.00019440235718619,0.0359778498428327,0.32161981901082,0.447106840548248,0.499559855764972,0.651010891979695,0.782305010555278,0.163214140127798,11,0.14055491689003,1,1
"100903_1",0.999852021087501,0.407509749250587,0.204224782897842,0.999996276009004,0.0994903033424364,0.0732267719782114,0.0294691908345036,0.766243977260336,0.313272588899655,0.51723981091349,0.222891622180489,0.256484722021669,0.0638533620170598,0.276282168267301,0.402823489741881,0.0457009542812105,0.23182076773335,0.436159437685646,0.270022057608256,0.531940798030739,0.744534513921216,0.132092858681755,19,0.585610928242062,1,0.5
"100903_2",0.999852021087501,0.407509749250587,0.204224782897842,0.999996276009004,0.0994903033424364,0.0732267719782114,0.0294691908345036,0.766243977260336,0.313272588899655,0.51723981091349,0.222891622180489,0.256484722021669,0.0638533620170598,0.276282168267301,0.402823489741881,0.0457009542812105,0.23182076773335,0.436159437685646,0.270022057608256,0.531940798030739,0.744534513921216,0.132092858681755,19,0.585610928242062,1,0.5625
"100903_3",0.999852021087501,0.407509749250587,0.204224782897842,0.999996276009004,0.0994903033424364,0.0732267719782114,0.0294691908345036,0.766243977260336,0.313272588899655,0.51723981091349,0.222891622180489,0.256484722021669,0.0638533620170598,0.276282168267301,0.402823489741881,0.0457009542812105,0.23182076773335,0.436159437685646,0.270022057608256,0.531940798030739,0.744534513921216,0.132092858681755,19,0.585610928242062,1,0.625
"100903_4",0.999852021087501,0.407509749250587,0.204224782897842,0.999996276009004,0.0994903033424364,0.0732267719782114,0.0294691908345036,0.766243977260336,0.313272588899655,0.51723981091349,0.222891622180489,0.256484722021669,0.0638533620170598,0.276282168267301,0.402823489741881,0.0457009542812105,0.23182076773335,0.436159437685646,0.270022057608256,0.531940798030739,0.744534513921216,0.132092858681755,19,0.585610928242062,1,0.6875
"100903_5",0.999852021087501,0.407509749250587,0.204224782897842,0.999996276009004,0.0994903033424364,0.0732267719782114,0.0294691908345036,0.766243977260336,0.313272588899655,0.51723981091349,0.222891622180489,0.256484722021669,0.0638533620170598,0.276282168267301,0.402823489741881,0.0457009542812105,0.23182076773335,0.436159437685646,0.270022057608256,0.531940798030739,0.744534513921216,0.132092858681755,19,0.585610928242062,1,0.75
"100903_6",0.999852021087501,0.407509749250587,0.204224782897842,0.999996276009004,0.0994903033424364,0.0732267719782114,0.0294691908345036,0.766243977260336,0.313272588899655,0.51723981091349,0.222891622180489,0.256484722021669,0.0638533620170598,0.276282168267301,0.402823489741881,0.0457009542812105,0.23182076773335,0.436159437685646,0.270022057608256,0.531940798030739,0.744534513921216,0.132092858681755,19,0.585610928242062,1,0.8125
"100903_7",0.999852021087501,0.407509749250587,0.204224782897842,0.999996276009004,0.0994903033424364,0.0732267719782114,0.0294691908345036,0.766243977260336,0.313272588899655,0.51723981091349,0.222891622180489,0.256484722021669,0.0638533620170598,0.276282168267301,0.402823489741881,0.0457009542812105,0.23182076773335,0.436159437685646,0.270022057608256,0.531940798030739,0.744534513921216,0.132092858681755,19,0.585610928242062,1,0.875
"100903_8",0.999852021087501,0.407509749250587,0.204224782897842,0.999996276009004,0.0994903033424364,0.0732267719782114,0.0294691908345036,0.766243977260336,0.313272588899655,0.51723981091349,0.222891622180489,0.256484722021669,0.0638533620170598,0.276282168267301,0.402823489741881,0.0457009542812105,0.23182076773335,0.436159437685646,0.270022057608256,0.531940798030739,0.744534513921216,0.132092858681755,19,0.585610928242062,1,0.9375
"100903_9",0.999852021087501,0.407509749250587,0.204224782897842,0.999996276009004,0.0994903033424364,0.0732267719782114,0.0294691908345036,0.766243977260336,0.313272588899655,0.51723981091349,0.222891622180489,0.256484722021669,0.0638533620170598,0.276282168267301,0.402823489741881,0.0457009542812105,0.23182076773335,0.436159437685646,0.270022057608256,0.531940798030739,0.744534513921216,0.132092858681755,19,0.585610928242062,1,1
"101201_1",0.53230529275419,0.607758984972461,0.959921915140747,0.880847889714419,0.0416443567105459,0.0324880103457815,0.0375784302262403,0.999640291173093,0.952632073092593,0.955054586024742,0.179139067853677,0.342831817284737,0.0386346117721733,0.17452440648646,0.225647732617637,0.237237076003361,0.106104183840299,0.207951567092509,0.262088856961306,0.500013466963832,0.88137415095642,0.186661453191347,17,0.599920197619786,1,0.5
"101201_2",0.53230529275419,0.607758984972461,0.959921915140747,0.880847889714419,0.0416443567105459,0.0324880103457815,0.0375784302262403,0.999640291173093,0.952632073092593,0.955054586024742,0.179139067853677,0.342831817284737,0.0386346117721733,0.17452440648646,0.225647732617637,0.237237076003361,0.106104183840299,0.207951567092509,0.262088856961306,0.500013466963832,0.88137415095642,0.186661453191347,17,0.599920197619786,1,0.5625
"101201_3",0.53230529275419,0.607758984972461,0.959921915140747,0.880847889714419,0.0416443567105459,0.0324880103457815,0.0375784302262403,0.999640291173093,0.952632073092593,0.955054586024742,0.179139067853677,0.342831817284737,0.0386346117721733,0.17452440648646,0.225647732617637,0.237237076003361,0.106104183840299,0.207951567092509,0.262088856961306,0.500013466963832,0.88137415095642,0.186661453191347,17,0.599920197619786,1,0.625
"101201_4",0.53230529275419,0.607758984972461,0.959921915140747,0.880847889714419,0.0416443567105459,0.0324880103457815,0.0375784302262403,0.999640291173093,0.952632073092593,0.955054586024742,0.179139067853677,0.342831817284737,0.0386346117721733,0.17452440648646,0.225647732617637,0.237237076003361,0.106104183840299,0.207951567092509,0.262088856961306,0.500013466963832,0.88137415095642,0.186661453191347,17,0.599920197619786,1,0.6875
"101201_5",0.53230529275419,0.607758984972461,0.959921915140747,0.880847889714419,0.0416443567105459,0.0324880103457815,0.0375784302262403,0.999640291173093,0.952632073092593,0.955054586024742,0.179139067853677,0.342831817284737,0.0386346117721733,0.17452440648646,0.225647732617637,0.237237076003361,0.106104183840299,0.207951567092509,0.262088856961306,0.500013466963832,0.88137415095642,0.186661453191347,17,0.599920197619786,1,0.75
"101201_6",0.53230529275419,0.607758984972461,0.959921915140747,0.880847889714419,0.0416443567105459,0.0324880103457815,0.0375784302262403,0.999640291173093,0.952632073092593,0.955054586024742,0.179139067853677,0.342831817284737,0.0386346117721733,0.17452440648646,0.225647732617637,0.237237076003361,0.106104183840299,0.207951567092509,0.262088856961306,0.500013466963832,0.88137415095642,0.186661453191347,17,0.599920197619786,1,0.8125
"101201_7",0.53230529275419,0.607758984972461,0.959921915140747,0.880847889714419,0.0416443567105459,0.0324880103457815,0.0375784302262403,0.999640291173093,0.952632073092593,0.955054586024742,0.179139067853677,0.342831817284737,0.0386346117721733,0.17452440648646,0.225647732617637,0.237237076003361,0.106104183840299,0.207951567092509,0.262088856961306,0.500013466963832,0.88137415095642,0.186661453191347,17,0.599920197619786,1,0.875
"101201_8",0.53230529275419,0.607758984972461,0.959921915140747,0.880847889714419,0.0416443567105459,0.0324880103457815,0.0375784302262403,0.999640291173093,0.952632073092593,0.955054586024742,0.179139067853677,0.342831817284737,0.0386346117721733,0.17452440648646,0.225647732617637,0.237237076003361,0.106104183840299,0.207951567092509,0.262088856961306,0.500013466963832,0.88137415095642,0.186661453191347,17,0.599920197619786,1,0.9375
"101201_9",0.53230529275419,0.607758984972461,0.959921915140747,0.880847889714419,0.0416443567105459,0.0324880103457815,0.0375784302262403,0.999640291173093,0.952632073092593,0.955054586024742,0.179139067853677,0.342831817284737,0.0386346117721733,0.17452440648646,0.225647732617637,0.237237076003361,0.106104183840299,0.207951567092509,0.262088856961306,0.500013466963832,0.88137415095642,0.186661453191347,17,0.599920197619786,1,1
"101203_1",0.0774089108450275,7.64295788737945e-05,0.0720594344947896,0.6079085375963,0.029384088683174,0.0533243390936737,0.0688056548015721,0.157404405809505,0.357885251594241,0.500690889541383,0.690409836006113,0.499304920132504,0.0101360755700353,0.0247760311325035,0.157508359713653,0.252609760488734,0.291213672818457,0.121011619455535,0.3251718039761,0.783688595455892,0.697268772331466,0.245522126296394,14,0.666063202658463,1,0.5
"101203_2",0.0774089108450275,7.64295788737945e-05,0.0720594344947896,0.6079085375963,0.029384088683174,0.0533243390936737,0.0688056548015721,0.157404405809505,0.357885251594241,0.500690889541383,0.690409836006113,0.499304920132504,0.0101360755700353,0.0247760311325035,0.157508359713653,0.252609760488734,0.291213672818457,0.121011619455535,0.3251718039761,0.783688595455892,0.697268772331466,0.245522126296394,14,0.666063202658463,1,0.5625
"101203_3",0.0774089108450275,7.64295788737945e-05,0.0720594344947896,0.6079085375963,0.029384088683174,0.0533243390936737,0.0688056548015721,0.157404405809505,0.357885251594241,0.500690889541383,0.690409836006113,0.499304920132504,0.0101360755700353,0.0247760311325035,0.157508359713653,0.252609760488734,0.291213672818457,0.121011619455535,0.3251718039761,0.783688595455892,0.697268772331466,0.245522126296394,14,0.666063202658463,1,0.625
"101203_4",0.0774089108450275,7.64295788737945e-05,0.0720594344947896,0.6079085375963,0.029384088683174,0.0533243390936737,0.0688056548015721,0.157404405809505,0.357885251594241,0.500690889541383,0.690409836006113,0.499304920132504,0.0101360755700353,0.0247760311325035,0.157508359713653,0.252609760488734,0.291213672818457,0.121011619455535,0.3251718039761,0.783688595455892,0.697268772331466,0.245522126296394,14,0.666063202658463,1,0.6875
"101203_5",0.0774089108450275,7.64295788737945e-05,0.0720594344947896,0.6079085375963,0.029384088683174,0.0533243390936737,0.0688056548015721,0.157404405809505,0.357885251594241,0.500690889541383,0.690409836006113,0.499304920132504,0.0101360755700353,0.0247760311325035,0.157508359713653,0.252609760488734,0.291213672818457,0.121011619455535,0.3251718039761,0.783688595455892,0.697268772331466,0.245522126296394,14,0.666063202658463,1,0.75
"101203_6",0.0774089108450275,7.64295788737945e-05,0.0720594344947896,0.6079085375963,0.029384088683174,0.0533243390936737,0.0688056548015721,0.157404405809505,0.357885251594241,0.500690889541383,0.690409836006113,0.499304920132504,0.0101360755700353,0.0247760311325035,0.157508359713653,0.252609760488734,0.291213672818457,0.121011619455535,0.3251718039761,0.783688595455892,0.697268772331466,0.245522126296394,14,0.666063202658463,1,0.8125
"101203_7",0.0774089108450275,7.64295788737945e-05,0.0720594344947896,0.6079085375963,0.029384088683174,0.0533243390936737,0.0688056548015721,0.157404405809505,0.357885251594241,0.500690889541383,0.690409836006113,0.499304920132504,0.0101360755700353,0.0247760311325035,0.157508359713653,0.252609760488734,0.291213672818457,0.121011619455535,0.3251718039761,0.783688595455892,0.697268772331466,0.245522126296394,14,0.666063202658463,1,0.875
"101203_8",0.0774089108450275,7.64295788737945e-05,0.0720594344947896,0.6079085375963,0.029384088683174,0.0533243390936737,0.0688056548015721,0.157404405809505,0.357885251594241,0.500690889541383,0.690409836006113,0.499304920132504,0.0101360755700353,0.0247760311325035,0.157508359713653,0.252609760488734,0.291213672818457,0.121011619455535,0.3251718039761,0.783688595455892,0.697268772331466,0.245522126296394,14,0.666063202658463,1,0.9375
"101203_9",0.0774089108450275,7.64295788737945e-05,0.0720594344947896,0.6079085375963,0.029384088683174,0.0533243390936737,0.0688056548015721,0.157404405809505,0.357885251594241,0.500690889541383,0.690409836006113,0.499304920132504,0.0101360755700353,0.0247760311325035,0.157508359713653,0.252609760488734,0.291213672818457,0.121011619455535,0.3251718039761,0.783688595455892,0.697268772331466,0.245522126296394,14,0.666063202658463,1,1
"101301_1",0.00021768103810027,0.661205301093714,0.141647087605248,0.597932334058932,0.0490717856492909,0.0703611578124543,0.119995094177388,0.0138354855735672,0.0928064692265104,0.340424861571793,0.511975659882521,6.33614411693998e-05,0.00363306333838936,0.56273768531884,0.192829889564281,0.00129598828254451,0.0921850911509355,0.3008585197516,1.47106448851991e-05,0.620641046263717,0.595632762435391,0.164507491957543,8,0.451786712208337,1,0.5
"101301_2",0.00021768103810027,0.661205301093714,0.141647087605248,0.597932334058932,0.0490717856492909,0.0703611578124543,0.119995094177388,0.0138354855735672,0.0928064692265104,0.340424861571793,0.511975659882521,6.33614411693998e-05,0.00363306333838936,0.56273768531884,0.192829889564281,0.00129598828254451,0.0921850911509355,0.3008585197516,1.47106448851991e-05,0.620641046263717,0.595632762435391,0.164507491957543,8,0.451786712208337,1,0.5625
"101301_3",0.00021768103810027,0.661205301093714,0.141647087605248,0.597932334058932,0.0490717856492909,0.0703611578124543,0.119995094177388,0.0138354855735672,0.0928064692265104,0.340424861571793,0.511975659882521,6.33614411693998e-05,0.00363306333838936,0.56273768531884,0.192829889564281,0.00129598828254451,0.0921850911509355,0.3008585197516,1.47106448851991e-05,0.620641046263717,0.595632762435391,0.164507491957543,8,0.451786712208337,1,0.625
"101301_4",0.00021768103810027,0.661205301093714,0.141647087605248,0.597932334058932,0.0490717856492909,0.0703611578124543,0.119995094177388,0.0138354855735672,0.0928064692265104,0.340424861571793,0.511975659882521,6.33614411693998e-05,0.00363306333838936,0.56273768531884,0.192829889564281,0.00129598828254451,0.0921850911509355,0.3008585197516,1.47106448851991e-05,0.620641046263717,0.595632762435391,0.164507491957543,8,0.451786712208337,1,0.6875
"101301_5",0.00021768103810027,0.661205301093714,0.141647087605248,0.597932334058932,0.0490717856492909,0.0703611578124543,0.119995094177388,0.0138354855735672,0.0928064692265104,0.340424861571793,0.511975659882521,6.33614411693998e-05,0.00363306333838936,0.56273768531884,0.192829889564281,0.00129598828254451,0.0921850911509355,0.3008585197516,1.47106448851991e-05,0.620641046263717,0.595632762435391,0.164507491957543,8,0.451786712208337,1,0.75
"101301_6",0.00021768103810027,0.661205301093714,0.141647087605248,0.597932334058932,0.0490717856492909,0.0703611578124543,0.119995094177388,0.0138354855735672,0.0928064692265104,0.340424861571793,0.511975659882521,6.33614411693998e-05,0.00363306333838936,0.56273768531884,0.192829889564281,0.00129598828254451,0.0921850911509355,0.3008585197516,1.47106448851991e-05,0.620641046263717,0.595632762435391,0.164507491957543,8,0.451786712208337,1,0.8125
"101301_7",0.00021768103810027,0.661205301093714,0.141647087605248,0.597932334058932,0.0490717856492909,0.0703611578124543,0.119995094177388,0.0138354855735672,0.0928064692265104,0.340424861571793,0.511975659882521,6.33614411693998e-05,0.00363306333838936,0.56273768531884,0.192829889564281,0.00129598828254451,0.0921850911509355,0.3008585197516,1.47106448851991e-05,0.620641046263717,0.595632762435391,0.164507491957543,8,0.451786712208337,1,0.875
"101301_8",0.00021768103810027,0.661205301093714,0.141647087605248,0.597932334058932,0.0490717856492909,0.0703611578124543,0.119995094177388,0.0138354855735672,0.0928064692265104,0.340424861571793,0.511975659882521,6.33614411693998e-05,0.00363306333838936,0.56273768531884,0.192829889564281,0.00129598828254451,0.0921850911509355,0.3008585197516,1.47106448851991e-05,0.620641046263717,0.595632762435391,0.164507491957543,8,0.451786712208337,1,0.9375
"101301_9",0.00021768103810027,0.661205301093714,0.141647087605248,0.597932334058932,0.0490717856492909,0.0703611578124543,0.119995094177388,0.0138354855735672,0.0928064692265104,0.340424861571793,0.511975659882521,6.33614411693998e-05,0.00363306333838936,0.56273768531884,0.192829889564281,0.00129598828254451,0.0921850911509355,0.3008585197516,1.47106448851991e-05,0.620641046263717,0.595632762435391,0.164507491957543,8,0.451786712208337,1,1
"101302_1",0.454376923800684,7.64295788737945e-05,0.147862255695405,0.88095032070259,0.0807485174637213,0.119998732919027,0.0385483601376702,0.594071880302754,0.745179017478129,0.751644147987715,0.161985198463485,0.609483273110125,0.285997967614604,0.271441675379695,0.599156993271754,0.370619721585346,0.499858107997852,0.472889195621278,0.380787464477375,0.872326439674737,0.999975606664492,0.207897394494311,12,0.0617888086735896,1,0.5
"101302_2",0.454376923800684,7.64295788737945e-05,0.147862255695405,0.88095032070259,0.0807485174637213,0.119998732919027,0.0385483601376702,0.594071880302754,0.745179017478129,0.751644147987715,0.161985198463485,0.609483273110125,0.285997967614604,0.271441675379695,0.599156993271754,0.370619721585346,0.499858107997852,0.472889195621278,0.380787464477375,0.872326439674737,0.999975606664492,0.207897394494311,12,0.0617888086735896,1,0.5625
"101302_3",0.454376923800684,7.64295788737945e-05,0.147862255695405,0.88095032070259,0.0807485174637213,0.119998732919027,0.0385483601376702,0.594071880302754,0.745179017478129,0.751644147987715,0.161985198463485,0.609483273110125,0.285997967614604,0.271441675379695,0.599156993271754,0.370619721585346,0.499858107997852,0.472889195621278,0.380787464477375,0.872326439674737,0.999975606664492,0.207897394494311,12,0.0617888086735896,1,0.625
"101302_4",0.454376923800684,7.64295788737945e-05,0.147862255695405,0.88095032070259,0.0807485174637213,0.119998732919027,0.0385483601376702,0.594071880302754,0.745179017478129,0.751644147987715,0.161985198463485,0.609483273110125,0.285997967614604,0.271441675379695,0.599156993271754,0.370619721585346,0.499858107997852,0.472889195621278,0.380787464477375,0.872326439674737,0.999975606664492,0.207897394494311,12,0.0617888086735896,1,0.6875
"101302_5",0.454376923800684,7.64295788737945e-05,0.147862255695405,0.88095032070259,0.0807485174637213,0.119998732919027,0.0385483601376702,0.594071880302754,0.745179017478129,0.751644147987715,0.161985198463485,0.609483273110125,0.285997967614604,0.271441675379695,0.599156993271754,0.370619721585346,0.499858107997852,0.472889195621278,0.380787464477375,0.872326439674737,0.999975606664492,0.207897394494311,12,0.0617888086735896,1,0.75
"101302_6",0.454376923800684,7.64295788737945e-05,0.147862255695405,0.88095032070259,0.0807485174637213,0.119998732919027,0.0385483601376702,0.594071880302754,0.745179017478129,0.751644147987715,0.161985198463485,0.609483273110125,0.285997967614604,0.271441675379695,0.599156993271754,0.370619721585346,0.499858107997852,0.472889195621278,0.380787464477375,0.872326439674737,0.999975606664492,0.207897394494311,12,0.0617888086735896,1,0.8125
"101302_7",0.454376923800684,7.64295788737945e-05,0.147862255695405,0.88095032070259,0.0807485174637213,0.119998732919027,0.0385483601376702,0.594071880302754,0.745179017478129,0.751644147987715,0.161985198463485,0.609483273110125,0.285997967614604,0.271441675379695,0.599156993271754,0.370619721585346,0.499858107997852,0.472889195621278,0.380787464477375,0.872326439674737,0.999975606664492,0.207897394494311,12,0.0617888086735896,1,0.875
"101302_8",0.454376923800684,7.64295788737945e-05,0.147862255695405,0.88095032070259,0.0807485174637213,0.119998732919027,0.0385483601376702,0.594071880302754,0.745179017478129,0.751644147987715,0.161985198463485,0.609483273110125,0.285997967614604,0.271441675379695,0.599156993271754,0.370619721585346,0.499858107997852,0.472889195621278,0.380787464477375,0.872326439674737,0.999975606664492,0.207897394494311,12,0.0617888086735896,1,0.9375
"101302_9",0.454376923800684,7.64295788737945e-05,0.147862255695405,0.88095032070259,0.0807485174637213,0.119998732919027,0.0385483601376702,0.594071880302754,0.745179017478129,0.751644147987715,0.161985198463485,0.609483273110125,0.285997967614604,0.271441675379695,0.599156993271754,0.370619721585346,0.499858107997852,0.472889195621278,0.380787464477375,0.872326439674737,0.999975606664492,0.207897394494311,12,0.0617888086735896,1,1
"101303_1",0.235235400677368,0.375840758177851,0.673061178763459,0.586492921830748,2.69250937448815e-06,0.0621887034222102,0.016300254991247,0.897929248893846,0.999854110333847,0.999928297183826,9.64684443548322e-05,0.524660395572523,0.370147837803016,0.0556502307499643,0.302694864139173,0.0692038529537446,0.441438209446837,0.00010701302640605,0.248711823921835,0.619599748087315,0.965246377529049,0.0311714316300107,24,0.8687379543986,1,0.5
"101303_2",0.235235400677368,0.375840758177851,0.673061178763459,0.586492921830748,2.69250937448815e-06,0.0621887034222102,0.016300254991247,0.897929248893846,0.999854110333847,0.999928297183826,9.64684443548322e-05,0.524660395572523,0.370147837803016,0.0556502307499643,0.302694864139173,0.0692038529537446,0.441438209446837,0.00010701302640605,0.248711823921835,0.619599748087315,0.965246377529049,0.0311714316300107,24,0.8687379543986,1,0.5625
"101303_3",0.235235400677368,0.375840758177851,0.673061178763459,0.586492921830748,2.69250937448815e-06,0.0621887034222102,0.016300254991247,0.897929248893846,0.999854110333847,0.999928297183826,9.64684443548322e-05,0.524660395572523,0.370147837803016,0.0556502307499643,0.302694864139173,0.0692038529537446,0.441438209446837,0.00010701302640605,0.248711823921835,0.619599748087315,0.965246377529049,0.0311714316300107,24,0.8687379543986,1,0.625
"101303_4",0.235235400677368,0.375840758177851,0.673061178763459,0.586492921830748,2.69250937448815e-06,0.0621887034222102,0.016300254991247,0.897929248893846,0.999854110333847,0.999928297183826,9.64684443548322e-05,0.524660395572523,0.370147837803016,0.0556502307499643,0.302694864139173,0.0692038529537446,0.441438209446837,0.00010701302640605,0.248711823921835,0.619599748087315,0.965246377529049,0.0311714316300107,24,0.8687379543986,1,0.6875
"101303_5",0.235235400677368,0.375840758177851,0.673061178763459,0.586492921830748,2.69250937448815e-06,0.0621887034222102,0.016300254991247,0.897929248893846,0.999854110333847,0.999928297183826,9.64684443548322e-05,0.524660395572523,0.370147837803016,0.0556502307499643,0.302694864139173,0.0692038529537446,0.441438209446837,0.00010701302640605,0.248711823921835,0.619599748087315,0.965246377529049,0.0311714316300107,24,0.8687379543986,1,0.75
"101303_6",0.235235400677368,0.375840758177851,0.673061178763459,0.586492921830748,2.69250937448815e-06,0.0621887034222102,0.016300254991247,0.897929248893846,0.999854110333847,0.999928297183826,9.64684443548322e-05,0.524660395572523,0.370147837803016,0.0556502307499643,0.302694864139173,0.0692038529537446,0.441438209446837,0.00010701302640605,0.248711823921835,0.619599748087315,0.965246377529049,0.0311714316300107,24,0.8687379543986,1,0.8125
"101303_7",0.235235400677368,0.375840758177851,0.673061178763459,0.586492921830748,2.69250937448815e-06,0.0621887034222102,0.016300254991247,0.897929248893846,0.999854110333847,0.999928297183826,9.64684443548322e-05,0.524660395572523,0.370147837803016,0.0556502307499643,0.302694864139173,0.0692038529537446,0.441438209446837,0.00010701302640605,0.248711823921835,0.619599748087315,0.965246377529049,0.0311714316300107,24,0.8687379543986,1,0.875
"101303_8",0.235235400677368,0.375840758177851,0.673061178763459,0.586492921830748,2.69250937448815e-06,0.0621887034222102,0.016300254991247,0.897929248893846,0.999854110333847,0.999928297183826,9.64684443548322e-05,0.524660395572523,0.370147837803016,0.0556502307499643,0.302694864139173,0.0692038529537446,0.441438209446837,0.00010701302640605,0.248711823921835,0.619599748087315,0.965246377529049,0.0311714316300107,24,0.8687379543986,1,0.9375
"101303_9",0.235235400677368,0.375840758177851,0.673061178763459,0.586492921830748,2.69250937448815e-06,0.0621887034222102,0.016300254991247,0.897929248893846,0.999854110333847,0.999928297183826,9.64684443548322e-05,0.524660395572523,0.370147837803016,0.0556502307499643,0.302694864139173,0.0692038529537446,0.441438209446837,0.00010701302640605,0.248711823921835,0.619599748087315,0.965246377529049,0.0311714316300107,24,0.8687379543986,1,1
"101602_1",0.914438461984807,7.64295788737945e-05,0.131227362227157,0.822315416474829,0.119963741078067,0.0679151731446691,0.0395988018522105,0.269729723636256,0.925281573581839,0.750693187837648,0.300576127874383,0.540763690541466,0.0111339261455579,0.200737732689557,0.929770853243301,0.226805102168456,0.332499792625868,0.499025906290903,0.221437426805047,0.942495595224092,0.820360032747511,0.113439675840998,18,0.89922762299645,1,0.5
"101602_2",0.914438461984807,7.64295788737945e-05,0.131227362227157,0.822315416474829,0.119963741078067,0.0679151731446691,0.0395988018522105,0.269729723636256,0.925281573581839,0.750693187837648,0.300576127874383,0.540763690541466,0.0111339261455579,0.200737732689557,0.929770853243301,0.226805102168456,0.332499792625868,0.499025906290903,0.221437426805047,0.942495595224092,0.820360032747511,0.113439675840998,18,0.89922762299645,1,0.5625
"101602_3",0.914438461984807,7.64295788737945e-05,0.131227362227157,0.822315416474829,0.119963741078067,0.0679151731446691,0.0395988018522105,0.269729723636256,0.925281573581839,0.750693187837648,0.300576127874383,0.540763690541466,0.0111339261455579,0.200737732689557,0.929770853243301,0.226805102168456,0.332499792625868,0.499025906290903,0.221437426805047,0.942495595224092,0.820360032747511,0.113439675840998,18,0.89922762299645,1,0.625
"101602_4",0.914438461984807,7.64295788737945e-05,0.131227362227157,0.822315416474829,0.119963741078067,0.0679151731446691,0.0395988018522105,0.269729723636256,0.925281573581839,0.750693187837648,0.300576127874383,0.540763690541466,0.0111339261455579,0.200737732689557,0.929770853243301,0.226805102168456,0.332499792625868,0.499025906290903,0.221437426805047,0.942495595224092,0.820360032747511,0.113439675840998,18,0.89922762299645,1,0.6875
"101602_5",0.914438461984807,7.64295788737945e-05,0.131227362227157,0.822315416474829,0.119963741078067,0.0679151731446691,0.0395988018522105,0.269729723636256,0.925281573581839,0.750693187837648,0.300576127874383,0.540763690541466,0.0111339261455579,0.200737732689557,0.929770853243301,0.226805102168456,0.332499792625868,0.499025906290903,0.221437426805047,0.942495595224092,0.820360032747511,0.113439675840998,18,0.89922762299645,1,0.75
"101602_6",0.914438461984807,7.64295788737945e-05,0.131227362227157,0.822315416474829,0.119963741078067,0.0679151731446691,0.0395988018522105,0.269729723636256,0.925281573581839,0.750693187837648,0.300576127874383,0.540763690541466,0.0111339261455579,0.200737732689557,0.929770853243301,0.226805102168456,0.332499792625868,0.499025906290903,0.221437426805047,0.942495595224092,0.820360032747511,0.113439675840998,18,0.89922762299645,1,0.8125
"101602_7",0.914438461984807,7.64295788737945e-05,0.131227362227157,0.822315416474829,0.119963741078067,0.0679151731446691,0.0395988018522105,0.269729723636256,0.925281573581839,0.750693187837648,0.300576127874383,0.540763690541466,0.0111339261455579,0.200737732689557,0.929770853243301,0.226805102168456,0.332499792625868,0.499025906290903,0.221437426805047,0.942495595224092,0.820360032747511,0.113439675840998,18,0.89922762299645,1,0.875
"101602_8",0.914438461984807,7.64295788737945e-05,0.131227362227157,0.822315416474829,0.119963741078067,0.0679151731446691,0.0395988018522105,0.269729723636256,0.925281573581839,0.750693187837648,0.300576127874383,0.540763690541466,0.0111339261455579,0.200737732689557,0.929770853243301,0.226805102168456,0.332499792625868,0.499025906290903,0.221437426805047,0.942495595224092,0.820360032747511,0.113439675840998,18,0.89922762299645,1,0.9375
"101602_9",0.914438461984807,7.64295788737945e-05,0.131227362227157,0.822315416474829,0.119963741078067,0.0679151731446691,0.0395988018522105,0.269729723636256,0.925281573581839,0.750693187837648,0.300576127874383,0.540763690541466,0.0111339261455579,0.200737732689557,0.929770853243301,0.226805102168456,0.332499792625868,0.499025906290903,0.221437426805047,0.942495595224092,0.820360032747511,0.113439675840998,18,0.89922762299645,1,1
"102102_1",0.999852021087501,0.248114814933208,0.82073598058,0.754140328518341,2.69250937448815e-06,3.77011053683236e-06,2.35846800701693e-05,0.763782268993367,0.917359720716707,0.999928297183826,0.0598826728614459,0.544389076361864,0.052642769537112,0.0315775483692449,0.130160752525428,0.419531155717052,0.314524184446868,0.287023680208592,0.348405813215502,0.861912694384104,0.999975606664492,0.0593237794495981,16,0.35025735365609,1,0.5
"102102_2",0.999852021087501,0.248114814933208,0.82073598058,0.754140328518341,2.69250937448815e-06,3.77011053683236e-06,2.35846800701693e-05,0.763782268993367,0.917359720716707,0.999928297183826,0.0598826728614459,0.544389076361864,0.052642769537112,0.0315775483692449,0.130160752525428,0.419531155717052,0.314524184446868,0.287023680208592,0.348405813215502,0.861912694384104,0.999975606664492,0.0593237794495981,16,0.35025735365609,1,0.5625
"102102_3",0.999852021087501,0.248114814933208,0.82073598058,0.754140328518341,2.69250937448815e-06,3.77011053683236e-06,2.35846800701693e-05,0.763782268993367,0.917359720716707,0.999928297183826,0.0598826728614459,0.544389076361864,0.052642769537112,0.0315775483692449,0.130160752525428,0.419531155717052,0.314524184446868,0.287023680208592,0.348405813215502,0.861912694384104,0.999975606664492,0.0593237794495981,16,0.35025735365609,1,0.625
"102102_4",0.999852021087501,0.248114814933208,0.82073598058,0.754140328518341,2.69250937448815e-06,3.77011053683236e-06,2.35846800701693e-05,0.763782268993367,0.917359720716707,0.999928297183826,0.0598826728614459,0.544389076361864,0.052642769537112,0.0315775483692449,0.130160752525428,0.419531155717052,0.314524184446868,0.287023680208592,0.348405813215502,0.861912694384104,0.999975606664492,0.0593237794495981,16,0.35025735365609,1,0.6875
"102102_5",0.999852021087501,0.248114814933208,0.82073598058,0.754140328518341,2.69250937448815e-06,3.77011053683236e-06,2.35846800701693e-05,0.763782268993367,0.917359720716707,0.999928297183826,0.0598826728614459,0.544389076361864,0.052642769537112,0.0315775483692449,0.130160752525428,0.419531155717052,0.314524184446868,0.287023680208592,0.348405813215502,0.861912694384104,0.999975606664492,0.0593237794495981,16,0.35025735365609,1,0.75
"102102_6",0.999852021087501,0.248114814933208,0.82073598058,0.754140328518341,2.69250937448815e-06,3.77011053683236e-06,2.35846800701693e-05,0.763782268993367,0.917359720716707,0.999928297183826,0.0598826728614459,0.544389076361864,0.052642769537112,0.0315775483692449,0.130160752525428,0.419531155717052,0.314524184446868,0.287023680208592,0.348405813215502,0.861912694384104,0.999975606664492,0.0593237794495981,16,0.35025735365609,1,0.8125
"102102_7",0.999852021087501,0.248114814933208,0.82073598058,0.754140328518341,2.69250937448815e-06,3.77011053683236e-06,2.35846800701693e-05,0.763782268993367,0.917359720716707,0.999928297183826,0.0598826728614459,0.544389076361864,0.052642769537112,0.0315775483692449,0.130160752525428,0.419531155717052,0.314524184446868,0.287023680208592,0.348405813215502,0.861912694384104,0.999975606664492,0.0593237794495981,16,0.35025735365609,1,0.875
"102102_8",0.999852021087501,0.248114814933208,0.82073598058,0.754140328518341,2.69250937448815e-06,3.77011053683236e-06,2.35846800701693e-05,0.763782268993367,0.917359720716707,0.999928297183826,0.0598826728614459,0.544389076361864,0.052642769537112,0.0315775483692449,0.130160752525428,0.419531155717052,0.314524184446868,0.287023680208592,0.348405813215502,0.861912694384104,0.999975606664492,0.0593237794495981,16,0.35025735365609,1,0.9375
"102102_9",0.999852021087501,0.248114814933208,0.82073598058,0.754140328518341,2.69250937448815e-06,3.77011053683236e-06,2.35846800701693e-05,0.763782268993367,0.917359720716707,0.999928297183826,0.0598826728614459,0.544389076361864,0.052642769537112,0.0315775483692449,0.130160752525428,0.419531155717052,0.314524184446868,0.287023680208592,0.348405813215502,0.861912694384104,0.999975606664492,0.0593237794495981,16,0.35025735365609,1,1
"102300_1",0.848080704620721,0.538578364823847,0.170550079776585,0.500063357459616,2.69250937448815e-06,0.119998732919027,2.35846800701693e-05,0.465383840898615,0.307908316440685,0.707795084555582,0.355658752726252,0.41613494130646,4.64802905591205e-05,7.76303646992892e-05,0.461537252258903,0.265561720095209,3.55416661011986e-06,0.338577017416089,0.493989198180452,0.728768922956279,0.789028652569016,0.0938451475478417,13,0.970419813025727,1,0.5
"102300_2",0.848080704620721,0.538578364823847,0.170550079776585,0.500063357459616,2.69250937448815e-06,0.119998732919027,2.35846800701693e-05,0.465383840898615,0.307908316440685,0.707795084555582,0.355658752726252,0.41613494130646,4.64802905591205e-05,7.76303646992892e-05,0.461537252258903,0.265561720095209,3.55416661011986e-06,0.338577017416089,0.493989198180452,0.728768922956279,0.789028652569016,0.0938451475478417,13,0.970419813025727,1,0.5625
"102300_3",0.848080704620721,0.538578364823847,0.170550079776585,0.500063357459616,2.69250937448815e-06,0.119998732919027,2.35846800701693e-05,0.465383840898615,0.307908316440685,0.707795084555582,0.355658752726252,0.41613494130646,4.64802905591205e-05,7.76303646992892e-05,0.461537252258903,0.265561720095209,3.55416661011986e-06,0.338577017416089,0.493989198180452,0.728768922956279,0.789028652569016,0.0938451475478417,13,0.970419813025727,1,0.625
"102300_4",0.848080704620721,0.538578364823847,0.170550079776585,0.500063357459616,2.69250937448815e-06,0.119998732919027,2.35846800701693e-05,0.465383840898615,0.307908316440685,0.707795084555582,0.355658752726252,0.41613494130646,4.64802905591205e-05,7.76303646992892e-05,0.461537252258903,0.265561720095209,3.55416661011986e-06,0.338577017416089,0.493989198180452,0.728768922956279,0.789028652569016,0.0938451475478417,13,0.970419813025727,1,0.6875
"102300_5",0.848080704620721,0.538578364823847,0.170550079776585,0.500063357459616,2.69250937448815e-06,0.119998732919027,2.35846800701693e-05,0.465383840898615,0.307908316440685,0.707795084555582,0.355658752726252,0.41613494130646,4.64802905591205e-05,7.76303646992892e-05,0.461537252258903,0.265561720095209,3.55416661011986e-06,0.338577017416089,0.493989198180452,0.728768922956279,0.789028652569016,0.0938451475478417,13,0.970419813025727,1,0.75
"102300_6",0.848080704620721,0.538578364823847,0.170550079776585,0.500063357459616,2.69250937448815e-06,0.119998732919027,2.35846800701693e-05,0.465383840898615,0.307908316440685,0.707795084555582,0.355658752726252,0.41613494130646,4.64802905591205e-05,7.76303646992892e-05,0.461537252258903,0.265561720095209,3.55416661011986e-06,0.338577017416089,0.493989198180452,0.728768922956279,0.789028652569016,0.0938451475478417,13,0.970419813025727,1,0.8125
"102300_7",0.848080704620721,0.538578364823847,0.170550079776585,0.500063357459616,2.69250937448815e-06,0.119998732919027,2.35846800701693e-05,0.465383840898615,0.307908316440685,0.707795084555582,0.355658752726252,0.41613494130646,4.64802905591205e-05,7.76303646992892e-05,0.461537252258903,0.265561720095209,3.55416661011986e-06,0.338577017416089,0.493989198180452,0.728768922956279,0.789028652569016,0.0938451475478417,13,0.970419813025727,1,0.875
"102300_8",0.848080704620721,0.538578364823847,0.170550079776585,0.500063357459616,2.69250937448815e-06,0.119998732919027,2.35846800701693e-05,0.465383840898615,0.307908316440685,0.707795084555582,0.355658752726252,0.41613494130646,4.64802905591205e-05,7.76303646992892e-05,0.461537252258903,0.265561720095209,3.55416661011986e-06,0.338577017416089,0.493989198180452,0.728768922956279,0.789028652569016,0.0938451475478417,13,0.970419813025727,1,0.9375
"102300_9",0.848080704620721,0.538578364823847,0.170550079776585,0.500063357459616,2.69250937448815e-06,0.119998732919027,2.35846800701693e-05,0.465383840898615,0.307908316440685,0.707795084555582,0.355658752726252,0.41613494130646,4.64802905591205e-05,7.76303646992892e-05,0.461537252258903,0.265561720095209,3.55416661011986e-06,0.338577017416089,0.493989198180452,0.728768922956279,0.789028652569016,0.0938451475478417,13,0.970419813025727,1,1
"102401_1",0.54525778086311,0.0093900615675922,0.534628069503941,0.850851934043914,0.0734900189337749,0.0877330875310732,0.0783203195108254,0.87852095213779,0.79969949820796,0.760004869499304,0.316302317727537,0.45311759315563,0.193827923926294,0.0284516774377908,0.15882591241308,0.499989724523516,0.250043147851221,0.377019704306653,0.277256524756202,0.677045242930813,0.789274547393688,0.200394566314333,18,0.999772849337969,1,0.5
"102401_2",0.54525778086311,0.0093900615675922,0.534628069503941,0.850851934043914,0.0734900189337749,0.0877330875310732,0.0783203195108254,0.87852095213779,0.79969949820796,0.760004869499304,0.316302317727537,0.45311759315563,0.193827923926294,0.0284516774377908,0.15882591241308,0.499989724523516,0.250043147851221,0.377019704306653,0.277256524756202,0.677045242930813,0.789274547393688,0.200394566314333,18,0.999772849337969,1,0.5625
"102401_3",0.54525778086311,0.0093900615675922,0.534628069503941,0.850851934043914,0.0734900189337749,0.0877330875310732,0.0783203195108254,0.87852095213779,0.79969949820796,0.760004869499304,0.316302317727537,0.45311759315563,0.193827923926294,0.0284516774377908,0.15882591241308,0.499989724523516,0.250043147851221,0.377019704306653,0.277256524756202,0.677045242930813,0.789274547393688,0.200394566314333,18,0.999772849337969,1,0.625
"102401_4",0.54525778086311,0.0093900615675922,0.534628069503941,0.850851934043914,0.0734900189337749,0.0877330875310732,0.0783203195108254,0.87852095213779,0.79969949820796,0.760004869499304,0.316302317727537,0.45311759315563,0.193827923926294,0.0284516774377908,0.15882591241308,0.499989724523516,0.250043147851221,0.377019704306653,0.277256524756202,0.677045242930813,0.789274547393688,0.200394566314333,18,0.999772849337969,1,0.6875
"102401_5",0.54525778086311,0.0093900615675922,0.534628069503941,0.850851934043914,0.0734900189337749,0.0877330875310732,0.0783203195108254,0.87852095213779,0.79969949820796,0.760004869499304,0.316302317727537,0.45311759315563,0.193827923926294,0.0284516774377908,0.15882591241308,0.499989724523516,0.250043147851221,0.377019704306653,0.277256524756202,0.677045242930813,0.789274547393688,0.200394566314333,18,0.999772849337969,1,0.75
"102401_6",0.54525778086311,0.0093900615675922,0.534628069503941,0.850851934043914,0.0734900189337749,0.0877330875310732,0.0783203195108254,0.87852095213779,0.79969949820796,0.760004869499304,0.316302317727537,0.45311759315563,0.193827923926294,0.0284516774377908,0.15882591241308,0.499989724523516,0.250043147851221,0.377019704306653,0.277256524756202,0.677045242930813,0.789274547393688,0.200394566314333,18,0.999772849337969,1,0.8125
"102401_7",0.54525778086311,0.0093900615675922,0.534628069503941,0.850851934043914,0.0734900189337749,0.0877330875310732,0.0783203195108254,0.87852095213779,0.79969949820796,0.760004869499304,0.316302317727537,0.45311759315563,0.193827923926294,0.0284516774377908,0.15882591241308,0.499989724523516,0.250043147851221,0.377019704306653,0.277256524756202,0.677045242930813,0.789274547393688,0.200394566314333,18,0.999772849337969,1,0.875
"102401_8",0.54525778086311,0.0093900615675922,0.534628069503941,0.850851934043914,0.0734900189337749,0.0877330875310732,0.0783203195108254,0.87852095213779,0.79969949820796,0.760004869499304,0.316302317727537,0.45311759315563,0.193827923926294,0.0284516774377908,0.15882591241308,0.499989724523516,0.250043147851221,0.377019704306653,0.277256524756202,0.677045242930813,0.789274547393688,0.200394566314333,18,0.999772849337969,1,0.9375
"102401_9",0.54525778086311,0.0093900615675922,0.534628069503941,0.850851934043914,0.0734900189337749,0.0877330875310732,0.0783203195108254,0.87852095213779,0.79969949820796,0.760004869499304,0.316302317727537,0.45311759315563,0.193827923926294,0.0284516774377908,0.15882591241308,0.499989724523516,0.250043147851221,0.377019704306653,0.277256524756202,0.677045242930813,0.789274547393688,0.200394566314333,18,0.999772849337969,1,1
"102500_1",0.794418716157272,7.64295788737945e-05,0.781312695888054,0.949881906628236,0.0921780165157903,0.0298540988673436,0.00869521701935504,0.628325941088398,0.32860235484263,0.331272953544429,0.367160762513743,0.187067395654326,0.12341774417065,0.0441244829725575,0.411353835871958,0.00030305628819158,3.55416661011986e-06,0.108824929627662,0.499559855764972,0.674808487552641,0.500132491014102,0.0987472897767403,21,0.545694618128896,1,0.5
"102500_2",0.794418716157272,7.64295788737945e-05,0.781312695888054,0.949881906628236,0.0921780165157903,0.0298540988673436,0.00869521701935504,0.628325941088398,0.32860235484263,0.331272953544429,0.367160762513743,0.187067395654326,0.12341774417065,0.0441244829725575,0.411353835871958,0.00030305628819158,3.55416661011986e-06,0.108824929627662,0.499559855764972,0.674808487552641,0.500132491014102,0.0987472897767403,21,0.545694618128896,1,0.5625
"102500_3",0.794418716157272,7.64295788737945e-05,0.781312695888054,0.949881906628236,0.0921780165157903,0.0298540988673436,0.00869521701935504,0.628325941088398,0.32860235484263,0.331272953544429,0.367160762513743,0.187067395654326,0.12341774417065,0.0441244829725575,0.411353835871958,0.00030305628819158,3.55416661011986e-06,0.108824929627662,0.499559855764972,0.674808487552641,0.500132491014102,0.0987472897767403,21,0.545694618128896,1,0.625
"102500_4",0.794418716157272,7.64295788737945e-05,0.781312695888054,0.949881906628236,0.0921780165157903,0.0298540988673436,0.00869521701935504,0.628325941088398,0.32860235484263,0.331272953544429,0.367160762513743,0.187067395654326,0.12341774417065,0.0441244829725575,0.411353835871958,0.00030305628819158,3.55416661011986e-06,0.108824929627662,0.499559855764972,0.674808487552641,0.500132491014102,0.0987472897767403,21,0.545694618128896,1,0.6875
"102500_5",0.794418716157272,7.64295788737945e-05,0.781312695888054,0.949881906628236,0.0921780165157903,0.0298540988673436,0.00869521701935504,0.628325941088398,0.32860235484263,0.331272953544429,0.367160762513743,0.187067395654326,0.12341774417065,0.0441244829725575,0.411353835871958,0.00030305628819158,3.55416661011986e-06,0.108824929627662,0.499559855764972,0.674808487552641,0.500132491014102,0.0987472897767403,21,0.545694618128896,1,0.75
"102500_6",0.794418716157272,7.64295788737945e-05,0.781312695888054,0.949881906628236,0.0921780165157903,0.0298540988673436,0.00869521701935504,0.628325941088398,0.32860235484263,0.331272953544429,0.367160762513743,0.187067395654326,0.12341774417065,0.0441244829725575,0.411353835871958,0.00030305628819158,3.55416661011986e-06,0.108824929627662,0.499559855764972,0.674808487552641,0.500132491014102,0.0987472897767403,21,0.545694618128896,1,0.8125
"102500_7",0.794418716157272,7.64295788737945e-05,0.781312695888054,0.949881906628236,0.0921780165157903,0.0298540988673436,0.00869521701935504,0.628325941088398,0.32860235484263,0.331272953544429,0.367160762513743,0.187067395654326,0.12341774417065,0.0441244829725575,0.411353835871958,0.00030305628819158,3.55416661011986e-06,0.108824929627662,0.499559855764972,0.674808487552641,0.500132491014102,0.0987472897767403,21,0.545694618128896,1,0.875
"102500_8",0.794418716157272,7.64295788737945e-05,0.781312695888054,0.949881906628236,0.0921780165157903,0.0298540988673436,0.00869521701935504,0.628325941088398,0.32860235484263,0.331272953544429,0.367160762513743,0.187067395654326,0.12341774417065,0.0441244829725575,0.411353835871958,0.00030305628819158,3.55416661011986e-06,0.108824929627662,0.499559855764972,0.674808487552641,0.500132491014102,0.0987472897767403,21,0.545694618128896,1,0.9375
"102500_9",0.794418716157272,7.64295788737945e-05,0.781312695888054,0.949881906628236,0.0921780165157903,0.0298540988673436,0.00869521701935504,0.628325941088398,0.32860235484263,0.331272953544429,0.367160762513743,0.187067395654326,0.12341774417065,0.0441244829725575,0.411353835871958,0.00030305628819158,3.55416661011986e-06,0.108824929627662,0.499559855764972,0.674808487552641,0.500132491014102,0.0987472897767403,21,0.545694618128896,1,1
"102903_1",0.873765397421178,0.143010746580052,0.562130327498904,0.52194561052829,0.0685413876267145,0.0944074961457599,0.0402847264733662,0.729816438139494,0.999854110333847,0.609524626735967,0.203700974134799,0.423393882738935,0.212232617585731,7.76303646992892e-05,0.64479916030285,0.386677133767993,0.499858107997852,0.222716399157435,0.350064596332496,0.890220893801921,0.693927589662547,0.13172963203677,9,0.668572273257622,1,0.5
"102903_2",0.873765397421178,0.143010746580052,0.562130327498904,0.52194561052829,0.0685413876267145,0.0944074961457599,0.0402847264733662,0.729816438139494,0.999854110333847,0.609524626735967,0.203700974134799,0.423393882738935,0.212232617585731,7.76303646992892e-05,0.64479916030285,0.386677133767993,0.499858107997852,0.222716399157435,0.350064596332496,0.890220893801921,0.693927589662547,0.13172963203677,9,0.668572273257622,1,0.5625
"102903_3",0.873765397421178,0.143010746580052,0.562130327498904,0.52194561052829,0.0685413876267145,0.0944074961457599,0.0402847264733662,0.729816438139494,0.999854110333847,0.609524626735967,0.203700974134799,0.423393882738935,0.212232617585731,7.76303646992892e-05,0.64479916030285,0.386677133767993,0.499858107997852,0.222716399157435,0.350064596332496,0.890220893801921,0.693927589662547,0.13172963203677,9,0.668572273257622,1,0.625
"102903_4",0.873765397421178,0.143010746580052,0.562130327498904,0.52194561052829,0.0685413876267145,0.0944074961457599,0.0402847264733662,0.729816438139494,0.999854110333847,0.609524626735967,0.203700974134799,0.423393882738935,0.212232617585731,7.76303646992892e-05,0.64479916030285,0.386677133767993,0.499858107997852,0.222716399157435,0.350064596332496,0.890220893801921,0.693927589662547,0.13172963203677,9,0.668572273257622,1,0.6875
"102903_5",0.873765397421178,0.143010746580052,0.562130327498904,0.52194561052829,0.0685413876267145,0.0944074961457599,0.0402847264733662,0.729816438139494,0.999854110333847,0.609524626735967,0.203700974134799,0.423393882738935,0.212232617585731,7.76303646992892e-05,0.64479916030285,0.386677133767993,0.499858107997852,0.222716399157435,0.350064596332496,0.890220893801921,0.693927589662547,0.13172963203677,9,0.668572273257622,1,0.75
"102903_6",0.873765397421178,0.143010746580052,0.562130327498904,0.52194561052829,0.0685413876267145,0.0944074961457599,0.0402847264733662,0.729816438139494,0.999854110333847,0.609524626735967,0.203700974134799,0.423393882738935,0.212232617585731,7.76303646992892e-05,0.64479916030285,0.386677133767993,0.499858107997852,0.222716399157435,0.350064596332496,0.890220893801921,0.693927589662547,0.13172963203677,9,0.668572273257622,1,0.8125
"102903_7",0.873765397421178,0.143010746580052,0.562130327498904,0.52194561052829,0.0685413876267145,0.0944074961457599,0.0402847264733662,0.729816438139494,0.999854110333847,0.609524626735967,0.203700974134799,0.423393882738935,0.212232617585731,7.76303646992892e-05,0.64479916030285,0.386677133767993,0.499858107997852,0.222716399157435,0.350064596332496,0.890220893801921,0.693927589662547,0.13172963203677,9,0.668572273257622,1,0.875
"102903_8",0.873765397421178,0.143010746580052,0.562130327498904,0.52194561052829,0.0685413876267145,0.0944074961457599,0.0402847264733662,0.729816438139494,0.999854110333847,0.609524626735967,0.203700974134799,0.423393882738935,0.212232617585731,7.76303646992892e-05,0.64479916030285,0.386677133767993,0.499858107997852,0.222716399157435,0.350064596332496,0.890220893801921,0.693927589662547,0.13172963203677,9,0.668572273257622,1,0.9375
"102903_9",0.873765397421178,0.143010746580052,0.562130327498904,0.52194561052829,0.0685413876267145,0.0944074961457599,0.0402847264733662,0.729816438139494,0.999854110333847,0.609524626735967,0.203700974134799,0.423393882738935,0.212232617585731,7.76303646992892e-05,0.64479916030285,0.386677133767993,0.499858107997852,0.222716399157435,0.350064596332496,0.890220893801921,0.693927589662547,0.13172963203677,9,0.668572273257622,1,1
"103000_1",0.153892178328698,0.202338998612124,0.854678022610178,0.857445644629218,0.0402817605390459,0.0283877596950031,0.00275213850011909,0.885475929703946,0.999854110333847,0.905541001967333,0.0806043230007276,0.684872188853535,0.541011207684473,7.76303646992892e-05,0.0857113043093605,0.226829158168287,0.486841055556648,0.0224069626299453,0.338767637091908,0.735349618454283,0.813938281769168,0.0466813387942683,7,6.59723176294938e-05,1,0.5
"103000_2",0.153892178328698,0.202338998612124,0.854678022610178,0.857445644629218,0.0402817605390459,0.0283877596950031,0.00275213850011909,0.885475929703946,0.999854110333847,0.905541001967333,0.0806043230007276,0.684872188853535,0.541011207684473,7.76303646992892e-05,0.0857113043093605,0.226829158168287,0.486841055556648,0.0224069626299453,0.338767637091908,0.735349618454283,0.813938281769168,0.0466813387942683,7,6.59723176294938e-05,1,0.5625
"103000_3",0.153892178328698,0.202338998612124,0.854678022610178,0.857445644629218,0.0402817605390459,0.0283877596950031,0.00275213850011909,0.885475929703946,0.999854110333847,0.905541001967333,0.0806043230007276,0.684872188853535,0.541011207684473,7.76303646992892e-05,0.0857113043093605,0.226829158168287,0.486841055556648,0.0224069626299453,0.338767637091908,0.735349618454283,0.813938281769168,0.0466813387942683,7,6.59723176294938e-05,1,0.625
"103000_4",0.153892178328698,0.202338998612124,0.854678022610178,0.857445644629218,0.0402817605390459,0.0283877596950031,0.00275213850011909,0.885475929703946,0.999854110333847,0.905541001967333,0.0806043230007276,0.684872188853535,0.541011207684473,7.76303646992892e-05,0.0857113043093605,0.226829158168287,0.486841055556648,0.0224069626299453,0.338767637091908,0.735349618454283,0.813938281769168,0.0466813387942683,7,6.59723176294938e-05,1,0.6875
"103000_5",0.153892178328698,0.202338998612124,0.854678022610178,0.857445644629218,0.0402817605390459,0.0283877596950031,0.00275213850011909,0.885475929703946,0.999854110333847,0.905541001967333,0.0806043230007276,0.684872188853535,0.541011207684473,7.76303646992892e-05,0.0857113043093605,0.226829158168287,0.486841055556648,0.0224069626299453,0.338767637091908,0.735349618454283,0.813938281769168,0.0466813387942683,7,6.59723176294938e-05,1,0.75
"103000_6",0.153892178328698,0.202338998612124,0.854678022610178,0.857445644629218,0.0402817605390459,0.0283877596950031,0.00275213850011909,0.885475929703946,0.999854110333847,0.905541001967333,0.0806043230007276,0.684872188853535,0.541011207684473,7.76303646992892e-05,0.0857113043093605,0.226829158168287,0.486841055556648,0.0224069626299453,0.338767637091908,0.735349618454283,0.813938281769168,0.0466813387942683,7,6.59723176294938e-05,1,0.8125
"103000_7",0.153892178328698,0.202338998612124,0.854678022610178,0.857445644629218,0.0402817605390459,0.0283877596950031,0.00275213850011909,0.885475929703946,0.999854110333847,0.905541001967333,0.0806043230007276,0.684872188853535,0.541011207684473,7.76303646992892e-05,0.0857113043093605,0.226829158168287,0.486841055556648,0.0224069626299453,0.338767637091908,0.735349618454283,0.813938281769168,0.0466813387942683,7,6.59723176294938e-05,1,0.875
"103000_8",0.153892178328698,0.202338998612124,0.854678022610178,0.857445644629218,0.0402817605390459,0.0283877596950031,0.00275213850011909,0.885475929703946,0.999854110333847,0.905541001967333,0.0806043230007276,0.684872188853535,0.541011207684473,7.76303646992892e-05,0.0857113043093605,0.226829158168287,0.486841055556648,0.0224069626299453,0.338767637091908,0.735349618454283,0.813938281769168,0.0466813387942683,7,6.59723176294938e-05,1,0.9375
"103000_9",0.153892178328698,0.202338998612124,0.854678022610178,0.857445644629218,0.0402817605390459,0.0283877596950031,0.00275213850011909,0.885475929703946,0.999854110333847,0.905541001967333,0.0806043230007276,0.684872188853535,0.541011207684473,7.76303646992892e-05,0.0857113043093605,0.226829158168287,0.486841055556648,0.0224069626299453,0.338767637091908,0.735349618454283,0.813938281769168,0.0466813387942683,7,6.59723176294938e-05,1,1
"103100_1",0.812879384486054,0.516072267888755,0.699870379973331,0.785820421420975,0.0203124125150101,0.0677715020230696,0.0497599396482209,0.633218643333856,0.999854110333847,0.999928297183826,0.0926238882584751,0.208611801878134,0.155712697257482,0.0261241418260375,0.351236361887403,0.00030305628819158,0.179507887029894,0.00010701302640605,0.243694417127618,0.500013466963832,0.556105900251092,0.100263825548319,20,0.649771248243561,1,0.5
"103100_2",0.812879384486054,0.516072267888755,0.699870379973331,0.785820421420975,0.0203124125150101,0.0677715020230696,0.0497599396482209,0.633218643333856,0.999854110333847,0.999928297183826,0.0926238882584751,0.208611801878134,0.155712697257482,0.0261241418260375,0.351236361887403,0.00030305628819158,0.179507887029894,0.00010701302640605,0.243694417127618,0.500013466963832,0.556105900251092,0.100263825548319,20,0.649771248243561,1,0.5625
"103100_3",0.812879384486054,0.516072267888755,0.699870379973331,0.785820421420975,0.0203124125150101,0.0677715020230696,0.0497599396482209,0.633218643333856,0.999854110333847,0.999928297183826,0.0926238882584751,0.208611801878134,0.155712697257482,0.0261241418260375,0.351236361887403,0.00030305628819158,0.179507887029894,0.00010701302640605,0.243694417127618,0.500013466963832,0.556105900251092,0.100263825548319,20,0.649771248243561,1,0.625
"103100_4",0.812879384486054,0.516072267888755,0.699870379973331,0.785820421420975,0.0203124125150101,0.0677715020230696,0.0497599396482209,0.633218643333856,0.999854110333847,0.999928297183826,0.0926238882584751,0.208611801878134,0.155712697257482,0.0261241418260375,0.351236361887403,0.00030305628819158,0.179507887029894,0.00010701302640605,0.243694417127618,0.500013466963832,0.556105900251092,0.100263825548319,20,0.649771248243561,1,0.6875
"103100_5",0.812879384486054,0.516072267888755,0.699870379973331,0.785820421420975,0.0203124125150101,0.0677715020230696,0.0497599396482209,0.633218643333856,0.999854110333847,0.999928297183826,0.0926238882584751,0.208611801878134,0.155712697257482,0.0261241418260375,0.351236361887403,0.00030305628819158,0.179507887029894,0.00010701302640605,0.243694417127618,0.500013466963832,0.556105900251092,0.100263825548319,20,0.649771248243561,1,0.75
"103100_6",0.812879384486054,0.516072267888755,0.699870379973331,0.785820421420975,0.0203124125150101,0.0677715020230696,0.0497599396482209,0.633218643333856,0.999854110333847,0.999928297183826,0.0926238882584751,0.208611801878134,0.155712697257482,0.0261241418260375,0.351236361887403,0.00030305628819158,0.179507887029894,0.00010701302640605,0.243694417127618,0.500013466963832,0.556105900251092,0.100263825548319,20,0.649771248243561,1,0.8125
"103100_7",0.812879384486054,0.516072267888755,0.699870379973331,0.785820421420975,0.0203124125150101,0.0677715020230696,0.0497599396482209,0.633218643333856,0.999854110333847,0.999928297183826,0.0926238882584751,0.208611801878134,0.155712697257482,0.0261241418260375,0.351236361887403,0.00030305628819158,0.179507887029894,0.00010701302640605,0.243694417127618,0.500013466963832,0.556105900251092,0.100263825548319,20,0.649771248243561,1,0.875
"103100_8",0.812879384486054,0.516072267888755,0.699870379973331,0.785820421420975,0.0203124125150101,0.0677715020230696,0.0497599396482209,0.633218643333856,0.999854110333847,0.999928297183826,0.0926238882584751,0.208611801878134,0.155712697257482,0.0261241418260375,0.351236361887403,0.00030305628819158,0.179507887029894,0.00010701302640605,0.243694417127618,0.500013466963832,0.556105900251092,0.100263825548319,20,0.649771248243561,1,0.9375
"103100_9",0.812879384486054,0.516072267888755,0.699870379973331,0.785820421420975,0.0203124125150101,0.0677715020230696,0.0497599396482209,0.633218643333856,0.999854110333847,0.999928297183826,0.0926238882584751,0.208611801878134,0.155712697257482,0.0261241418260375,0.351236361887403,0.00030305628819158,0.179507887029894,0.00010701302640605,0.243694417127618,0.500013466963832,0.556105900251092,0.100263825548319,20,0.649771248243561,1,1
"103402_1",0.888663833723639,0.304460258848463,0.663635539718884,0.744785869528008,2.69250937448815e-06,3.77011053683236e-06,0.0580245208329065,0.930476194094971,0.713789879597437,0.705438512740769,0.182803009345856,0.501619896128339,0.490242251353591,0.026545444020895,0.00019440235718619,0.355911414948817,0.103434060220983,0.351984924220174,0.499559855764972,0.712529438969215,0.666178650408268,0.219179326812879,11,0.418223458977028,1,0.5
"103402_2",0.888663833723639,0.304460258848463,0.663635539718884,0.744785869528008,2.69250937448815e-06,3.77011053683236e-06,0.0580245208329065,0.930476194094971,0.713789879597437,0.705438512740769,0.182803009345856,0.501619896128339,0.490242251353591,0.026545444020895,0.00019440235718619,0.355911414948817,0.103434060220983,0.351984924220174,0.499559855764972,0.712529438969215,0.666178650408268,0.219179326812879,11,0.418223458977028,1,0.5625
"103402_3",0.888663833723639,0.304460258848463,0.663635539718884,0.744785869528008,2.69250937448815e-06,3.77011053683236e-06,0.0580245208329065,0.930476194094971,0.713789879597437,0.705438512740769,0.182803009345856,0.501619896128339,0.490242251353591,0.026545444020895,0.00019440235718619,0.355911414948817,0.103434060220983,0.351984924220174,0.499559855764972,0.712529438969215,0.666178650408268,0.219179326812879,11,0.418223458977028,1,0.625
"103402_4",0.888663833723639,0.304460258848463,0.663635539718884,0.744785869528008,2.69250937448815e-06,3.77011053683236e-06,0.0580245208329065,0.930476194094971,0.713789879597437,0.705438512740769,0.182803009345856,0.501619896128339,0.490242251353591,0.026545444020895,0.00019440235718619,0.355911414948817,0.103434060220983,0.351984924220174,0.499559855764972,0.712529438969215,0.666178650408268,0.219179326812879,11,0.418223458977028,1,0.6875
"103402_5",0.888663833723639,0.304460258848463,0.663635539718884,0.744785869528008,2.69250937448815e-06,3.77011053683236e-06,0.0580245208329065,0.930476194094971,0.713789879597437,0.705438512740769,0.182803009345856,0.501619896128339,0.490242251353591,0.026545444020895,0.00019440235718619,0.355911414948817,0.103434060220983,0.351984924220174,0.499559855764972,0.712529438969215,0.666178650408268,0.219179326812879,11,0.418223458977028,1,0.75
"103402_6",0.888663833723639,0.304460258848463,0.663635539718884,0.744785869528008,2.69250937448815e-06,3.77011053683236e-06,0.0580245208329065,0.930476194094971,0.713789879597437,0.705438512740769,0.182803009345856,0.501619896128339,0.490242251353591,0.026545444020895,0.00019440235718619,0.355911414948817,0.103434060220983,0.351984924220174,0.499559855764972,0.712529438969215,0.666178650408268,0.219179326812879,11,0.418223458977028,1,0.8125
"103402_7",0.888663833723639,0.304460258848463,0.663635539718884,0.744785869528008,2.69250937448815e-06,3.77011053683236e-06,0.0580245208329065,0.930476194094971,0.713789879597437,0.705438512740769,0.182803009345856,0.501619896128339,0.490242251353591,0.026545444020895,0.00019440235718619,0.355911414948817,0.103434060220983,0.351984924220174,0.499559855764972,0.712529438969215,0.666178650408268,0.219179326812879,11,0.418223458977028,1,0.875
"103402_8",0.888663833723639,0.304460258848463,0.663635539718884,0.744785869528008,2.69250937448815e-06,3.77011053683236e-06,0.0580245208329065,0.930476194094971,0.713789879597437,0.705438512740769,0.182803009345856,0.501619896128339,0.490242251353591,0.026545444020895,0.00019440235718619,0.355911414948817,0.103434060220983,0.351984924220174,0.499559855764972,0.712529438969215,0.666178650408268,0.219179326812879,11,0.418223458977028,1,0.9375
"103402_9",0.888663833723639,0.304460258848463,0.663635539718884,0.744785869528008,2.69250937448815e-06,3.77011053683236e-06,0.0580245208329065,0.930476194094971,0.713789879597437,0.705438512740769,0.182803009345856,0.501619896128339,0.490242251353591,0.026545444020895,0.00019440235718619,0.355911414948817,0.103434060220983,0.351984924220174,0.499559855764972,0.712529438969215,0.666178650408268,0.219179326812879,11,0.418223458977028,1,1
"103403_1",0.172609630847568,7.64295788737945e-05,0.424782194850119,0.500063357459616,0.0598329364737466,0.111684483160509,0.0283499397968001,0.568165913960359,0.999854110333847,0.999928297183826,0.192870165122687,0.929654865272182,0.216057793213462,7.76303646992892e-05,0.759269408853517,0.378577762377584,0.499858107997852,0.0891575236935773,0.420467030439688,0.999990134470386,0.97467661885906,0.181237283615433,15,0.999772849337969,1,0.5
"103403_2",0.172609630847568,7.64295788737945e-05,0.424782194850119,0.500063357459616,0.0598329364737466,0.111684483160509,0.0283499397968001,0.568165913960359,0.999854110333847,0.999928297183826,0.192870165122687,0.929654865272182,0.216057793213462,7.76303646992892e-05,0.759269408853517,0.378577762377584,0.499858107997852,0.0891575236935773,0.420467030439688,0.999990134470386,0.97467661885906,0.181237283615433,15,0.999772849337969,1,0.5625
"103403_3",0.172609630847568,7.64295788737945e-05,0.424782194850119,0.500063357459616,0.0598329364737466,0.111684483160509,0.0283499397968001,0.568165913960359,0.999854110333847,0.999928297183826,0.192870165122687,0.929654865272182,0.216057793213462,7.76303646992892e-05,0.759269408853517,0.378577762377584,0.499858107997852,0.0891575236935773,0.420467030439688,0.999990134470386,0.97467661885906,0.181237283615433,15,0.999772849337969,1,0.625
"103403_4",0.172609630847568,7.64295788737945e-05,0.424782194850119,0.500063357459616,0.0598329364737466,0.111684483160509,0.0283499397968001,0.568165913960359,0.999854110333847,0.999928297183826,0.192870165122687,0.929654865272182,0.216057793213462,7.76303646992892e-05,0.759269408853517,0.378577762377584,0.499858107997852,0.0891575236935773,0.420467030439688,0.999990134470386,0.97467661885906,0.181237283615433,15,0.999772849337969,1,0.6875
"103403_5",0.172609630847568,7.64295788737945e-05,0.424782194850119,0.500063357459616,0.0598329364737466,0.111684483160509,0.0283499397968001,0.568165913960359,0.999854110333847,0.999928297183826,0.192870165122687,0.929654865272182,0.216057793213462,7.76303646992892e-05,0.759269408853517,0.378577762377584,0.499858107997852,0.0891575236935773,0.420467030439688,0.999990134470386,0.97467661885906,0.181237283615433,15,0.999772849337969,1,0.75
"103403_6",0.172609630847568,7.64295788737945e-05,0.424782194850119,0.500063357459616,0.0598329364737466,0.111684483160509,0.0283499397968001,0.568165913960359,0.999854110333847,0.999928297183826,0.192870165122687,0.929654865272182,0.216057793213462,7.76303646992892e-05,0.759269408853517,0.378577762377584,0.499858107997852,0.0891575236935773,0.420467030439688,0.999990134470386,0.97467661885906,0.181237283615433,15,0.999772849337969,1,0.8125
"103403_7",0.172609630847568,7.64295788737945e-05,0.424782194850119,0.500063357459616,0.0598329364737466,0.111684483160509,0.0283499397968001,0.568165913960359,0.999854110333847,0.999928297183826,0.192870165122687,0.929654865272182,0.216057793213462,7.76303646992892e-05,0.759269408853517,0.378577762377584,0.499858107997852,0.0891575236935773,0.420467030439688,0.999990134470386,0.97467661885906,0.181237283615433,15,0.999772849337969,1,0.875
"103403_8",0.172609630847568,7.64295788737945e-05,0.424782194850119,0.500063357459616,0.0598329364737466,0.111684483160509,0.0283499397968001,0.568165913960359,0.999854110333847,0.999928297183826,0.192870165122687,0.929654865272182,0.216057793213462,7.76303646992892e-05,0.759269408853517,0.378577762377584,0.499858107997852,0.0891575236935773,0.420467030439688,0.999990134470386,0.97467661885906,0.181237283615433,15,0.999772849337969,1,0.9375
"103403_9",0.172609630847568,7.64295788737945e-05,0.424782194850119,0.500063357459616,0.0598329364737466,0.111684483160509,0.0283499397968001,0.568165913960359,0.999854110333847,0.999928297183826,0.192870165122687,0.929654865272182,0.216057793213462,7.76303646992892e-05,0.759269408853517,0.378577762377584,0.499858107997852,0.0891575236935773,0.420467030439688,0.999990134470386,0.97467661885906,0.181237283615433,15,0.999772849337969,1,1
"103503_1",0.425629766603958,0.169772571049564,0.559018101817675,0.695068526024433,0.0928888175537581,0.0552296467958569,0.068516619518609,0.906042721195133,0.787808604582564,0.74463696488582,9.64684443548322e-05,0.192801355075175,0.035253445705294,0.322191813826006,0.867958436851896,0.265487737365813,0.499858107997852,0.286928627541174,0.337123229635514,0.846868947714704,0.876872591983918,0.019996867834405,20,0.582467342637576,1,0.5
"103503_2",0.425629766603958,0.169772571049564,0.559018101817675,0.695068526024433,0.0928888175537581,0.0552296467958569,0.068516619518609,0.906042721195133,0.787808604582564,0.74463696488582,9.64684443548322e-05,0.192801355075175,0.035253445705294,0.322191813826006,0.867958436851896,0.265487737365813,0.499858107997852,0.286928627541174,0.337123229635514,0.846868947714704,0.876872591983918,0.019996867834405,20,0.582467342637576,1,0.5625
"103503_3",0.425629766603958,0.169772571049564,0.559018101817675,0.695068526024433,0.0928888175537581,0.0552296467958569,0.068516619518609,0.906042721195133,0.787808604582564,0.74463696488582,9.64684443548322e-05,0.192801355075175,0.035253445705294,0.322191813826006,0.867958436851896,0.265487737365813,0.499858107997852,0.286928627541174,0.337123229635514,0.846868947714704,0.876872591983918,0.019996867834405,20,0.582467342637576,1,0.625
"103503_4",0.425629766603958,0.169772571049564,0.559018101817675,0.695068526024433,0.0928888175537581,0.0552296467958569,0.068516619518609,0.906042721195133,0.787808604582564,0.74463696488582,9.64684443548322e-05,0.192801355075175,0.035253445705294,0.322191813826006,0.867958436851896,0.265487737365813,0.499858107997852,0.286928627541174,0.337123229635514,0.846868947714704,0.876872591983918,0.019996867834405,20,0.582467342637576,1,0.6875
"103503_5",0.425629766603958,0.169772571049564,0.559018101817675,0.695068526024433,0.0928888175537581,0.0552296467958569,0.068516619518609,0.906042721195133,0.787808604582564,0.74463696488582,9.64684443548322e-05,0.192801355075175,0.035253445705294,0.322191813826006,0.867958436851896,0.265487737365813,0.499858107997852,0.286928627541174,0.337123229635514,0.846868947714704,0.876872591983918,0.019996867834405,20,0.582467342637576,1,0.75
"103503_6",0.425629766603958,0.169772571049564,0.559018101817675,0.695068526024433,0.0928888175537581,0.0552296467958569,0.068516619518609,0.906042721195133,0.787808604582564,0.74463696488582,9.64684443548322e-05,0.192801355075175,0.035253445705294,0.322191813826006,0.867958436851896,0.265487737365813,0.499858107997852,0.286928627541174,0.337123229635514,0.846868947714704,0.876872591983918,0.019996867834405,20,0.582467342637576,1,0.8125
"103503_7",0.425629766603958,0.169772571049564,0.559018101817675,0.695068526024433,0.0928888175537581,0.0552296467958569,0.068516619518609,0.906042721195133,0.787808604582564,0.74463696488582,9.64684443548322e-05,0.192801355075175,0.035253445705294,0.322191813826006,0.867958436851896,0.265487737365813,0.499858107997852,0.286928627541174,0.337123229635514,0.846868947714704,0.876872591983918,0.019996867834405,20,0.582467342637576,1,0.875
"103503_8",0.425629766603958,0.169772571049564,0.559018101817675,0.695068526024433,0.0928888175537581,0.0552296467958569,0.068516619518609,0.906042721195133,0.787808604582564,0.74463696488582,9.64684443548322e-05,0.192801355075175,0.035253445705294,0.322191813826006,0.867958436851896,0.265487737365813,0.499858107997852,0.286928627541174,0.337123229635514,0.846868947714704,0.876872591983918,0.019996867834405,20,0.582467342637576,1,0.9375
"103503_9",0.425629766603958,0.169772571049564,0.559018101817675,0.695068526024433,0.0928888175537581,0.0552296467958569,0.068516619518609,0.906042721195133,0.787808604582564,0.74463696488582,9.64684443548322e-05,0.192801355075175,0.035253445705294,0.322191813826006,0.867958436851896,0.265487737365813,0.499858107997852,0.286928627541174,0.337123229635514,0.846868947714704,0.876872591983918,0.019996867834405,20,0.582467342637576,1,1
"103600_1",0.674002657444493,0.095511130641053,0.749226312022491,0.994197619042194,0.04849804067195,0.0147857461822927,0.0367296047147357,0.473181893401227,0.453315634578693,0.647635757458782,0.326029187083445,0.0597138640559164,4.64802905591205e-05,7.76303646992892e-05,0.30051095902311,0.255367045428774,0.2301558316408,0.249104850664499,0.328026966417635,0.780566175262037,0.761519212839949,0.163726539837307,17,0.669816736782784,1,0.5
"103600_2",0.674002657444493,0.095511130641053,0.749226312022491,0.994197619042194,0.04849804067195,0.0147857461822927,0.0367296047147357,0.473181893401227,0.453315634578693,0.647635757458782,0.326029187083445,0.0597138640559164,4.64802905591205e-05,7.76303646992892e-05,0.30051095902311,0.255367045428774,0.2301558316408,0.249104850664499,0.328026966417635,0.780566175262037,0.761519212839949,0.163726539837307,17,0.669816736782784,1,0.5625
"103600_3",0.674002657444493,0.095511130641053,0.749226312022491,0.994197619042194,0.04849804067195,0.0147857461822927,0.0367296047147357,0.473181893401227,0.453315634578693,0.647635757458782,0.326029187083445,0.0597138640559164,4.64802905591205e-05,7.76303646992892e-05,0.30051095902311,0.255367045428774,0.2301558316408,0.249104850664499,0.328026966417635,0.780566175262037,0.761519212839949,0.163726539837307,17,0.669816736782784,1,0.625
"103600_4",0.674002657444493,0.095511130641053,0.749226312022491,0.994197619042194,0.04849804067195,0.0147857461822927,0.0367296047147357,0.473181893401227,0.453315634578693,0.647635757458782,0.326029187083445,0.0597138640559164,4.64802905591205e-05,7.76303646992892e-05,0.30051095902311,0.255367045428774,0.2301558316408,0.249104850664499,0.328026966417635,0.780566175262037,0.761519212839949,0.163726539837307,17,0.669816736782784,1,0.6875
"103600_5",0.674002657444493,0.095511130641053,0.749226312022491,0.994197619042194,0.04849804067195,0.0147857461822927,0.0367296047147357,0.473181893401227,0.453315634578693,0.647635757458782,0.326029187083445,0.0597138640559164,4.64802905591205e-05,7.76303646992892e-05,0.30051095902311,0.255367045428774,0.2301558316408,0.249104850664499,0.328026966417635,0.780566175262037,0.761519212839949,0.163726539837307,17,0.669816736782784,1,0.75
"103600_6",0.674002657444493,0.095511130641053,0.749226312022491,0.994197619042194,0.04849804067195,0.0147857461822927,0.0367296047147357,0.473181893401227,0.453315634578693,0.647635757458782,0.326029187083445,0.0597138640559164,4.64802905591205e-05,7.76303646992892e-05,0.30051095902311,0.255367045428774,0.2301558316408,0.249104850664499,0.328026966417635,0.780566175262037,0.761519212839949,0.163726539837307,17,0.669816736782784,1,0.8125
"103600_7",0.674002657444493,0.095511130641053,0.749226312022491,0.994197619042194,0.04849804067195,0.0147857461822927,0.0367296047147357,0.473181893401227,0.453315634578693,0.647635757458782,0.326029187083445,0.0597138640559164,4.64802905591205e-05,7.76303646992892e-05,0.30051095902311,0.255367045428774,0.2301558316408,0.249104850664499,0.328026966417635,0.780566175262037,0.761519212839949,0.163726539837307,17,0.669816736782784,1,0.875
"103600_8",0.674002657444493,0.095511130641053,0.749226312022491,0.994197619042194,0.04849804067195,0.0147857461822927,0.0367296047147357,0.473181893401227,0.453315634578693,0.647635757458782,0.326029187083445,0.0597138640559164,4.64802905591205e-05,7.76303646992892e-05,0.30051095902311,0.255367045428774,0.2301558316408,0.249104850664499,0.328026966417635,0.780566175262037,0.761519212839949,0.163726539837307,17,0.669816736782784,1,0.9375
"103600_9",0.674002657444493,0.095511130641053,0.749226312022491,0.994197619042194,0.04849804067195,0.0147857461822927,0.0367296047147357,0.473181893401227,0.453315634578693,0.647635757458782,0.326029187083445,0.0597138640559164,4.64802905591205e-05,7.76303646992892e-05,0.30051095902311,0.255367045428774,0.2301558316408,0.249104850664499,0.328026966417635,0.780566175262037,0.761519212839949,0.163726539837307,17,0.669816736782784,1,1
"103901_1",0.903888017876635,0.44966384711603,0.275683287276932,0.678820504160531,0.0487062557044984,0.0210072858799643,0.0537782096607342,0.50424354867647,0.770761446423582,0.999928297183826,0.0898536138741753,0.663780834356025,0.293609064696668,7.76303646992892e-05,0.526122803349338,0.440889994947487,0.499858107997852,0.389956537918744,0.41038072884538,0.999990134470386,0.877900229666779,0.124903454250366,3,0.475476530126686,1,0.5
"103901_2",0.903888017876635,0.44966384711603,0.275683287276932,0.678820504160531,0.0487062557044984,0.0210072858799643,0.0537782096607342,0.50424354867647,0.770761446423582,0.999928297183826,0.0898536138741753,0.663780834356025,0.293609064696668,7.76303646992892e-05,0.526122803349338,0.440889994947487,0.499858107997852,0.389956537918744,0.41038072884538,0.999990134470386,0.877900229666779,0.124903454250366,3,0.475476530126686,1,0.5625
"103901_3",0.903888017876635,0.44966384711603,0.275683287276932,0.678820504160531,0.0487062557044984,0.0210072858799643,0.0537782096607342,0.50424354867647,0.770761446423582,0.999928297183826,0.0898536138741753,0.663780834356025,0.293609064696668,7.76303646992892e-05,0.526122803349338,0.440889994947487,0.499858107997852,0.389956537918744,0.41038072884538,0.999990134470386,0.877900229666779,0.124903454250366,3,0.475476530126686,1,0.625
"103901_4",0.903888017876635,0.44966384711603,0.275683287276932,0.678820504160531,0.0487062557044984,0.0210072858799643,0.0537782096607342,0.50424354867647,0.770761446423582,0.999928297183826,0.0898536138741753,0.663780834356025,0.293609064696668,7.76303646992892e-05,0.526122803349338,0.440889994947487,0.499858107997852,0.389956537918744,0.41038072884538,0.999990134470386,0.877900229666779,0.124903454250366,3,0.475476530126686,1,0.6875
"103901_5",0.903888017876635,0.44966384711603,0.275683287276932,0.678820504160531,0.0487062557044984,0.0210072858799643,0.0537782096607342,0.50424354867647,0.770761446423582,0.999928297183826,0.0898536138741753,0.663780834356025,0.293609064696668,7.76303646992892e-05,0.526122803349338,0.440889994947487,0.499858107997852,0.389956537918744,0.41038072884538,0.999990134470386,0.877900229666779,0.124903454250366,3,0.475476530126686,1,0.75
"103901_6",0.903888017876635,0.44966384711603,0.275683287276932,0.678820504160531,0.0487062557044984,0.0210072858799643,0.0537782096607342,0.50424354867647,0.770761446423582,0.999928297183826,0.0898536138741753,0.663780834356025,0.293609064696668,7.76303646992892e-05,0.526122803349338,0.440889994947487,0.499858107997852,0.389956537918744,0.41038072884538,0.999990134470386,0.877900229666779,0.124903454250366,3,0.475476530126686,1,0.8125
"103901_7",0.903888017876635,0.44966384711603,0.275683287276932,0.678820504160531,0.0487062557044984,0.0210072858799643,0.0537782096607342,0.50424354867647,0.770761446423582,0.999928297183826,0.0898536138741753,0.663780834356025,0.293609064696668,7.76303646992892e-05,0.526122803349338,0.440889994947487,0.499858107997852,0.389956537918744,0.41038072884538,0.999990134470386,0.877900229666779,0.124903454250366,3,0.475476530126686,1,0.875
"103901_8",0.903888017876635,0.44966384711603,0.275683287276932,0.678820504160531,0.0487062557044984,0.0210072858799643,0.0537782096607342,0.50424354867647,0.770761446423582,0.999928297183826,0.0898536138741753,0.663780834356025,0.293609064696668,7.76303646992892e-05,0.526122803349338,0.440889994947487,0.499858107997852,0.389956537918744,0.41038072884538,0.999990134470386,0.877900229666779,0.124903454250366,3,0.475476530126686,1,0.9375
"103901_9",0.903888017876635,0.44966384711603,0.275683287276932,0.678820504160531,0.0487062557044984,0.0210072858799643,0.0537782096607342,0.50424354867647,0.770761446423582,0.999928297183826,0.0898536138741753,0.663780834356025,0.293609064696668,7.76303646992892e-05,0.526122803349338,0.440889994947487,0.499858107997852,0.389956537918744,0.41038072884538,0.999990134470386,0.877900229666779,0.124903454250366,3,0.475476530126686,1,1
"104200_1",0.999852021087501,0.602658662449219,0.0786811520121405,0.672013154618555,0.0679840358778379,0.0422445511555155,0.0266014985935125,0.773256138959354,0.121840207166025,0.548229481482603,0.605604805818424,0.320740549822213,0.390905185089287,0.400979311853281,0.248624484126256,0.16436015383221,0.229771777934089,0.074574586396829,0.35361392018631,0.736107091782595,0.702118825600701,0.20118388138014,17,0.245677952222704,1,0.5
"104200_2",0.999852021087501,0.602658662449219,0.0786811520121405,0.672013154618555,0.0679840358778379,0.0422445511555155,0.0266014985935125,0.773256138959354,0.121840207166025,0.548229481482603,0.605604805818424,0.320740549822213,0.390905185089287,0.400979311853281,0.248624484126256,0.16436015383221,0.229771777934089,0.074574586396829,0.35361392018631,0.736107091782595,0.702118825600701,0.20118388138014,17,0.245677952222704,1,0.5625
"104200_3",0.999852021087501,0.602658662449219,0.0786811520121405,0.672013154618555,0.0679840358778379,0.0422445511555155,0.0266014985935125,0.773256138959354,0.121840207166025,0.548229481482603,0.605604805818424,0.320740549822213,0.390905185089287,0.400979311853281,0.248624484126256,0.16436015383221,0.229771777934089,0.074574586396829,0.35361392018631,0.736107091782595,0.702118825600701,0.20118388138014,17,0.245677952222704,1,0.625
"104200_4",0.999852021087501,0.602658662449219,0.0786811520121405,0.672013154618555,0.0679840358778379,0.0422445511555155,0.0266014985935125,0.773256138959354,0.121840207166025,0.548229481482603,0.605604805818424,0.320740549822213,0.390905185089287,0.400979311853281,0.248624484126256,0.16436015383221,0.229771777934089,0.074574586396829,0.35361392018631,0.736107091782595,0.702118825600701,0.20118388138014,17,0.245677952222704,1,0.6875
"104200_5",0.999852021087501,0.602658662449219,0.0786811520121405,0.672013154618555,0.0679840358778379,0.0422445511555155,0.0266014985935125,0.773256138959354,0.121840207166025,0.548229481482603,0.605604805818424,0.320740549822213,0.390905185089287,0.400979311853281,0.248624484126256,0.16436015383221,0.229771777934089,0.074574586396829,0.35361392018631,0.736107091782595,0.702118825600701,0.20118388138014,17,0.245677952222704,1,0.75
"104200_6",0.999852021087501,0.602658662449219,0.0786811520121405,0.672013154618555,0.0679840358778379,0.0422445511555155,0.0266014985935125,0.773256138959354,0.121840207166025,0.548229481482603,0.605604805818424,0.320740549822213,0.390905185089287,0.400979311853281,0.248624484126256,0.16436015383221,0.229771777934089,0.074574586396829,0.35361392018631,0.736107091782595,0.702118825600701,0.20118388138014,17,0.245677952222704,1,0.8125
"104200_7",0.999852021087501,0.602658662449219,0.0786811520121405,0.672013154618555,0.0679840358778379,0.0422445511555155,0.0266014985935125,0.773256138959354,0.121840207166025,0.548229481482603,0.605604805818424,0.320740549822213,0.390905185089287,0.400979311853281,0.248624484126256,0.16436015383221,0.229771777934089,0.074574586396829,0.35361392018631,0.736107091782595,0.702118825600701,0.20118388138014,17,0.245677952222704,1,0.875
"104200_8",0.999852021087501,0.602658662449219,0.0786811520121405,0.672013154618555,0.0679840358778379,0.0422445511555155,0.0266014985935125,0.773256138959354,0.121840207166025,0.548229481482603,0.605604805818424,0.320740549822213,0.390905185089287,0.400979311853281,0.248624484126256,0.16436015383221,0.229771777934089,0.074574586396829,0.35361392018631,0.736107091782595,0.702118825600701,0.20118388138014,17,0.245677952222704,1,0.9375
"104200_9",0.999852021087501,0.602658662449219,0.0786811520121405,0.672013154618555,0.0679840358778379,0.0422445511555155,0.0266014985935125,0.773256138959354,0.121840207166025,0.548229481482603,0.605604805818424,0.320740549822213,0.390905185089287,0.400979311853281,0.248624484126256,0.16436015383221,0.229771777934089,0.074574586396829,0.35361392018631,0.736107091782595,0.702118825600701,0.20118388138014,17,0.245677952222704,1,1
"104507_1",0.999852021087501,0.811544953692069,0.760586854483128,0.622676216131801,0.011547610499416,0.0807253921471612,2.35846800701693e-05,0.319109061328995,0.682190278912742,0.484336727942866,0.0854104372370443,0.108321756869929,0.0273276914720335,0.234743048222834,0.671231352788303,0.293299388961832,0.405345321272917,0.391726963156991,0.31277921936255,0.924602678216495,0.597773188615821,0.109566497687648,16,0.761365335219312,1,0.5
"104507_2",0.999852021087501,0.811544953692069,0.760586854483128,0.622676216131801,0.011547610499416,0.0807253921471612,2.35846800701693e-05,0.319109061328995,0.682190278912742,0.484336727942866,0.0854104372370443,0.108321756869929,0.0273276914720335,0.234743048222834,0.671231352788303,0.293299388961832,0.405345321272917,0.391726963156991,0.31277921936255,0.924602678216495,0.597773188615821,0.109566497687648,16,0.761365335219312,1,0.5625
"104507_3",0.999852021087501,0.811544953692069,0.760586854483128,0.622676216131801,0.011547610499416,0.0807253921471612,2.35846800701693e-05,0.319109061328995,0.682190278912742,0.484336727942866,0.0854104372370443,0.108321756869929,0.0273276914720335,0.234743048222834,0.671231352788303,0.293299388961832,0.405345321272917,0.391726963156991,0.31277921936255,0.924602678216495,0.597773188615821,0.109566497687648,16,0.761365335219312,1,0.625
"104507_4",0.999852021087501,0.811544953692069,0.760586854483128,0.622676216131801,0.011547610499416,0.0807253921471612,2.35846800701693e-05,0.319109061328995,0.682190278912742,0.484336727942866,0.0854104372370443,0.108321756869929,0.0273276914720335,0.234743048222834,0.671231352788303,0.293299388961832,0.405345321272917,0.391726963156991,0.31277921936255,0.924602678216495,0.597773188615821,0.109566497687648,16,0.761365335219312,1,0.6875
"104507_5",0.999852021087501,0.811544953692069,0.760586854483128,0.622676216131801,0.011547610499416,0.0807253921471612,2.35846800701693e-05,0.319109061328995,0.682190278912742,0.484336727942866,0.0854104372370443,0.108321756869929,0.0273276914720335,0.234743048222834,0.671231352788303,0.293299388961832,0.405345321272917,0.391726963156991,0.31277921936255,0.924602678216495,0.597773188615821,0.109566497687648,16,0.761365335219312,1,0.75
"104507_6",0.999852021087501,0.811544953692069,0.760586854483128,0.622676216131801,0.011547610499416,0.0807253921471612,2.35846800701693e-05,0.319109061328995,0.682190278912742,0.484336727942866,0.0854104372370443,0.108321756869929,0.0273276914720335,0.234743048222834,0.671231352788303,0.293299388961832,0.405345321272917,0.391726963156991,0.31277921936255,0.924602678216495,0.597773188615821,0.109566497687648,16,0.761365335219312,1,0.8125
"104507_7",0.999852021087501,0.811544953692069,0.760586854483128,0.622676216131801,0.011547610499416,0.0807253921471612,2.35846800701693e-05,0.319109061328995,0.682190278912742,0.484336727942866,0.0854104372370443,0.108321756869929,0.0273276914720335,0.234743048222834,0.671231352788303,0.293299388961832,0.405345321272917,0.391726963156991,0.31277921936255,0.924602678216495,0.597773188615821,0.109566497687648,16,0.761365335219312,1,0.875
"104507_8",0.999852021087501,0.811544953692069,0.760586854483128,0.622676216131801,0.011547610499416,0.0807253921471612,2.35846800701693e-05,0.319109061328995,0.682190278912742,0.484336727942866,0.0854104372370443,0.108321756869929,0.0273276914720335,0.234743048222834,0.671231352788303,0.293299388961832,0.405345321272917,0.391726963156991,0.31277921936255,0.924602678216495,0.597773188615821,0.109566497687648,16,0.761365335219312,1,0.9375
"104507_9",0.999852021087501,0.811544953692069,0.760586854483128,0.622676216131801,0.011547610499416,0.0807253921471612,2.35846800701693e-05,0.319109061328995,0.682190278912742,0.484336727942866,0.0854104372370443,0.108321756869929,0.0273276914720335,0.234743048222834,0.671231352788303,0.293299388961832,0.405345321272917,0.391726963156991,0.31277921936255,0.924602678216495,0.597773188615821,0.109566497687648,16,0.761365335219312,1,1
"104601_1",0.457176307189278,0.178159770473457,8.27004485181533e-05,0.617018724570417,0.0811318594449129,0.113861091583432,0.00267022017847759,0.917933197289844,0.709505274814666,0.755018420487825,0.533435418334721,0.720408577624389,0.300640003418887,0.168048280019807,0.208356311978982,0.155649175765075,0.0715723486238928,0.160864178618725,0.369693134120665,0.572361334279463,0.9779079134982,0.249984006138382,9,0.999772849337969,1,0.5
"104601_2",0.457176307189278,0.178159770473457,8.27004485181533e-05,0.617018724570417,0.0811318594449129,0.113861091583432,0.00267022017847759,0.917933197289844,0.709505274814666,0.755018420487825,0.533435418334721,0.720408577624389,0.300640003418887,0.168048280019807,0.208356311978982,0.155649175765075,0.0715723486238928,0.160864178618725,0.369693134120665,0.572361334279463,0.9779079134982,0.249984006138382,9,0.999772849337969,1,0.5625
"104601_3",0.457176307189278,0.178159770473457,8.27004485181533e-05,0.617018724570417,0.0811318594449129,0.113861091583432,0.00267022017847759,0.917933197289844,0.709505274814666,0.755018420487825,0.533435418334721,0.720408577624389,0.300640003418887,0.168048280019807,0.208356311978982,0.155649175765075,0.0715723486238928,0.160864178618725,0.369693134120665,0.572361334279463,0.9779079134982,0.249984006138382,9,0.999772849337969,1,0.625
"104601_4",0.457176307189278,0.178159770473457,8.27004485181533e-05,0.617018724570417,0.0811318594449129,0.113861091583432,0.00267022017847759,0.917933197289844,0.709505274814666,0.755018420487825,0.533435418334721,0.720408577624389,0.300640003418887,0.168048280019807,0.208356311978982,0.155649175765075,0.0715723486238928,0.160864178618725,0.369693134120665,0.572361334279463,0.9779079134982,0.249984006138382,9,0.999772849337969,1,0.6875
"104601_5",0.457176307189278,0.178159770473457,8.27004485181533e-05,0.617018724570417,0.0811318594449129,0.113861091583432,0.00267022017847759,0.917933197289844,0.709505274814666,0.755018420487825,0.533435418334721,0.720408577624389,0.300640003418887,0.168048280019807,0.208356311978982,0.155649175765075,0.0715723486238928,0.160864178618725,0.369693134120665,0.572361334279463,0.9779079134982,0.249984006138382,9,0.999772849337969,1,0.75
"104601_6",0.457176307189278,0.178159770473457,8.27004485181533e-05,0.617018724570417,0.0811318594449129,0.113861091583432,0.00267022017847759,0.917933197289844,0.709505274814666,0.755018420487825,0.533435418334721,0.720408577624389,0.300640003418887,0.168048280019807,0.208356311978982,0.155649175765075,0.0715723486238928,0.160864178618725,0.369693134120665,0.572361334279463,0.9779079134982,0.249984006138382,9,0.999772849337969,1,0.8125
"104601_7",0.457176307189278,0.178159770473457,8.27004485181533e-05,0.617018724570417,0.0811318594449129,0.113861091583432,0.00267022017847759,0.917933197289844,0.709505274814666,0.755018420487825,0.533435418334721,0.720408577624389,0.300640003418887,0.168048280019807,0.208356311978982,0.155649175765075,0.0715723486238928,0.160864178618725,0.369693134120665,0.572361334279463,0.9779079134982,0.249984006138382,9,0.999772849337969,1,0.875
"104601_8",0.457176307189278,0.178159770473457,8.27004485181533e-05,0.617018724570417,0.0811318594449129,0.113861091583432,0.00267022017847759,0.917933197289844,0.709505274814666,0.755018420487825,0.533435418334721,0.720408577624389,0.300640003418887,0.168048280019807,0.208356311978982,0.155649175765075,0.0715723486238928,0.160864178618725,0.369693134120665,0.572361334279463,0.9779079134982,0.249984006138382,9,0.999772849337969,1,0.9375
"104601_9",0.457176307189278,0.178159770473457,8.27004485181533e-05,0.617018724570417,0.0811318594449129,0.113861091583432,0.00267022017847759,0.917933197289844,0.709505274814666,0.755018420487825,0.533435418334721,0.720408577624389,0.300640003418887,0.168048280019807,0.208356311978982,0.155649175765075,0.0715723486238928,0.160864178618725,0.369693134120665,0.572361334279463,0.9779079134982,0.249984006138382,9,0.999772849337969,1,1
"104704_1",0.192097023891934,0.377568512247323,0.438975455483862,0.94476011090672,0.106207589208162,0.00138591699062354,0.0204268329006274,0.4881295830904,0.659155799703575,0.999928297183826,0.0985283491536073,0.788464392473824,0.260937250088007,7.76303646992892e-05,0.397777447619448,0.059595518708096,0.499858107997852,0.0382349845039222,0.359827468500213,0.999990134470386,0.745751355956229,0.141571893967252,3,0.0790778121282456,1,0.5
"104704_2",0.192097023891934,0.377568512247323,0.438975455483862,0.94476011090672,0.106207589208162,0.00138591699062354,0.0204268329006274,0.4881295830904,0.659155799703575,0.999928297183826,0.0985283491536073,0.788464392473824,0.260937250088007,7.76303646992892e-05,0.397777447619448,0.059595518708096,0.499858107997852,0.0382349845039222,0.359827468500213,0.999990134470386,0.745751355956229,0.141571893967252,3,0.0790778121282456,1,0.5625
"104704_3",0.192097023891934,0.377568512247323,0.438975455483862,0.94476011090672,0.106207589208162,0.00138591699062354,0.0204268329006274,0.4881295830904,0.659155799703575,0.999928297183826,0.0985283491536073,0.788464392473824,0.260937250088007,7.76303646992892e-05,0.397777447619448,0.059595518708096,0.499858107997852,0.0382349845039222,0.359827468500213,0.999990134470386,0.745751355956229,0.141571893967252,3,0.0790778121282456,1,0.625
"104704_4",0.192097023891934,0.377568512247323,0.438975455483862,0.94476011090672,0.106207589208162,0.00138591699062354,0.0204268329006274,0.4881295830904,0.659155799703575,0.999928297183826,0.0985283491536073,0.788464392473824,0.260937250088007,7.76303646992892e-05,0.397777447619448,0.059595518708096,0.499858107997852,0.0382349845039222,0.359827468500213,0.999990134470386,0.745751355956229,0.141571893967252,3,0.0790778121282456,1,0.6875
"104704_5",0.192097023891934,0.377568512247323,0.438975455483862,0.94476011090672,0.106207589208162,0.00138591699062354,0.0204268329006274,0.4881295830904,0.659155799703575,0.999928297183826,0.0985283491536073,0.788464392473824,0.260937250088007,7.76303646992892e-05,0.397777447619448,0.059595518708096,0.499858107997852,0.0382349845039222,0.359827468500213,0.999990134470386,0.745751355956229,0.141571893967252,3,0.0790778121282456,1,0.75
"104704_6",0.192097023891934,0.377568512247323,0.438975455483862,0.94476011090672,0.106207589208162,0.00138591699062354,0.0204268329006274,0.4881295830904,0.659155799703575,0.999928297183826,0.0985283491536073,0.788464392473824,0.260937250088007,7.76303646992892e-05,0.397777447619448,0.059595518708096,0.499858107997852,0.0382349845039222,0.359827468500213,0.999990134470386,0.745751355956229,0.141571893967252,3,0.0790778121282456,1,0.8125
"104704_7",0.192097023891934,0.377568512247323,0.438975455483862,0.94476011090672,0.106207589208162,0.00138591699062354,0.0204268329006274,0.4881295830904,0.659155799703575,0.999928297183826,0.0985283491536073,0.788464392473824,0.260937250088007,7.76303646992892e-05,0.397777447619448,0.059595518708096,0.499858107997852,0.0382349845039222,0.359827468500213,0.999990134470386,0.745751355956229,0.141571893967252,3,0.0790778121282456,1,0.875
"104704_8",0.192097023891934,0.377568512247323,0.438975455483862,0.94476011090672,0.106207589208162,0.00138591699062354,0.0204268329006274,0.4881295830904,0.659155799703575,0.999928297183826,0.0985283491536073,0.788464392473824,0.260937250088007,7.76303646992892e-05,0.397777447619448,0.059595518708096,0.499858107997852,0.0382349845039222,0.359827468500213,0.999990134470386,0.745751355956229,0.141571893967252,3,0.0790778121282456,1,0.9375
"104704_9",0.192097023891934,0.377568512247323,0.438975455483862,0.94476011090672,0.106207589208162,0.00138591699062354,0.0204268329006274,0.4881295830904,0.659155799703575,0.999928297183826,0.0985283491536073,0.788464392473824,0.260937250088007,7.76303646992892e-05,0.397777447619448,0.059595518708096,0.499858107997852,0.0382349845039222,0.359827468500213,0.999990134470386,0.745751355956229,0.141571893967252,3,0.0790778121282456,1,1
"104705_1",0.506514894510324,0.531427042933664,0.148011625778334,0.630174509259572,0.0768911318096628,0.0845080415999028,0.0189222678537379,0.430000818902261,0.476084880519189,0.477881206803747,0.410030668194985,0.446073961648526,0.0969460282129032,0.426985177619362,0.632318175413582,0.121516613589226,3.55416661011986e-06,0.468996348872381,0.304634305038679,0.922200070557296,0.958787696954468,0.249984006138382,18,0.700430676671773,1,0.5
"104705_2",0.506514894510324,0.531427042933664,0.148011625778334,0.630174509259572,0.0768911318096628,0.0845080415999028,0.0189222678537379,0.430000818902261,0.476084880519189,0.477881206803747,0.410030668194985,0.446073961648526,0.0969460282129032,0.426985177619362,0.632318175413582,0.121516613589226,3.55416661011986e-06,0.468996348872381,0.304634305038679,0.922200070557296,0.958787696954468,0.249984006138382,18,0.700430676671773,1,0.5625
"104705_3",0.506514894510324,0.531427042933664,0.148011625778334,0.630174509259572,0.0768911318096628,0.0845080415999028,0.0189222678537379,0.430000818902261,0.476084880519189,0.477881206803747,0.410030668194985,0.446073961648526,0.0969460282129032,0.426985177619362,0.632318175413582,0.121516613589226,3.55416661011986e-06,0.468996348872381,0.304634305038679,0.922200070557296,0.958787696954468,0.249984006138382,18,0.700430676671773,1,0.625
"104705_4",0.506514894510324,0.531427042933664,0.148011625778334,0.630174509259572,0.0768911318096628,0.0845080415999028,0.0189222678537379,0.430000818902261,0.476084880519189,0.477881206803747,0.410030668194985,0.446073961648526,0.0969460282129032,0.426985177619362,0.632318175413582,0.121516613589226,3.55416661011986e-06,0.468996348872381,0.304634305038679,0.922200070557296,0.958787696954468,0.249984006138382,18,0.700430676671773,1,0.6875
"104705_5",0.506514894510324,0.531427042933664,0.148011625778334,0.630174509259572,0.0768911318096628,0.0845080415999028,0.0189222678537379,0.430000818902261,0.476084880519189,0.477881206803747,0.410030668194985,0.446073961648526,0.0969460282129032,0.426985177619362,0.632318175413582,0.121516613589226,3.55416661011986e-06,0.468996348872381,0.304634305038679,0.922200070557296,0.958787696954468,0.249984006138382,18,0.700430676671773,1,0.75
"104705_6",0.506514894510324,0.531427042933664,0.148011625778334,0.630174509259572,0.0768911318096628,0.0845080415999028,0.0189222678537379,0.430000818902261,0.476084880519189,0.477881206803747,0.410030668194985,0.446073961648526,0.0969460282129032,0.426985177619362,0.632318175413582,0.121516613589226,3.55416661011986e-06,0.468996348872381,0.304634305038679,0.922200070557296,0.958787696954468,0.249984006138382,18,0.700430676671773,1,0.8125
"104705_7",0.506514894510324,0.531427042933664,0.148011625778334,0.630174509259572,0.0768911318096628,0.0845080415999028,0.0189222678537379,0.430000818902261,0.476084880519189,0.477881206803747,0.410030668194985,0.446073961648526,0.0969460282129032,0.426985177619362,0.632318175413582,0.121516613589226,3.55416661011986e-06,0.468996348872381,0.304634305038679,0.922200070557296,0.958787696954468,0.249984006138382,18,0.700430676671773,1,0.875
"104705_8",0.506514894510324,0.531427042933664,0.148011625778334,0.630174509259572,0.0768911318096628,0.0845080415999028,0.0189222678537379,0.430000818902261,0.476084880519189,0.477881206803747,0.410030668194985,0.446073961648526,0.0969460282129032,0.426985177619362,0.632318175413582,0.121516613589226,3.55416661011986e-06,0.468996348872381,0.304634305038679,0.922200070557296,0.958787696954468,0.249984006138382,18,0.700430676671773,1,0.9375
"104705_9",0.506514894510324,0.531427042933664,0.148011625778334,0.630174509259572,0.0768911318096628,0.0845080415999028,0.0189222678537379,0.430000818902261,0.476084880519189,0.477881206803747,0.410030668194985,0.446073961648526,0.0969460282129032,0.426985177619362,0.632318175413582,0.121516613589226,3.55416661011986e-06,0.468996348872381,0.304634305038679,0.922200070557296,0.958787696954468,0.249984006138382,18,0.700430676671773,1,1
"105100_1",0.701650614021529,0.0741459027966224,0.160163318671043,0.713685502480527,0.067099398738249,0.0743753008576772,0.0994036332010955,0.540364227110405,0.804064628753715,0.87596545986669,0.111633954362633,0.340004439808889,0.0343776730914938,7.76303646992892e-05,0.370494211901809,0.483706428596277,0.280226043943616,0.344164613386502,0.175300674561694,0.677549671047067,0.70660945552361,0.0803294549842979,17,0.726413720976459,1,0.5
"105100_2",0.701650614021529,0.0741459027966224,0.160163318671043,0.713685502480527,0.067099398738249,0.0743753008576772,0.0994036332010955,0.540364227110405,0.804064628753715,0.87596545986669,0.111633954362633,0.340004439808889,0.0343776730914938,7.76303646992892e-05,0.370494211901809,0.483706428596277,0.280226043943616,0.344164613386502,0.175300674561694,0.677549671047067,0.70660945552361,0.0803294549842979,17,0.726413720976459,1,0.5625
"105100_3",0.701650614021529,0.0741459027966224,0.160163318671043,0.713685502480527,0.067099398738249,0.0743753008576772,0.0994036332010955,0.540364227110405,0.804064628753715,0.87596545986669,0.111633954362633,0.340004439808889,0.0343776730914938,7.76303646992892e-05,0.370494211901809,0.483706428596277,0.280226043943616,0.344164613386502,0.175300674561694,0.677549671047067,0.70660945552361,0.0803294549842979,17,0.726413720976459,1,0.625
"105100_4",0.701650614021529,0.0741459027966224,0.160163318671043,0.713685502480527,0.067099398738249,0.0743753008576772,0.0994036332010955,0.540364227110405,0.804064628753715,0.87596545986669,0.111633954362633,0.340004439808889,0.0343776730914938,7.76303646992892e-05,0.370494211901809,0.483706428596277,0.280226043943616,0.344164613386502,0.175300674561694,0.677549671047067,0.70660945552361,0.0803294549842979,17,0.726413720976459,1,0.6875
"105100_5",0.701650614021529,0.0741459027966224,0.160163318671043,0.713685502480527,0.067099398738249,0.0743753008576772,0.0994036332010955,0.540364227110405,0.804064628753715,0.87596545986669,0.111633954362633,0.340004439808889,0.0343776730914938,7.76303646992892e-05,0.370494211901809,0.483706428596277,0.280226043943616,0.344164613386502,0.175300674561694,0.677549671047067,0.70660945552361,0.0803294549842979,17,0.726413720976459,1,0.75
"105100_6",0.701650614021529,0.0741459027966224,0.160163318671043,0.713685502480527,0.067099398738249,0.0743753008576772,0.0994036332010955,0.540364227110405,0.804064628753715,0.87596545986669,0.111633954362633,0.340004439808889,0.0343776730914938,7.76303646992892e-05,0.370494211901809,0.483706428596277,0.280226043943616,0.344164613386502,0.175300674561694,0.677549671047067,0.70660945552361,0.0803294549842979,17,0.726413720976459,1,0.8125
"105100_7",0.701650614021529,0.0741459027966224,0.160163318671043,0.713685502480527,0.067099398738249,0.0743753008576772,0.0994036332010955,0.540364227110405,0.804064628753715,0.87596545986669,0.111633954362633,0.340004439808889,0.0343776730914938,7.76303646992892e-05,0.370494211901809,0.483706428596277,0.280226043943616,0.344164613386502,0.175300674561694,0.677549671047067,0.70660945552361,0.0803294549842979,17,0.726413720976459,1,0.875
"105100_8",0.701650614021529,0.0741459027966224,0.160163318671043,0.713685502480527,0.067099398738249,0.0743753008576772,0.0994036332010955,0.540364227110405,0.804064628753715,0.87596545986669,0.111633954362633,0.340004439808889,0.0343776730914938,7.76303646992892e-05,0.370494211901809,0.483706428596277,0.280226043943616,0.344164613386502,0.175300674561694,0.677549671047067,0.70660945552361,0.0803294549842979,17,0.726413720976459,1,0.9375
"105100_9",0.701650614021529,0.0741459027966224,0.160163318671043,0.713685502480527,0.067099398738249,0.0743753008576772,0.0994036332010955,0.540364227110405,0.804064628753715,0.87596545986669,0.111633954362633,0.340004439808889,0.0343776730914938,7.76303646992892e-05,0.370494211901809,0.483706428596277,0.280226043943616,0.344164613386502,0.175300674561694,0.677549671047067,0.70660945552361,0.0803294549842979,17,0.726413720976459,1,1
"105102_1",0.585307952947352,0.235001301574724,0.673406225179333,0.855278148778076,0.00751715724983337,0.0466195946294297,2.35846800701693e-05,0.833014356975938,0.857637002641295,0.524383071099678,0.44563892564986,0.370298763268358,0.390306451459239,0.222957763629039,0.447299843584506,0.400803385699636,0.0527319821912678,0.236508533212261,0.499559855764972,0.618427260822147,0.817035637714972,0.136115812242402,17,0.999772849337969,1,0.5
"105102_2",0.585307952947352,0.235001301574724,0.673406225179333,0.855278148778076,0.00751715724983337,0.0466195946294297,2.35846800701693e-05,0.833014356975938,0.857637002641295,0.524383071099678,0.44563892564986,0.370298763268358,0.390306451459239,0.222957763629039,0.447299843584506,0.400803385699636,0.0527319821912678,0.236508533212261,0.499559855764972,0.618427260822147,0.817035637714972,0.136115812242402,17,0.999772849337969,1,0.5625
"105102_3",0.585307952947352,0.235001301574724,0.673406225179333,0.855278148778076,0.00751715724983337,0.0466195946294297,2.35846800701693e-05,0.833014356975938,0.857637002641295,0.524383071099678,0.44563892564986,0.370298763268358,0.390306451459239,0.222957763629039,0.447299843584506,0.400803385699636,0.0527319821912678,0.236508533212261,0.499559855764972,0.618427260822147,0.817035637714972,0.136115812242402,17,0.999772849337969,1,0.625
"105102_4",0.585307952947352,0.235001301574724,0.673406225179333,0.855278148778076,0.00751715724983337,0.0466195946294297,2.35846800701693e-05,0.833014356975938,0.857637002641295,0.524383071099678,0.44563892564986,0.370298763268358,0.390306451459239,0.222957763629039,0.447299843584506,0.400803385699636,0.0527319821912678,0.236508533212261,0.499559855764972,0.618427260822147,0.817035637714972,0.136115812242402,17,0.999772849337969,1,0.6875
"105102_5",0.585307952947352,0.235001301574724,0.673406225179333,0.855278148778076,0.00751715724983337,0.0466195946294297,2.35846800701693e-05,0.833014356975938,0.857637002641295,0.524383071099678,0.44563892564986,0.370298763268358,0.390306451459239,0.222957763629039,0.447299843584506,0.400803385699636,0.0527319821912678,0.236508533212261,0.499559855764972,0.618427260822147,0.817035637714972,0.136115812242402,17,0.999772849337969,1,0.75
"105102_6",0.585307952947352,0.235001301574724,0.673406225179333,0.855278148778076,0.00751715724983337,0.0466195946294297,2.35846800701693e-05,0.833014356975938,0.857637002641295,0.524383071099678,0.44563892564986,0.370298763268358,0.390306451459239,0.222957763629039,0.447299843584506,0.400803385699636,0.0527319821912678,0.236508533212261,0.499559855764972,0.618427260822147,0.817035637714972,0.136115812242402,17,0.999772849337969,1,0.8125
"105102_7",0.585307952947352,0.235001301574724,0.673406225179333,0.855278148778076,0.00751715724983337,0.0466195946294297,2.35846800701693e-05,0.833014356975938,0.857637002641295,0.524383071099678,0.44563892564986,0.370298763268358,0.390306451459239,0.222957763629039,0.447299843584506,0.400803385699636,0.0527319821912678,0.236508533212261,0.499559855764972,0.618427260822147,0.817035637714972,0.136115812242402,17,0.999772849337969,1,0.875
"105102_8",0.585307952947352,0.235001301574724,0.673406225179333,0.855278148778076,0.00751715724983337,0.0466195946294297,2.35846800701693e-05,0.833014356975938,0.857637002641295,0.524383071099678,0.44563892564986,0.370298763268358,0.390306451459239,0.222957763629039,0.447299843584506,0.400803385699636,0.0527319821912678,0.236508533212261,0.499559855764972,0.618427260822147,0.817035637714972,0.136115812242402,17,0.999772849337969,1,0.9375
"105102_9",0.585307952947352,0.235001301574724,0.673406225179333,0.855278148778076,0.00751715724983337,0.0466195946294297,2.35846800701693e-05,0.833014356975938,0.857637002641295,0.524383071099678,0.44563892564986,0.370298763268358,0.390306451459239,0.222957763629039,0.447299843584506,0.400803385699636,0.0527319821912678,0.236508533212261,0.499559855764972,0.618427260822147,0.817035637714972,0.136115812242402,17,0.999772849337969,1,1
"105300_1",0.600839014929483,0.236156292423581,8.27004485181533e-05,0.999996276009004,0.115967477921548,0.0494294534855891,2.35846800701693e-05,0.412324932840663,0.942303804207592,0.339337163967338,0.190288329238068,0.688747429885532,4.64802905591205e-05,0.164406178982881,0.48112216359358,0.00030305628819158,0.325919261126536,0.28752634838581,0.111792131615934,0.500013466963832,0.8854704207647,0.178835612169459,19,0.637968625840057,1,0.5
"105300_2",0.600839014929483,0.236156292423581,8.27004485181533e-05,0.999996276009004,0.115967477921548,0.0494294534855891,2.35846800701693e-05,0.412324932840663,0.942303804207592,0.339337163967338,0.190288329238068,0.688747429885532,4.64802905591205e-05,0.164406178982881,0.48112216359358,0.00030305628819158,0.325919261126536,0.28752634838581,0.111792131615934,0.500013466963832,0.8854704207647,0.178835612169459,19,0.637968625840057,1,0.5625
"105300_3",0.600839014929483,0.236156292423581,8.27004485181533e-05,0.999996276009004,0.115967477921548,0.0494294534855891,2.35846800701693e-05,0.412324932840663,0.942303804207592,0.339337163967338,0.190288329238068,0.688747429885532,4.64802905591205e-05,0.164406178982881,0.48112216359358,0.00030305628819158,0.325919261126536,0.28752634838581,0.111792131615934,0.500013466963832,0.8854704207647,0.178835612169459,19,0.637968625840057,1,0.625
"105300_4",0.600839014929483,0.236156292423581,8.27004485181533e-05,0.999996276009004,0.115967477921548,0.0494294534855891,2.35846800701693e-05,0.412324932840663,0.942303804207592,0.339337163967338,0.190288329238068,0.688747429885532,4.64802905591205e-05,0.164406178982881,0.48112216359358,0.00030305628819158,0.325919261126536,0.28752634838581,0.111792131615934,0.500013466963832,0.8854704207647,0.178835612169459,19,0.637968625840057,1,0.6875
"105300_5",0.600839014929483,0.236156292423581,8.27004485181533e-05,0.999996276009004,0.115967477921548,0.0494294534855891,2.35846800701693e-05,0.412324932840663,0.942303804207592,0.339337163967338,0.190288329238068,0.688747429885532,4.64802905591205e-05,0.164406178982881,0.48112216359358,0.00030305628819158,0.325919261126536,0.28752634838581,0.111792131615934,0.500013466963832,0.8854704207647,0.178835612169459,19,0.637968625840057,1,0.75
"105300_6",0.600839014929483,0.236156292423581,8.27004485181533e-05,0.999996276009004,0.115967477921548,0.0494294534855891,2.35846800701693e-05,0.412324932840663,0.942303804207592,0.339337163967338,0.190288329238068,0.688747429885532,4.64802905591205e-05,0.164406178982881,0.48112216359358,0.00030305628819158,0.325919261126536,0.28752634838581,0.111792131615934,0.500013466963832,0.8854704207647,0.178835612169459,19,0.637968625840057,1,0.8125
"105300_7",0.600839014929483,0.236156292423581,8.27004485181533e-05,0.999996276009004,0.115967477921548,0.0494294534855891,2.35846800701693e-05,0.412324932840663,0.942303804207592,0.339337163967338,0.190288329238068,0.688747429885532,4.64802905591205e-05,0.164406178982881,0.48112216359358,0.00030305628819158,0.325919261126536,0.28752634838581,0.111792131615934,0.500013466963832,0.8854704207647,0.178835612169459,19,0.637968625840057,1,0.875
"105300_8",0.600839014929483,0.236156292423581,8.27004485181533e-05,0.999996276009004,0.115967477921548,0.0494294534855891,2.35846800701693e-05,0.412324932840663,0.942303804207592,0.339337163967338,0.190288329238068,0.688747429885532,4.64802905591205e-05,0.164406178982881,0.48112216359358,0.00030305628819158,0.325919261126536,0.28752634838581,0.111792131615934,0.500013466963832,0.8854704207647,0.178835612169459,19,0.637968625840057,1,0.9375
"105300_9",0.600839014929483,0.236156292423581,8.27004485181533e-05,0.999996276009004,0.115967477921548,0.0494294534855891,2.35846800701693e-05,0.412324932840663,0.942303804207592,0.339337163967338,0.190288329238068,0.688747429885532,4.64802905591205e-05,0.164406178982881,0.48112216359358,0.00030305628819158,0.325919261126536,0.28752634838581,0.111792131615934,0.500013466963832,0.8854704207647,0.178835612169459,19,0.637968625840057,1,1
"105600_1",0.482751546463689,0.434985532405682,0.371132299496112,0.761298602672607,0.0491332251480543,0.0208577505294423,0.043518650608596,0.238031057354483,0.540153268238731,0.491972816846261,9.64684443548322e-05,6.33614411693998e-05,4.64802905591205e-05,0.574294121399476,0.778826399657323,0.217277937715961,3.55416661011986e-06,0.410379263707202,0.200601905274674,0.720035143660105,0.853542870692524,0.0915575349427045,25,0.885884861768243,1,0.5
"105600_2",0.482751546463689,0.434985532405682,0.371132299496112,0.761298602672607,0.0491332251480543,0.0208577505294423,0.043518650608596,0.238031057354483,0.540153268238731,0.491972816846261,9.64684443548322e-05,6.33614411693998e-05,4.64802905591205e-05,0.574294121399476,0.778826399657323,0.217277937715961,3.55416661011986e-06,0.410379263707202,0.200601905274674,0.720035143660105,0.853542870692524,0.0915575349427045,25,0.885884861768243,1,0.5625
"105600_3",0.482751546463689,0.434985532405682,0.371132299496112,0.761298602672607,0.0491332251480543,0.0208577505294423,0.043518650608596,0.238031057354483,0.540153268238731,0.491972816846261,9.64684443548322e-05,6.33614411693998e-05,4.64802905591205e-05,0.574294121399476,0.778826399657323,0.217277937715961,3.55416661011986e-06,0.410379263707202,0.200601905274674,0.720035143660105,0.853542870692524,0.0915575349427045,25,0.885884861768243,1,0.625
"105600_4",0.482751546463689,0.434985532405682,0.371132299496112,0.761298602672607,0.0491332251480543,0.0208577505294423,0.043518650608596,0.238031057354483,0.540153268238731,0.491972816846261,9.64684443548322e-05,6.33614411693998e-05,4.64802905591205e-05,0.574294121399476,0.778826399657323,0.217277937715961,3.55416661011986e-06,0.410379263707202,0.200601905274674,0.720035143660105,0.853542870692524,0.0915575349427045,25,0.885884861768243,1,0.6875
"105600_5",0.482751546463689,0.434985532405682,0.371132299496112,0.761298602672607,0.0491332251480543,0.0208577505294423,0.043518650608596,0.238031057354483,0.540153268238731,0.491972816846261,9.64684443548322e-05,6.33614411693998e-05,4.64802905591205e-05,0.574294121399476,0.778826399657323,0.217277937715961,3.55416661011986e-06,0.410379263707202,0.200601905274674,0.720035143660105,0.853542870692524,0.0915575349427045,25,0.885884861768243,1,0.75
"105600_6",0.482751546463689,0.434985532405682,0.371132299496112,0.761298602672607,0.0491332251480543,0.0208577505294423,0.043518650608596,0.238031057354483,0.540153268238731,0.491972816846261,9.64684443548322e-05,6.33614411693998e-05,4.64802905591205e-05,0.574294121399476,0.778826399657323,0.217277937715961,3.55416661011986e-06,0.410379263707202,0.200601905274674,0.720035143660105,0.853542870692524,0.0915575349427045,25,0.885884861768243,1,0.8125
"105600_7",0.482751546463689,0.434985532405682,0.371132299496112,0.761298602672607,0.0491332251480543,0.0208577505294423,0.043518650608596,0.238031057354483,0.540153268238731,0.491972816846261,9.64684443548322e-05,6.33614411693998e-05,4.64802905591205e-05,0.574294121399476,0.778826399657323,0.217277937715961,3.55416661011986e-06,0.410379263707202,0.200601905274674,0.720035143660105,0.853542870692524,0.0915575349427045,25,0.885884861768243,1,0.875
"105600_8",0.482751546463689,0.434985532405682,0.371132299496112,0.761298602672607,0.0491332251480543,0.0208577505294423,0.043518650608596,0.238031057354483,0.540153268238731,0.491972816846261,9.64684443548322e-05,6.33614411693998e-05,4.64802905591205e-05,0.574294121399476,0.778826399657323,0.217277937715961,3.55416661011986e-06,0.410379263707202,0.200601905274674,0.720035143660105,0.853542870692524,0.0915575349427045,25,0.885884861768243,1,0.9375
"105600_9",0.482751546463689,0.434985532405682,0.371132299496112,0.761298602672607,0.0491332251480543,0.0208577505294423,0.043518650608596,0.238031057354483,0.540153268238731,0.491972816846261,9.64684443548322e-05,6.33614411693998e-05,4.64802905591205e-05,0.574294121399476,0.778826399657323,0.217277937715961,3.55416661011986e-06,0.410379263707202,0.200601905274674,0.720035143660105,0.853542870692524,0.0915575349427045,25,0.885884861768243,1,1
"105902_1",0.38054821643621,0.245218666537883,0.162739023788891,0.771959377948083,0.108554272052226,0.0564839286767079,0.0441034046762401,0.327193388980759,0.603484119153308,0.574995167594509,0.24846241374915,0.424169807646668,0.0503928068143231,0.389966301801791,0.475365091905681,0.00030305628819158,0.294647069554458,0.197156011097258,0.0100101260408504,0.763182317619041,0.814948312099692,0.0756691149964834,18,0.577235920756721,1,0.5
"105902_2",0.38054821643621,0.245218666537883,0.162739023788891,0.771959377948083,0.108554272052226,0.0564839286767079,0.0441034046762401,0.327193388980759,0.603484119153308,0.574995167594509,0.24846241374915,0.424169807646668,0.0503928068143231,0.389966301801791,0.475365091905681,0.00030305628819158,0.294647069554458,0.197156011097258,0.0100101260408504,0.763182317619041,0.814948312099692,0.0756691149964834,18,0.577235920756721,1,0.5625
"105902_3",0.38054821643621,0.245218666537883,0.162739023788891,0.771959377948083,0.108554272052226,0.0564839286767079,0.0441034046762401,0.327193388980759,0.603484119153308,0.574995167594509,0.24846241374915,0.424169807646668,0.0503928068143231,0.389966301801791,0.475365091905681,0.00030305628819158,0.294647069554458,0.197156011097258,0.0100101260408504,0.763182317619041,0.814948312099692,0.0756691149964834,18,0.577235920756721,1,0.625
"105902_4",0.38054821643621,0.245218666537883,0.162739023788891,0.771959377948083,0.108554272052226,0.0564839286767079,0.0441034046762401,0.327193388980759,0.603484119153308,0.574995167594509,0.24846241374915,0.424169807646668,0.0503928068143231,0.389966301801791,0.475365091905681,0.00030305628819158,0.294647069554458,0.197156011097258,0.0100101260408504,0.763182317619041,0.814948312099692,0.0756691149964834,18,0.577235920756721,1,0.6875
"105902_5",0.38054821643621,0.245218666537883,0.162739023788891,0.771959377948083,0.108554272052226,0.0564839286767079,0.0441034046762401,0.327193388980759,0.603484119153308,0.574995167594509,0.24846241374915,0.424169807646668,0.0503928068143231,0.389966301801791,0.475365091905681,0.00030305628819158,0.294647069554458,0.197156011097258,0.0100101260408504,0.763182317619041,0.814948312099692,0.0756691149964834,18,0.577235920756721,1,0.75
"105902_6",0.38054821643621,0.245218666537883,0.162739023788891,0.771959377948083,0.108554272052226,0.0564839286767079,0.0441034046762401,0.327193388980759,0.603484119153308,0.574995167594509,0.24846241374915,0.424169807646668,0.0503928068143231,0.389966301801791,0.475365091905681,0.00030305628819158,0.294647069554458,0.197156011097258,0.0100101260408504,0.763182317619041,0.814948312099692,0.0756691149964834,18,0.577235920756721,1,0.8125
"105902_7",0.38054821643621,0.245218666537883,0.162739023788891,0.771959377948083,0.108554272052226,0.0564839286767079,0.0441034046762401,0.327193388980759,0.603484119153308,0.574995167594509,0.24846241374915,0.424169807646668,0.0503928068143231,0.389966301801791,0.475365091905681,0.00030305628819158,0.294647069554458,0.197156011097258,0.0100101260408504,0.763182317619041,0.814948312099692,0.0756691149964834,18,0.577235920756721,1,0.875
"105902_8",0.38054821643621,0.245218666537883,0.162739023788891,0.771959377948083,0.108554272052226,0.0564839286767079,0.0441034046762401,0.327193388980759,0.603484119153308,0.574995167594509,0.24846241374915,0.424169807646668,0.0503928068143231,0.389966301801791,0.475365091905681,0.00030305628819158,0.294647069554458,0.197156011097258,0.0100101260408504,0.763182317619041,0.814948312099692,0.0756691149964834,18,0.577235920756721,1,0.9375
"105902_9",0.38054821643621,0.245218666537883,0.162739023788891,0.771959377948083,0.108554272052226,0.0564839286767079,0.0441034046762401,0.327193388980759,0.603484119153308,0.574995167594509,0.24846241374915,0.424169807646668,0.0503928068143231,0.389966301801791,0.475365091905681,0.00030305628819158,0.294647069554458,0.197156011097258,0.0100101260408504,0.763182317619041,0.814948312099692,0.0756691149964834,18,0.577235920756721,1,1
"106103_1",0.79619855035717,0.172565183543568,0.463408378274156,0.782992743721323,0.0223882259523231,0.0903123659962819,0.0109530262988019,0.487012413501841,0.559063788801981,0.999928297183826,0.11322988254892,0.648750914029338,0.483293318740357,7.76303646992892e-05,0.429842384187205,0.320236428625469,0.499858107997852,0.214927687779163,0.387667411989697,0.855986521424805,0.757321181573143,0.129576181967989,3,0.16350656622022,1,0.5
"106103_2",0.79619855035717,0.172565183543568,0.463408378274156,0.782992743721323,0.0223882259523231,0.0903123659962819,0.0109530262988019,0.487012413501841,0.559063788801981,0.999928297183826,0.11322988254892,0.648750914029338,0.483293318740357,7.76303646992892e-05,0.429842384187205,0.320236428625469,0.499858107997852,0.214927687779163,0.387667411989697,0.855986521424805,0.757321181573143,0.129576181967989,3,0.16350656622022,1,0.5625
"106103_3",0.79619855035717,0.172565183543568,0.463408378274156,0.782992743721323,0.0223882259523231,0.0903123659962819,0.0109530262988019,0.487012413501841,0.559063788801981,0.999928297183826,0.11322988254892,0.648750914029338,0.483293318740357,7.76303646992892e-05,0.429842384187205,0.320236428625469,0.499858107997852,0.214927687779163,0.387667411989697,0.855986521424805,0.757321181573143,0.129576181967989,3,0.16350656622022,1,0.625
"106103_4",0.79619855035717,0.172565183543568,0.463408378274156,0.782992743721323,0.0223882259523231,0.0903123659962819,0.0109530262988019,0.487012413501841,0.559063788801981,0.999928297183826,0.11322988254892,0.648750914029338,0.483293318740357,7.76303646992892e-05,0.429842384187205,0.320236428625469,0.499858107997852,0.214927687779163,0.387667411989697,0.855986521424805,0.757321181573143,0.129576181967989,3,0.16350656622022,1,0.6875
"106103_5",0.79619855035717,0.172565183543568,0.463408378274156,0.782992743721323,0.0223882259523231,0.0903123659962819,0.0109530262988019,0.487012413501841,0.559063788801981,0.999928297183826,0.11322988254892,0.648750914029338,0.483293318740357,7.76303646992892e-05,0.429842384187205,0.320236428625469,0.499858107997852,0.214927687779163,0.387667411989697,0.855986521424805,0.757321181573143,0.129576181967989,3,0.16350656622022,1,0.75
"106103_6",0.79619855035717,0.172565183543568,0.463408378274156,0.782992743721323,0.0223882259523231,0.0903123659962819,0.0109530262988019,0.487012413501841,0.559063788801981,0.999928297183826,0.11322988254892,0.648750914029338,0.483293318740357,7.76303646992892e-05,0.429842384187205,0.320236428625469,0.499858107997852,0.214927687779163,0.387667411989697,0.855986521424805,0.757321181573143,0.129576181967989,3,0.16350656622022,1,0.8125
"106103_7",0.79619855035717,0.172565183543568,0.463408378274156,0.782992743721323,0.0223882259523231,0.0903123659962819,0.0109530262988019,0.487012413501841,0.559063788801981,0.999928297183826,0.11322988254892,0.648750914029338,0.483293318740357,7.76303646992892e-05,0.429842384187205,0.320236428625469,0.499858107997852,0.214927687779163,0.387667411989697,0.855986521424805,0.757321181573143,0.129576181967989,3,0.16350656622022,1,0.875
"106103_8",0.79619855035717,0.172565183543568,0.463408378274156,0.782992743721323,0.0223882259523231,0.0903123659962819,0.0109530262988019,0.487012413501841,0.559063788801981,0.999928297183826,0.11322988254892,0.648750914029338,0.483293318740357,7.76303646992892e-05,0.429842384187205,0.320236428625469,0.499858107997852,0.214927687779163,0.387667411989697,0.855986521424805,0.757321181573143,0.129576181967989,3,0.16350656622022,1,0.9375
"106103_9",0.79619855035717,0.172565183543568,0.463408378274156,0.782992743721323,0.0223882259523231,0.0903123659962819,0.0109530262988019,0.487012413501841,0.559063788801981,0.999928297183826,0.11322988254892,0.648750914029338,0.483293318740357,7.76303646992892e-05,0.429842384187205,0.320236428625469,0.499858107997852,0.214927687779163,0.387667411989697,0.855986521424805,0.757321181573143,0.129576181967989,3,0.16350656622022,1,1
"106402_1",0.999852021087501,0.0623946800542307,0.286517341135178,0.814045281694064,0.119963741078067,0.119998732919027,2.35846800701693e-05,0.91693905764585,0.999854110333847,0.271179738081923,0.50990078130805,0.717201302563882,4.64802905591205e-05,7.76303646992892e-05,0.662061188717234,0.423554306195482,0.329280791402858,0.200366514626179,0.493278043108546,0.663724488556271,0.856206283478777,0.109429259510775,24,0.937156057870749,1,0.5
"106402_2",0.999852021087501,0.0623946800542307,0.286517341135178,0.814045281694064,0.119963741078067,0.119998732919027,2.35846800701693e-05,0.91693905764585,0.999854110333847,0.271179738081923,0.50990078130805,0.717201302563882,4.64802905591205e-05,7.76303646992892e-05,0.662061188717234,0.423554306195482,0.329280791402858,0.200366514626179,0.493278043108546,0.663724488556271,0.856206283478777,0.109429259510775,24,0.937156057870749,1,0.5625
"106402_3",0.999852021087501,0.0623946800542307,0.286517341135178,0.814045281694064,0.119963741078067,0.119998732919027,2.35846800701693e-05,0.91693905764585,0.999854110333847,0.271179738081923,0.50990078130805,0.717201302563882,4.64802905591205e-05,7.76303646992892e-05,0.662061188717234,0.423554306195482,0.329280791402858,0.200366514626179,0.493278043108546,0.663724488556271,0.856206283478777,0.109429259510775,24,0.937156057870749,1,0.625
"106402_4",0.999852021087501,0.0623946800542307,0.286517341135178,0.814045281694064,0.119963741078067,0.119998732919027,2.35846800701693e-05,0.91693905764585,0.999854110333847,0.271179738081923,0.50990078130805,0.717201302563882,4.64802905591205e-05,7.76303646992892e-05,0.662061188717234,0.423554306195482,0.329280791402858,0.200366514626179,0.493278043108546,0.663724488556271,0.856206283478777,0.109429259510775,24,0.937156057870749,1,0.6875
"106402_5",0.999852021087501,0.0623946800542307,0.286517341135178,0.814045281694064,0.119963741078067,0.119998732919027,2.35846800701693e-05,0.91693905764585,0.999854110333847,0.271179738081923,0.50990078130805,0.717201302563882,4.64802905591205e-05,7.76303646992892e-05,0.662061188717234,0.423554306195482,0.329280791402858,0.200366514626179,0.493278043108546,0.663724488556271,0.856206283478777,0.109429259510775,24,0.937156057870749,1,0.75
"106402_6",0.999852021087501,0.0623946800542307,0.286517341135178,0.814045281694064,0.119963741078067,0.119998732919027,2.35846800701693e-05,0.91693905764585,0.999854110333847,0.271179738081923,0.50990078130805,0.717201302563882,4.64802905591205e-05,7.76303646992892e-05,0.662061188717234,0.423554306195482,0.329280791402858,0.200366514626179,0.493278043108546,0.663724488556271,0.856206283478777,0.109429259510775,24,0.937156057870749,1,0.8125
"106402_7",0.999852021087501,0.0623946800542307,0.286517341135178,0.814045281694064,0.119963741078067,0.119998732919027,2.35846800701693e-05,0.91693905764585,0.999854110333847,0.271179738081923,0.50990078130805,0.717201302563882,4.64802905591205e-05,7.76303646992892e-05,0.662061188717234,0.423554306195482,0.329280791402858,0.200366514626179,0.493278043108546,0.663724488556271,0.856206283478777,0.109429259510775,24,0.937156057870749,1,0.875
"106402_8",0.999852021087501,0.0623946800542307,0.286517341135178,0.814045281694064,0.119963741078067,0.119998732919027,2.35846800701693e-05,0.91693905764585,0.999854110333847,0.271179738081923,0.50990078130805,0.717201302563882,4.64802905591205e-05,7.76303646992892e-05,0.662061188717234,0.423554306195482,0.329280791402858,0.200366514626179,0.493278043108546,0.663724488556271,0.856206283478777,0.109429259510775,24,0.937156057870749,1,0.9375
"106402_9",0.999852021087501,0.0623946800542307,0.286517341135178,0.814045281694064,0.119963741078067,0.119998732919027,2.35846800701693e-05,0.91693905764585,0.999854110333847,0.271179738081923,0.50990078130805,0.717201302563882,4.64802905591205e-05,7.76303646992892e-05,0.662061188717234,0.423554306195482,0.329280791402858,0.200366514626179,0.493278043108546,0.663724488556271,0.856206283478777,0.109429259510775,24,0.937156057870749,1,1
"106502_1",0.393263360079778,0.0281292439187675,0.170167771501827,0.600014735031926,0.0536553919343273,0.0785188462042072,0.0228436181304663,0.474382128479464,0.383891162433486,0.584786741770002,0.217780197243192,0.367513967861694,4.64802905591205e-05,0.193476683469184,0.489570495759313,0.0542633128535558,0.229582557615394,0.0488558647545703,0.396092453427035,0.999990134470386,0.789528553146689,0.166466503452099,4,0.820244539720381,1,0.5
"106502_2",0.393263360079778,0.0281292439187675,0.170167771501827,0.600014735031926,0.0536553919343273,0.0785188462042072,0.0228436181304663,0.474382128479464,0.383891162433486,0.584786741770002,0.217780197243192,0.367513967861694,4.64802905591205e-05,0.193476683469184,0.489570495759313,0.0542633128535558,0.229582557615394,0.0488558647545703,0.396092453427035,0.999990134470386,0.789528553146689,0.166466503452099,4,0.820244539720381,1,0.5625
"106502_3",0.393263360079778,0.0281292439187675,0.170167771501827,0.600014735031926,0.0536553919343273,0.0785188462042072,0.0228436181304663,0.474382128479464,0.383891162433486,0.584786741770002,0.217780197243192,0.367513967861694,4.64802905591205e-05,0.193476683469184,0.489570495759313,0.0542633128535558,0.229582557615394,0.0488558647545703,0.396092453427035,0.999990134470386,0.789528553146689,0.166466503452099,4,0.820244539720381,1,0.625
"106502_4",0.393263360079778,0.0281292439187675,0.170167771501827,0.600014735031926,0.0536553919343273,0.0785188462042072,0.0228436181304663,0.474382128479464,0.383891162433486,0.584786741770002,0.217780197243192,0.367513967861694,4.64802905591205e-05,0.193476683469184,0.489570495759313,0.0542633128535558,0.229582557615394,0.0488558647545703,0.396092453427035,0.999990134470386,0.789528553146689,0.166466503452099,4,0.820244539720381,1,0.6875
"106502_5",0.393263360079778,0.0281292439187675,0.170167771501827,0.600014735031926,0.0536553919343273,0.0785188462042072,0.0228436181304663,0.474382128479464,0.383891162433486,0.584786741770002,0.217780197243192,0.367513967861694,4.64802905591205e-05,0.193476683469184,0.489570495759313,0.0542633128535558,0.229582557615394,0.0488558647545703,0.396092453427035,0.999990134470386,0.789528553146689,0.166466503452099,4,0.820244539720381,1,0.75
"106502_6",0.393263360079778,0.0281292439187675,0.170167771501827,0.600014735031926,0.0536553919343273,0.0785188462042072,0.0228436181304663,0.474382128479464,0.383891162433486,0.584786741770002,0.217780197243192,0.367513967861694,4.64802905591205e-05,0.193476683469184,0.489570495759313,0.0542633128535558,0.229582557615394,0.0488558647545703,0.396092453427035,0.999990134470386,0.789528553146689,0.166466503452099,4,0.820244539720381,1,0.8125
"106502_7",0.393263360079778,0.0281292439187675,0.170167771501827,0.600014735031926,0.0536553919343273,0.0785188462042072,0.0228436181304663,0.474382128479464,0.383891162433486,0.584786741770002,0.217780197243192,0.367513967861694,4.64802905591205e-05,0.193476683469184,0.489570495759313,0.0542633128535558,0.229582557615394,0.0488558647545703,0.396092453427035,0.999990134470386,0.789528553146689,0.166466503452099,4,0.820244539720381,1,0.875
"106502_8",0.393263360079778,0.0281292439187675,0.170167771501827,0.600014735031926,0.0536553919343273,0.0785188462042072,0.0228436181304663,0.474382128479464,0.383891162433486,0.584786741770002,0.217780197243192,0.367513967861694,4.64802905591205e-05,0.193476683469184,0.489570495759313,0.0542633128535558,0.229582557615394,0.0488558647545703,0.396092453427035,0.999990134470386,0.789528553146689,0.166466503452099,4,0.820244539720381,1,0.9375
"106502_9",0.393263360079778,0.0281292439187675,0.170167771501827,0.600014735031926,0.0536553919343273,0.0785188462042072,0.0228436181304663,0.474382128479464,0.383891162433486,0.584786741770002,0.217780197243192,0.367513967861694,4.64802905591205e-05,0.193476683469184,0.489570495759313,0.0542633128535558,0.229582557615394,0.0488558647545703,0.396092453427035,0.999990134470386,0.789528553146689,0.166466503452099,4,0.820244539720381,1,1
"106600_1",0.471967935359355,0.750010513759699,0.804015074646877,0.6689592070876,0.0354322424551661,3.77011053683236e-06,0.0138861109904746,0.999640291173093,0.999854110333847,0.597070671163031,0.123488943356766,0.297660311066187,4.64802905591205e-05,0.196685064514809,0.349590035489786,0.00030305628819158,0.271262849456166,0.0297952063553798,0.366880037172359,0.826037687948189,0.825064936073076,6.79376821854385e-05,24,0.140828257762987,1,0.5
"106600_2",0.471967935359355,0.750010513759699,0.804015074646877,0.6689592070876,0.0354322424551661,3.77011053683236e-06,0.0138861109904746,0.999640291173093,0.999854110333847,0.597070671163031,0.123488943356766,0.297660311066187,4.64802905591205e-05,0.196685064514809,0.349590035489786,0.00030305628819158,0.271262849456166,0.0297952063553798,0.366880037172359,0.826037687948189,0.825064936073076,6.79376821854385e-05,24,0.140828257762987,1,0.5625
"106600_3",0.471967935359355,0.750010513759699,0.804015074646877,0.6689592070876,0.0354322424551661,3.77011053683236e-06,0.0138861109904746,0.999640291173093,0.999854110333847,0.597070671163031,0.123488943356766,0.297660311066187,4.64802905591205e-05,0.196685064514809,0.349590035489786,0.00030305628819158,0.271262849456166,0.0297952063553798,0.366880037172359,0.826037687948189,0.825064936073076,6.79376821854385e-05,24,0.140828257762987,1,0.625
"106600_4",0.471967935359355,0.750010513759699,0.804015074646877,0.6689592070876,0.0354322424551661,3.77011053683236e-06,0.0138861109904746,0.999640291173093,0.999854110333847,0.597070671163031,0.123488943356766,0.297660311066187,4.64802905591205e-05,0.196685064514809,0.349590035489786,0.00030305628819158,0.271262849456166,0.0297952063553798,0.366880037172359,0.826037687948189,0.825064936073076,6.79376821854385e-05,24,0.140828257762987,1,0.6875
"106600_5",0.471967935359355,0.750010513759699,0.804015074646877,0.6689592070876,0.0354322424551661,3.77011053683236e-06,0.0138861109904746,0.999640291173093,0.999854110333847,0.597070671163031,0.123488943356766,0.297660311066187,4.64802905591205e-05,0.196685064514809,0.349590035489786,0.00030305628819158,0.271262849456166,0.0297952063553798,0.366880037172359,0.826037687948189,0.825064936073076,6.79376821854385e-05,24,0.140828257762987,1,0.75
"106600_6",0.471967935359355,0.750010513759699,0.804015074646877,0.6689592070876,0.0354322424551661,3.77011053683236e-06,0.0138861109904746,0.999640291173093,0.999854110333847,0.597070671163031,0.123488943356766,0.297660311066187,4.64802905591205e-05,0.196685064514809,0.349590035489786,0.00030305628819158,0.271262849456166,0.0297952063553798,0.366880037172359,0.826037687948189,0.825064936073076,6.79376821854385e-05,24,0.140828257762987,1,0.8125
"106600_7",0.471967935359355,0.750010513759699,0.804015074646877,0.6689592070876,0.0354322424551661,3.77011053683236e-06,0.0138861109904746,0.999640291173093,0.999854110333847,0.597070671163031,0.123488943356766,0.297660311066187,4.64802905591205e-05,0.196685064514809,0.349590035489786,0.00030305628819158,0.271262849456166,0.0297952063553798,0.366880037172359,0.826037687948189,0.825064936073076,6.79376821854385e-05,24,0.140828257762987,1,0.875
"106600_8",0.471967935359355,0.750010513759699,0.804015074646877,0.6689592070876,0.0354322424551661,3.77011053683236e-06,0.0138861109904746,0.999640291173093,0.999854110333847,0.597070671163031,0.123488943356766,0.297660311066187,4.64802905591205e-05,0.196685064514809,0.349590035489786,0.00030305628819158,0.271262849456166,0.0297952063553798,0.366880037172359,0.826037687948189,0.825064936073076,6.79376821854385e-05,24,0.140828257762987,1,0.9375
"106600_9",0.471967935359355,0.750010513759699,0.804015074646877,0.6689592070876,0.0354322424551661,3.77011053683236e-06,0.0138861109904746,0.999640291173093,0.999854110333847,0.597070671163031,0.123488943356766,0.297660311066187,4.64802905591205e-05,0.196685064514809,0.349590035489786,0.00030305628819158,0.271262849456166,0.0297952063553798,0.366880037172359,0.826037687948189,0.825064936073076,6.79376821854385e-05,24,0.140828257762987,1,1
"106802_1",0.21056916237624,0.247371230820505,0.13764320795175,0.76226217890884,0.0584604261709754,0.119998732919027,0.0456800152329014,0.836813562466656,0.999854110333847,0.274511509270354,0.79667680260814,0.802374066728408,0.13756895494541,0.0301039983385127,0.127631954870799,0.253300491334298,0.0353741780932055,0.436408045374409,0.126203639348877,0.663804514037343,0.901680494941589,0.164151639941594,11,0.829797369500115,1,0.5
"106802_2",0.21056916237624,0.247371230820505,0.13764320795175,0.76226217890884,0.0584604261709754,0.119998732919027,0.0456800152329014,0.836813562466656,0.999854110333847,0.274511509270354,0.79667680260814,0.802374066728408,0.13756895494541,0.0301039983385127,0.127631954870799,0.253300491334298,0.0353741780932055,0.436408045374409,0.126203639348877,0.663804514037343,0.901680494941589,0.164151639941594,11,0.829797369500115,1,0.5625
"106802_3",0.21056916237624,0.247371230820505,0.13764320795175,0.76226217890884,0.0584604261709754,0.119998732919027,0.0456800152329014,0.836813562466656,0.999854110333847,0.274511509270354,0.79667680260814,0.802374066728408,0.13756895494541,0.0301039983385127,0.127631954870799,0.253300491334298,0.0353741780932055,0.436408045374409,0.126203639348877,0.663804514037343,0.901680494941589,0.164151639941594,11,0.829797369500115,1,0.625
"106802_4",0.21056916237624,0.247371230820505,0.13764320795175,0.76226217890884,0.0584604261709754,0.119998732919027,0.0456800152329014,0.836813562466656,0.999854110333847,0.274511509270354,0.79667680260814,0.802374066728408,0.13756895494541,0.0301039983385127,0.127631954870799,0.253300491334298,0.0353741780932055,0.436408045374409,0.126203639348877,0.663804514037343,0.901680494941589,0.164151639941594,11,0.829797369500115,1,0.6875
"106802_5",0.21056916237624,0.247371230820505,0.13764320795175,0.76226217890884,0.0584604261709754,0.119998732919027,0.0456800152329014,0.836813562466656,0.999854110333847,0.274511509270354,0.79667680260814,0.802374066728408,0.13756895494541,0.0301039983385127,0.127631954870799,0.253300491334298,0.0353741780932055,0.436408045374409,0.126203639348877,0.663804514037343,0.901680494941589,0.164151639941594,11,0.829797369500115,1,0.75
"106802_6",0.21056916237624,0.247371230820505,0.13764320795175,0.76226217890884,0.0584604261709754,0.119998732919027,0.0456800152329014,0.836813562466656,0.999854110333847,0.274511509270354,0.79667680260814,0.802374066728408,0.13756895494541,0.0301039983385127,0.127631954870799,0.253300491334298,0.0353741780932055,0.436408045374409,0.126203639348877,0.663804514037343,0.901680494941589,0.164151639941594,11,0.829797369500115,1,0.8125
"106802_7",0.21056916237624,0.247371230820505,0.13764320795175,0.76226217890884,0.0584604261709754,0.119998732919027,0.0456800152329014,0.836813562466656,0.999854110333847,0.274511509270354,0.79667680260814,0.802374066728408,0.13756895494541,0.0301039983385127,0.127631954870799,0.253300491334298,0.0353741780932055,0.436408045374409,0.126203639348877,0.663804514037343,0.901680494941589,0.164151639941594,11,0.829797369500115,1,0.875
"106802_8",0.21056916237624,0.247371230820505,0.13764320795175,0.76226217890884,0.0584604261709754,0.119998732919027,0.0456800152329014,0.836813562466656,0.999854110333847,0.274511509270354,0.79667680260814,0.802374066728408,0.13756895494541,0.0301039983385127,0.127631954870799,0.253300491334298,0.0353741780932055,0.436408045374409,0.126203639348877,0.663804514037343,0.901680494941589,0.164151639941594,11,0.829797369500115,1,0.9375
"106802_9",0.21056916237624,0.247371230820505,0.13764320795175,0.76226217890884,0.0584604261709754,0.119998732919027,0.0456800152329014,0.836813562466656,0.999854110333847,0.274511509270354,0.79667680260814,0.802374066728408,0.13756895494541,0.0301039983385127,0.127631954870799,0.253300491334298,0.0353741780932055,0.436408045374409,0.126203639348877,0.663804514037343,0.901680494941589,0.164151639941594,11,0.829797369500115,1,1
"107106_1",0.840503794076751,0.129805454006807,0.319966086498383,0.626476036580648,0.0580111200685458,0.119998732919027,2.35846800701693e-05,0.0728524120120213,0.949752107043563,0.999928297183826,0.0729870652102905,0.0540591395792041,4.64802905591205e-05,0.508022956835024,0.660848613617812,0.125152549143334,0.350514416377201,0.097369517521713,0.23744148527231,0.999990134470386,0.849140545847446,0.047845932031697,5,0.931287964488237,1,0.5
"107106_2",0.840503794076751,0.129805454006807,0.319966086498383,0.626476036580648,0.0580111200685458,0.119998732919027,2.35846800701693e-05,0.0728524120120213,0.949752107043563,0.999928297183826,0.0729870652102905,0.0540591395792041,4.64802905591205e-05,0.508022956835024,0.660848613617812,0.125152549143334,0.350514416377201,0.097369517521713,0.23744148527231,0.999990134470386,0.849140545847446,0.047845932031697,5,0.931287964488237,1,0.5625
"107106_3",0.840503794076751,0.129805454006807,0.319966086498383,0.626476036580648,0.0580111200685458,0.119998732919027,2.35846800701693e-05,0.0728524120120213,0.949752107043563,0.999928297183826,0.0729870652102905,0.0540591395792041,4.64802905591205e-05,0.508022956835024,0.660848613617812,0.125152549143334,0.350514416377201,0.097369517521713,0.23744148527231,0.999990134470386,0.849140545847446,0.047845932031697,5,0.931287964488237,1,0.625
"107106_4",0.840503794076751,0.129805454006807,0.319966086498383,0.626476036580648,0.0580111200685458,0.119998732919027,2.35846800701693e-05,0.0728524120120213,0.949752107043563,0.999928297183826,0.0729870652102905,0.0540591395792041,4.64802905591205e-05,0.508022956835024,0.660848613617812,0.125152549143334,0.350514416377201,0.097369517521713,0.23744148527231,0.999990134470386,0.849140545847446,0.047845932031697,5,0.931287964488237,1,0.6875
"107106_5",0.840503794076751,0.129805454006807,0.319966086498383,0.626476036580648,0.0580111200685458,0.119998732919027,2.35846800701693e-05,0.0728524120120213,0.949752107043563,0.999928297183826,0.0729870652102905,0.0540591395792041,4.64802905591205e-05,0.508022956835024,0.660848613617812,0.125152549143334,0.350514416377201,0.097369517521713,0.23744148527231,0.999990134470386,0.849140545847446,0.047845932031697,5,0.931287964488237,1,0.75
"107106_6",0.840503794076751,0.129805454006807,0.319966086498383,0.626476036580648,0.0580111200685458,0.119998732919027,2.35846800701693e-05,0.0728524120120213,0.949752107043563,0.999928297183826,0.0729870652102905,0.0540591395792041,4.64802905591205e-05,0.508022956835024,0.660848613617812,0.125152549143334,0.350514416377201,0.097369517521713,0.23744148527231,0.999990134470386,0.849140545847446,0.047845932031697,5,0.931287964488237,1,0.8125
"107106_7",0.840503794076751,0.129805454006807,0.319966086498383,0.626476036580648,0.0580111200685458,0.119998732919027,2.35846800701693e-05,0.0728524120120213,0.949752107043563,0.999928297183826,0.0729870652102905,0.0540591395792041,4.64802905591205e-05,0.508022956835024,0.660848613617812,0.125152549143334,0.350514416377201,0.097369517521713,0.23744148527231,0.999990134470386,0.849140545847446,0.047845932031697,5,0.931287964488237,1,0.875
"107106_8",0.840503794076751,0.129805454006807,0.319966086498383,0.626476036580648,0.0580111200685458,0.119998732919027,2.35846800701693e-05,0.0728524120120213,0.949752107043563,0.999928297183826,0.0729870652102905,0.0540591395792041,4.64802905591205e-05,0.508022956835024,0.660848613617812,0.125152549143334,0.350514416377201,0.097369517521713,0.23744148527231,0.999990134470386,0.849140545847446,0.047845932031697,5,0.931287964488237,1,0.9375
"107106_9",0.840503794076751,0.129805454006807,0.319966086498383,0.626476036580648,0.0580111200685458,0.119998732919027,2.35846800701693e-05,0.0728524120120213,0.949752107043563,0.999928297183826,0.0729870652102905,0.0540591395792041,4.64802905591205e-05,0.508022956835024,0.660848613617812,0.125152549143334,0.350514416377201,0.097369517521713,0.23744148527231,0.999990134470386,0.849140545847446,0.047845932031697,5,0.931287964488237,1,1
"107301_1",0.999852021087501,0.132796619446928,8.27004485181533e-05,0.673034975158205,0.0920357438705801,0.058689072067264,0.0776998911441579,0.507096821294344,0.645301935355909,0.999928297183826,0.249677520822889,0.211157396140103,4.64802905591205e-05,0.67096312873719,0.582882920409667,0.125013990680777,3.55416661011986e-06,0.242715894937714,0.373499978129133,0.666602660762877,0.999975606664492,0.195868973879805,17,0.947950705224457,1,0.5
"107301_2",0.999852021087501,0.132796619446928,8.27004485181533e-05,0.673034975158205,0.0920357438705801,0.058689072067264,0.0776998911441579,0.507096821294344,0.645301935355909,0.999928297183826,0.249677520822889,0.211157396140103,4.64802905591205e-05,0.67096312873719,0.582882920409667,0.125013990680777,3.55416661011986e-06,0.242715894937714,0.373499978129133,0.666602660762877,0.999975606664492,0.195868973879805,17,0.947950705224457,1,0.5625
"107301_3",0.999852021087501,0.132796619446928,8.27004485181533e-05,0.673034975158205,0.0920357438705801,0.058689072067264,0.0776998911441579,0.507096821294344,0.645301935355909,0.999928297183826,0.249677520822889,0.211157396140103,4.64802905591205e-05,0.67096312873719,0.582882920409667,0.125013990680777,3.55416661011986e-06,0.242715894937714,0.373499978129133,0.666602660762877,0.999975606664492,0.195868973879805,17,0.947950705224457,1,0.625
"107301_4",0.999852021087501,0.132796619446928,8.27004485181533e-05,0.673034975158205,0.0920357438705801,0.058689072067264,0.0776998911441579,0.507096821294344,0.645301935355909,0.999928297183826,0.249677520822889,0.211157396140103,4.64802905591205e-05,0.67096312873719,0.582882920409667,0.125013990680777,3.55416661011986e-06,0.242715894937714,0.373499978129133,0.666602660762877,0.999975606664492,0.195868973879805,17,0.947950705224457,1,0.6875
"107301_5",0.999852021087501,0.132796619446928,8.27004485181533e-05,0.673034975158205,0.0920357438705801,0.058689072067264,0.0776998911441579,0.507096821294344,0.645301935355909,0.999928297183826,0.249677520822889,0.211157396140103,4.64802905591205e-05,0.67096312873719,0.582882920409667,0.125013990680777,3.55416661011986e-06,0.242715894937714,0.373499978129133,0.666602660762877,0.999975606664492,0.195868973879805,17,0.947950705224457,1,0.75
"107301_6",0.999852021087501,0.132796619446928,8.27004485181533e-05,0.673034975158205,0.0920357438705801,0.058689072067264,0.0776998911441579,0.507096821294344,0.645301935355909,0.999928297183826,0.249677520822889,0.211157396140103,4.64802905591205e-05,0.67096312873719,0.582882920409667,0.125013990680777,3.55416661011986e-06,0.242715894937714,0.373499978129133,0.666602660762877,0.999975606664492,0.195868973879805,17,0.947950705224457,1,0.8125
"107301_7",0.999852021087501,0.132796619446928,8.27004485181533e-05,0.673034975158205,0.0920357438705801,0.058689072067264,0.0776998911441579,0.507096821294344,0.645301935355909,0.999928297183826,0.249677520822889,0.211157396140103,4.64802905591205e-05,0.67096312873719,0.582882920409667,0.125013990680777,3.55416661011986e-06,0.242715894937714,0.373499978129133,0.666602660762877,0.999975606664492,0.195868973879805,17,0.947950705224457,1,0.875
"107301_8",0.999852021087501,0.132796619446928,8.27004485181533e-05,0.673034975158205,0.0920357438705801,0.058689072067264,0.0776998911441579,0.507096821294344,0.645301935355909,0.999928297183826,0.249677520822889,0.211157396140103,4.64802905591205e-05,0.67096312873719,0.582882920409667,0.125013990680777,3.55416661011986e-06,0.242715894937714,0.373499978129133,0.666602660762877,0.999975606664492,0.195868973879805,17,0.947950705224457,1,0.9375
"107301_9",0.999852021087501,0.132796619446928,8.27004485181533e-05,0.673034975158205,0.0920357438705801,0.058689072067264,0.0776998911441579,0.507096821294344,0.645301935355909,0.999928297183826,0.249677520822889,0.211157396140103,4.64802905591205e-05,0.67096312873719,0.582882920409667,0.125013990680777,3.55416661011986e-06,0.242715894937714,0.373499978129133,0.666602660762877,0.999975606664492,0.195868973879805,17,0.947950705224457,1,1
"107303_1",0.80869255561087,0.679183110763999,0.0774182247948229,0.602252297736852,0.00963571674083834,0.02495815812954,0.0539543011085247,0.629906920664694,0.45538345742172,0.965186549647504,0.0223251624496156,0.365439540966627,0.312145608427988,0.368205078910838,0.0997703031264947,0.218553802853559,0.255204024833272,0.448441098450693,0.499559855764972,0.661806172607917,0.999890927151384,0.144051028429108,20,0.0585351973934102,1,0.5
"107303_2",0.80869255561087,0.679183110763999,0.0774182247948229,0.602252297736852,0.00963571674083834,0.02495815812954,0.0539543011085247,0.629906920664694,0.45538345742172,0.965186549647504,0.0223251624496156,0.365439540966627,0.312145608427988,0.368205078910838,0.0997703031264947,0.218553802853559,0.255204024833272,0.448441098450693,0.499559855764972,0.661806172607917,0.999890927151384,0.144051028429108,20,0.0585351973934102,1,0.5625
"107303_3",0.80869255561087,0.679183110763999,0.0774182247948229,0.602252297736852,0.00963571674083834,0.02495815812954,0.0539543011085247,0.629906920664694,0.45538345742172,0.965186549647504,0.0223251624496156,0.365439540966627,0.312145608427988,0.368205078910838,0.0997703031264947,0.218553802853559,0.255204024833272,0.448441098450693,0.499559855764972,0.661806172607917,0.999890927151384,0.144051028429108,20,0.0585351973934102,1,0.625
"107303_4",0.80869255561087,0.679183110763999,0.0774182247948229,0.602252297736852,0.00963571674083834,0.02495815812954,0.0539543011085247,0.629906920664694,0.45538345742172,0.965186549647504,0.0223251624496156,0.365439540966627,0.312145608427988,0.368205078910838,0.0997703031264947,0.218553802853559,0.255204024833272,0.448441098450693,0.499559855764972,0.661806172607917,0.999890927151384,0.144051028429108,20,0.0585351973934102,1,0.6875
"107303_5",0.80869255561087,0.679183110763999,0.0774182247948229,0.602252297736852,0.00963571674083834,0.02495815812954,0.0539543011085247,0.629906920664694,0.45538345742172,0.965186549647504,0.0223251624496156,0.365439540966627,0.312145608427988,0.368205078910838,0.0997703031264947,0.218553802853559,0.255204024833272,0.448441098450693,0.499559855764972,0.661806172607917,0.999890927151384,0.144051028429108,20,0.0585351973934102,1,0.75
"107303_6",0.80869255561087,0.679183110763999,0.0774182247948229,0.602252297736852,0.00963571674083834,0.02495815812954,0.0539543011085247,0.629906920664694,0.45538345742172,0.965186549647504,0.0223251624496156,0.365439540966627,0.312145608427988,0.368205078910838,0.0997703031264947,0.218553802853559,0.255204024833272,0.448441098450693,0.499559855764972,0.661806172607917,0.999890927151384,0.144051028429108,20,0.0585351973934102,1,0.8125
"107303_7",0.80869255561087,0.679183110763999,0.0774182247948229,0.602252297736852,0.00963571674083834,0.02495815812954,0.0539543011085247,0.629906920664694,0.45538345742172,0.965186549647504,0.0223251624496156,0.365439540966627,0.312145608427988,0.368205078910838,0.0997703031264947,0.218553802853559,0.255204024833272,0.448441098450693,0.499559855764972,0.661806172607917,0.999890927151384,0.144051028429108,20,0.0585351973934102,1,0.875
"107303_8",0.80869255561087,0.679183110763999,0.0774182247948229,0.602252297736852,0.00963571674083834,0.02495815812954,0.0539543011085247,0.629906920664694,0.45538345742172,0.965186549647504,0.0223251624496156,0.365439540966627,0.312145608427988,0.368205078910838,0.0997703031264947,0.218553802853559,0.255204024833272,0.448441098450693,0.499559855764972,0.661806172607917,0.999890927151384,0.144051028429108,20,0.0585351973934102,1,0.9375
"107303_9",0.80869255561087,0.679183110763999,0.0774182247948229,0.602252297736852,0.00963571674083834,0.02495815812954,0.0539543011085247,0.629906920664694,0.45538345742172,0.965186549647504,0.0223251624496156,0.365439540966627,0.312145608427988,0.368205078910838,0.0997703031264947,0.218553802853559,0.255204024833272,0.448441098450693,0.499559855764972,0.661806172607917,0.999890927151384,0.144051028429108,20,0.0585351973934102,1,1
"107406_1",0.00021768103810027,7.64295788737945e-05,0.609992046515242,0.905008278281238,2.69250937448815e-06,0.0346091546297428,2.35846800701693e-05,0.560205676293197,0.821748942852905,0.55880637155027,0.503540693745645,0.570740725268317,0.437047923615492,7.76303646992892e-05,0.00019440235718619,0.311764512646306,3.55416661011986e-06,0.216133514357273,0.372360089195039,0.819110429890183,0.670160642154282,0.12759030443785,30,0.351922992744496,1,0.5
"107406_2",0.00021768103810027,7.64295788737945e-05,0.609992046515242,0.905008278281238,2.69250937448815e-06,0.0346091546297428,2.35846800701693e-05,0.560205676293197,0.821748942852905,0.55880637155027,0.503540693745645,0.570740725268317,0.437047923615492,7.76303646992892e-05,0.00019440235718619,0.311764512646306,3.55416661011986e-06,0.216133514357273,0.372360089195039,0.819110429890183,0.670160642154282,0.12759030443785,30,0.351922992744496,1,0.5625
"107406_3",0.00021768103810027,7.64295788737945e-05,0.609992046515242,0.905008278281238,2.69250937448815e-06,0.0346091546297428,2.35846800701693e-05,0.560205676293197,0.821748942852905,0.55880637155027,0.503540693745645,0.570740725268317,0.437047923615492,7.76303646992892e-05,0.00019440235718619,0.311764512646306,3.55416661011986e-06,0.216133514357273,0.372360089195039,0.819110429890183,0.670160642154282,0.12759030443785,30,0.351922992744496,1,0.625
"107406_4",0.00021768103810027,7.64295788737945e-05,0.609992046515242,0.905008278281238,2.69250937448815e-06,0.0346091546297428,2.35846800701693e-05,0.560205676293197,0.821748942852905,0.55880637155027,0.503540693745645,0.570740725268317,0.437047923615492,7.76303646992892e-05,0.00019440235718619,0.311764512646306,3.55416661011986e-06,0.216133514357273,0.372360089195039,0.819110429890183,0.670160642154282,0.12759030443785,30,0.351922992744496,1,0.6875
"107406_5",0.00021768103810027,7.64295788737945e-05,0.609992046515242,0.905008278281238,2.69250937448815e-06,0.0346091546297428,2.35846800701693e-05,0.560205676293197,0.821748942852905,0.55880637155027,0.503540693745645,0.570740725268317,0.437047923615492,7.76303646992892e-05,0.00019440235718619,0.311764512646306,3.55416661011986e-06,0.216133514357273,0.372360089195039,0.819110429890183,0.670160642154282,0.12759030443785,30,0.351922992744496,1,0.75
"107406_6",0.00021768103810027,7.64295788737945e-05,0.609992046515242,0.905008278281238,2.69250937448815e-06,0.0346091546297428,2.35846800701693e-05,0.560205676293197,0.821748942852905,0.55880637155027,0.503540693745645,0.570740725268317,0.437047923615492,7.76303646992892e-05,0.00019440235718619,0.311764512646306,3.55416661011986e-06,0.216133514357273,0.372360089195039,0.819110429890183,0.670160642154282,0.12759030443785,30,0.351922992744496,1,0.8125
"107406_7",0.00021768103810027,7.64295788737945e-05,0.609992046515242,0.905008278281238,2.69250937448815e-06,0.0346091546297428,2.35846800701693e-05,0.560205676293197,0.821748942852905,0.55880637155027,0.503540693745645,0.570740725268317,0.437047923615492,7.76303646992892e-05,0.00019440235718619,0.311764512646306,3.55416661011986e-06,0.216133514357273,0.372360089195039,0.819110429890183,0.670160642154282,0.12759030443785,30,0.351922992744496,1,0.875
"107406_8",0.00021768103810027,7.64295788737945e-05,0.609992046515242,0.905008278281238,2.69250937448815e-06,0.0346091546297428,2.35846800701693e-05,0.560205676293197,0.821748942852905,0.55880637155027,0.503540693745645,0.570740725268317,0.437047923615492,7.76303646992892e-05,0.00019440235718619,0.311764512646306,3.55416661011986e-06,0.216133514357273,0.372360089195039,0.819110429890183,0.670160642154282,0.12759030443785,30,0.351922992744496,1,0.9375
"107406_9",0.00021768103810027,7.64295788737945e-05,0.609992046515242,0.905008278281238,2.69250937448815e-06,0.0346091546297428,2.35846800701693e-05,0.560205676293197,0.821748942852905,0.55880637155027,0.503540693745645,0.570740725268317,0.437047923615492,7.76303646992892e-05,0.00019440235718619,0.311764512646306,3.55416661011986e-06,0.216133514357273,0.372360089195039,0.819110429890183,0.670160642154282,0.12759030443785,30,0.351922992744496,1,1
"107802_1",0.794027747628102,0.609519306402895,0.263634137642517,0.646101363066344,2.69250937448815e-06,0.0786815466037132,0.0382485007627792,0.700124212755516,0.999854110333847,0.999928297183826,0.66903987936535,0.646042288034779,0.255270942547455,7.76303646992892e-05,0.315950727651283,0.369649343579353,0.00398107092089134,0.343833215220444,0.395920234854258,0.619622158556013,0.958178891430847,0.121227388405601,9,0.35801353195247,1,0.5
"107802_2",0.794027747628102,0.609519306402895,0.263634137642517,0.646101363066344,2.69250937448815e-06,0.0786815466037132,0.0382485007627792,0.700124212755516,0.999854110333847,0.999928297183826,0.66903987936535,0.646042288034779,0.255270942547455,7.76303646992892e-05,0.315950727651283,0.369649343579353,0.00398107092089134,0.343833215220444,0.395920234854258,0.619622158556013,0.958178891430847,0.121227388405601,9,0.35801353195247,1,0.5625
"107802_3",0.794027747628102,0.609519306402895,0.263634137642517,0.646101363066344,2.69250937448815e-06,0.0786815466037132,0.0382485007627792,0.700124212755516,0.999854110333847,0.999928297183826,0.66903987936535,0.646042288034779,0.255270942547455,7.76303646992892e-05,0.315950727651283,0.369649343579353,0.00398107092089134,0.343833215220444,0.395920234854258,0.619622158556013,0.958178891430847,0.121227388405601,9,0.35801353195247,1,0.625
"107802_4",0.794027747628102,0.609519306402895,0.263634137642517,0.646101363066344,2.69250937448815e-06,0.0786815466037132,0.0382485007627792,0.700124212755516,0.999854110333847,0.999928297183826,0.66903987936535,0.646042288034779,0.255270942547455,7.76303646992892e-05,0.315950727651283,0.369649343579353,0.00398107092089134,0.343833215220444,0.395920234854258,0.619622158556013,0.958178891430847,0.121227388405601,9,0.35801353195247,1,0.6875
"107802_5",0.794027747628102,0.609519306402895,0.263634137642517,0.646101363066344,2.69250937448815e-06,0.0786815466037132,0.0382485007627792,0.700124212755516,0.999854110333847,0.999928297183826,0.66903987936535,0.646042288034779,0.255270942547455,7.76303646992892e-05,0.315950727651283,0.369649343579353,0.00398107092089134,0.343833215220444,0.395920234854258,0.619622158556013,0.958178891430847,0.121227388405601,9,0.35801353195247,1,0.75
"107802_6",0.794027747628102,0.609519306402895,0.263634137642517,0.646101363066344,2.69250937448815e-06,0.0786815466037132,0.0382485007627792,0.700124212755516,0.999854110333847,0.999928297183826,0.66903987936535,0.646042288034779,0.255270942547455,7.76303646992892e-05,0.315950727651283,0.369649343579353,0.00398107092089134,0.343833215220444,0.395920234854258,0.619622158556013,0.958178891430847,0.121227388405601,9,0.35801353195247,1,0.8125
"107802_7",0.794027747628102,0.609519306402895,0.263634137642517,0.646101363066344,2.69250937448815e-06,0.0786815466037132,0.0382485007627792,0.700124212755516,0.999854110333847,0.999928297183826,0.66903987936535,0.646042288034779,0.255270942547455,7.76303646992892e-05,0.315950727651283,0.369649343579353,0.00398107092089134,0.343833215220444,0.395920234854258,0.619622158556013,0.958178891430847,0.121227388405601,9,0.35801353195247,1,0.875
"107802_8",0.794027747628102,0.609519306402895,0.263634137642517,0.646101363066344,2.69250937448815e-06,0.0786815466037132,0.0382485007627792,0.700124212755516,0.999854110333847,0.999928297183826,0.66903987936535,0.646042288034779,0.255270942547455,7.76303646992892e-05,0.315950727651283,0.369649343579353,0.00398107092089134,0.343833215220444,0.395920234854258,0.619622158556013,0.958178891430847,0.121227388405601,9,0.35801353195247,1,0.9375
"107802_9",0.794027747628102,0.609519306402895,0.263634137642517,0.646101363066344,2.69250937448815e-06,0.0786815466037132,0.0382485007627792,0.700124212755516,0.999854110333847,0.999928297183826,0.66903987936535,0.646042288034779,0.255270942547455,7.76303646992892e-05,0.315950727651283,0.369649343579353,0.00398107092089134,0.343833215220444,0.395920234854258,0.619622158556013,0.958178891430847,0.121227388405601,9,0.35801353195247,1,1
"107803_1",0.307828595713869,0.0702916914136765,0.175456995315691,0.637014017518048,0.0068345706438992,0.0503215062888584,0.0824077124067859,0.999315970955736,0.999854110333847,0.503879645971153,0.680568761788872,0.531937347483556,0.448538140767278,7.76303646992892e-05,0.00019440235718619,0.404418106211121,3.55416661011986e-06,0.401210548410783,0.205611228417053,0.685931320500772,0.698989606064473,0.168723489850514,30,0.412415941875836,1,0.5
"107803_2",0.307828595713869,0.0702916914136765,0.175456995315691,0.637014017518048,0.0068345706438992,0.0503215062888584,0.0824077124067859,0.999315970955736,0.999854110333847,0.503879645971153,0.680568761788872,0.531937347483556,0.448538140767278,7.76303646992892e-05,0.00019440235718619,0.404418106211121,3.55416661011986e-06,0.401210548410783,0.205611228417053,0.685931320500772,0.698989606064473,0.168723489850514,30,0.412415941875836,1,0.5625
"107803_3",0.307828595713869,0.0702916914136765,0.175456995315691,0.637014017518048,0.0068345706438992,0.0503215062888584,0.0824077124067859,0.999315970955736,0.999854110333847,0.503879645971153,0.680568761788872,0.531937347483556,0.448538140767278,7.76303646992892e-05,0.00019440235718619,0.404418106211121,3.55416661011986e-06,0.401210548410783,0.205611228417053,0.685931320500772,0.698989606064473,0.168723489850514,30,0.412415941875836,1,0.625
"107803_4",0.307828595713869,0.0702916914136765,0.175456995315691,0.637014017518048,0.0068345706438992,0.0503215062888584,0.0824077124067859,0.999315970955736,0.999854110333847,0.503879645971153,0.680568761788872,0.531937347483556,0.448538140767278,7.76303646992892e-05,0.00019440235718619,0.404418106211121,3.55416661011986e-06,0.401210548410783,0.205611228417053,0.685931320500772,0.698989606064473,0.168723489850514,30,0.412415941875836,1,0.6875
"107803_5",0.307828595713869,0.0702916914136765,0.175456995315691,0.637014017518048,0.0068345706438992,0.0503215062888584,0.0824077124067859,0.999315970955736,0.999854110333847,0.503879645971153,0.680568761788872,0.531937347483556,0.448538140767278,7.76303646992892e-05,0.00019440235718619,0.404418106211121,3.55416661011986e-06,0.401210548410783,0.205611228417053,0.685931320500772,0.698989606064473,0.168723489850514,30,0.412415941875836,1,0.75
"107803_6",0.307828595713869,0.0702916914136765,0.175456995315691,0.637014017518048,0.0068345706438992,0.0503215062888584,0.0824077124067859,0.999315970955736,0.999854110333847,0.503879645971153,0.680568761788872,0.531937347483556,0.448538140767278,7.76303646992892e-05,0.00019440235718619,0.404418106211121,3.55416661011986e-06,0.401210548410783,0.205611228417053,0.685931320500772,0.698989606064473,0.168723489850514,30,0.412415941875836,1,0.8125
"107803_7",0.307828595713869,0.0702916914136765,0.175456995315691,0.637014017518048,0.0068345706438992,0.0503215062888584,0.0824077124067859,0.999315970955736,0.999854110333847,0.503879645971153,0.680568761788872,0.531937347483556,0.448538140767278,7.76303646992892e-05,0.00019440235718619,0.404418106211121,3.55416661011986e-06,0.401210548410783,0.205611228417053,0.685931320500772,0.698989606064473,0.168723489850514,30,0.412415941875836,1,0.875
"107803_8",0.307828595713869,0.0702916914136765,0.175456995315691,0.637014017518048,0.0068345706438992,0.0503215062888584,0.0824077124067859,0.999315970955736,0.999854110333847,0.503879645971153,0.680568761788872,0.531937347483556,0.448538140767278,7.76303646992892e-05,0.00019440235718619,0.404418106211121,3.55416661011986e-06,0.401210548410783,0.205611228417053,0.685931320500772,0.698989606064473,0.168723489850514,30,0.412415941875836,1,0.9375
"107803_9",0.307828595713869,0.0702916914136765,0.175456995315691,0.637014017518048,0.0068345706438992,0.0503215062888584,0.0824077124067859,0.999315970955736,0.999854110333847,0.503879645971153,0.680568761788872,0.531937347483556,0.448538140767278,7.76303646992892e-05,0.00019440235718619,0.404418106211121,3.55416661011986e-06,0.401210548410783,0.205611228417053,0.685931320500772,0.698989606064473,0.168723489850514,30,0.412415941875836,1,1
"108206_1",0.570008416088582,0.17198038392556,0.159795324903601,0.967165084320269,0.0867788850254294,0.0537835059625786,0.0266008728879732,0.693986737293867,0.541361341813446,0.566158163442619,0.195902449784902,0.467096021068005,0.330521035229516,0.191315821829614,0.327072368802853,0.17907111728666,0.313158593993493,0.243766249493458,0.211995902114463,0.667463350293627,0.714384229232678,0.0629754223077821,30,0.475203531206726,1,0.5
"108206_2",0.570008416088582,0.17198038392556,0.159795324903601,0.967165084320269,0.0867788850254294,0.0537835059625786,0.0266008728879732,0.693986737293867,0.541361341813446,0.566158163442619,0.195902449784902,0.467096021068005,0.330521035229516,0.191315821829614,0.327072368802853,0.17907111728666,0.313158593993493,0.243766249493458,0.211995902114463,0.667463350293627,0.714384229232678,0.0629754223077821,30,0.475203531206726,1,0.5625
"108206_3",0.570008416088582,0.17198038392556,0.159795324903601,0.967165084320269,0.0867788850254294,0.0537835059625786,0.0266008728879732,0.693986737293867,0.541361341813446,0.566158163442619,0.195902449784902,0.467096021068005,0.330521035229516,0.191315821829614,0.327072368802853,0.17907111728666,0.313158593993493,0.243766249493458,0.211995902114463,0.667463350293627,0.714384229232678,0.0629754223077821,30,0.475203531206726,1,0.625
"108206_4",0.570008416088582,0.17198038392556,0.159795324903601,0.967165084320269,0.0867788850254294,0.0537835059625786,0.0266008728879732,0.693986737293867,0.541361341813446,0.566158163442619,0.195902449784902,0.467096021068005,0.330521035229516,0.191315821829614,0.327072368802853,0.17907111728666,0.313158593993493,0.243766249493458,0.211995902114463,0.667463350293627,0.714384229232678,0.0629754223077821,30,0.475203531206726,1,0.6875
"108206_5",0.570008416088582,0.17198038392556,0.159795324903601,0.967165084320269,0.0867788850254294,0.0537835059625786,0.0266008728879732,0.693986737293867,0.541361341813446,0.566158163442619,0.195902449784902,0.467096021068005,0.330521035229516,0.191315821829614,0.327072368802853,0.17907111728666,0.313158593993493,0.243766249493458,0.211995902114463,0.667463350293627,0.714384229232678,0.0629754223077821,30,0.475203531206726,1,0.75
"108206_6",0.570008416088582,0.17198038392556,0.159795324903601,0.967165084320269,0.0867788850254294,0.0537835059625786,0.0266008728879732,0.693986737293867,0.541361341813446,0.566158163442619,0.195902449784902,0.467096021068005,0.330521035229516,0.191315821829614,0.327072368802853,0.17907111728666,0.313158593993493,0.243766249493458,0.211995902114463,0.667463350293627,0.714384229232678,0.0629754223077821,30,0.475203531206726,1,0.8125
"108206_7",0.570008416088582,0.17198038392556,0.159795324903601,0.967165084320269,0.0867788850254294,0.0537835059625786,0.0266008728879732,0.693986737293867,0.541361341813446,0.566158163442619,0.195902449784902,0.467096021068005,0.330521035229516,0.191315821829614,0.327072368802853,0.17907111728666,0.313158593993493,0.243766249493458,0.211995902114463,0.667463350293627,0.714384229232678,0.0629754223077821,30,0.475203531206726,1,0.875
"108206_8",0.570008416088582,0.17198038392556,0.159795324903601,0.967165084320269,0.0867788850254294,0.0537835059625786,0.0266008728879732,0.693986737293867,0.541361341813446,0.566158163442619,0.195902449784902,0.467096021068005,0.330521035229516,0.191315821829614,0.327072368802853,0.17907111728666,0.313158593993493,0.243766249493458,0.211995902114463,0.667463350293627,0.714384229232678,0.0629754223077821,30,0.475203531206726,1,0.9375
"108206_9",0.570008416088582,0.17198038392556,0.159795324903601,0.967165084320269,0.0867788850254294,0.0537835059625786,0.0266008728879732,0.693986737293867,0.541361341813446,0.566158163442619,0.195902449784902,0.467096021068005,0.330521035229516,0.191315821829614,0.327072368802853,0.17907111728666,0.313158593993493,0.243766249493458,0.211995902114463,0.667463350293627,0.714384229232678,0.0629754223077821,30,0.475203531206726,1,1
"108600_1",0.788338463254108,0.139787535301979,0.800190765911042,0.583627784302473,2.69250937448815e-06,0.0362235953273927,2.35846800701693e-05,0.999640291173093,0.999854110333847,0.773641872752665,0.196773564523277,0.903118299760628,0.426290187975292,7.76303646992892e-05,0.196353849637253,0.499989724523516,0.430266078403356,0.44083855346827,0.499559855764972,0.802029805323277,0.999975606664492,0.217134186067832,24,0.894276349535803,1,0.5
"108600_2",0.788338463254108,0.139787535301979,0.800190765911042,0.583627784302473,2.69250937448815e-06,0.0362235953273927,2.35846800701693e-05,0.999640291173093,0.999854110333847,0.773641872752665,0.196773564523277,0.903118299760628,0.426290187975292,7.76303646992892e-05,0.196353849637253,0.499989724523516,0.430266078403356,0.44083855346827,0.499559855764972,0.802029805323277,0.999975606664492,0.217134186067832,24,0.894276349535803,1,0.5625
"108600_3",0.788338463254108,0.139787535301979,0.800190765911042,0.583627784302473,2.69250937448815e-06,0.0362235953273927,2.35846800701693e-05,0.999640291173093,0.999854110333847,0.773641872752665,0.196773564523277,0.903118299760628,0.426290187975292,7.76303646992892e-05,0.196353849637253,0.499989724523516,0.430266078403356,0.44083855346827,0.499559855764972,0.802029805323277,0.999975606664492,0.217134186067832,24,0.894276349535803,1,0.625
"108600_4",0.788338463254108,0.139787535301979,0.800190765911042,0.583627784302473,2.69250937448815e-06,0.0362235953273927,2.35846800701693e-05,0.999640291173093,0.999854110333847,0.773641872752665,0.196773564523277,0.903118299760628,0.426290187975292,7.76303646992892e-05,0.196353849637253,0.499989724523516,0.430266078403356,0.44083855346827,0.499559855764972,0.802029805323277,0.999975606664492,0.217134186067832,24,0.894276349535803,1,0.6875
"108600_5",0.788338463254108,0.139787535301979,0.800190765911042,0.583627784302473,2.69250937448815e-06,0.0362235953273927,2.35846800701693e-05,0.999640291173093,0.999854110333847,0.773641872752665,0.196773564523277,0.903118299760628,0.426290187975292,7.76303646992892e-05,0.196353849637253,0.499989724523516,0.430266078403356,0.44083855346827,0.499559855764972,0.802029805323277,0.999975606664492,0.217134186067832,24,0.894276349535803,1,0.75
"108600_6",0.788338463254108,0.139787535301979,0.800190765911042,0.583627784302473,2.69250937448815e-06,0.0362235953273927,2.35846800701693e-05,0.999640291173093,0.999854110333847,0.773641872752665,0.196773564523277,0.903118299760628,0.426290187975292,7.76303646992892e-05,0.196353849637253,0.499989724523516,0.430266078403356,0.44083855346827,0.499559855764972,0.802029805323277,0.999975606664492,0.217134186067832,24,0.894276349535803,1,0.8125
"108600_7",0.788338463254108,0.139787535301979,0.800190765911042,0.583627784302473,2.69250937448815e-06,0.0362235953273927,2.35846800701693e-05,0.999640291173093,0.999854110333847,0.773641872752665,0.196773564523277,0.903118299760628,0.426290187975292,7.76303646992892e-05,0.196353849637253,0.499989724523516,0.430266078403356,0.44083855346827,0.499559855764972,0.802029805323277,0.999975606664492,0.217134186067832,24,0.894276349535803,1,0.875
"108600_8",0.788338463254108,0.139787535301979,0.800190765911042,0.583627784302473,2.69250937448815e-06,0.0362235953273927,2.35846800701693e-05,0.999640291173093,0.999854110333847,0.773641872752665,0.196773564523277,0.903118299760628,0.426290187975292,7.76303646992892e-05,0.196353849637253,0.499989724523516,0.430266078403356,0.44083855346827,0.499559855764972,0.802029805323277,0.999975606664492,0.217134186067832,24,0.894276349535803,1,0.9375
"108600_9",0.788338463254108,0.139787535301979,0.800190765911042,0.583627784302473,2.69250937448815e-06,0.0362235953273927,2.35846800701693e-05,0.999640291173093,0.999854110333847,0.773641872752665,0.196773564523277,0.903118299760628,0.426290187975292,7.76303646992892e-05,0.196353849637253,0.499989724523516,0.430266078403356,0.44083855346827,0.499559855764972,0.802029805323277,0.999975606664492,0.217134186067832,24,0.894276349535803,1,1
"108805_1",0.7283239810423,0.181938551338097,0.363536489684716,0.752074600498708,0.100001538515813,0.119998732919027,0.0280049309931827,0.999640291173093,0.999854110333847,0.839159047638814,0.268851031394947,0.525491292896127,0.245510416418369,0.399187233070581,0.500544602290012,0.178722781555492,0.143433353477831,0.247301495709812,0.263249425692463,0.500013466963832,0.999975606664492,0.224824839066502,9,0.999772849337969,1,0.5
"108805_2",0.7283239810423,0.181938551338097,0.363536489684716,0.752074600498708,0.100001538515813,0.119998732919027,0.0280049309931827,0.999640291173093,0.999854110333847,0.839159047638814,0.268851031394947,0.525491292896127,0.245510416418369,0.399187233070581,0.500544602290012,0.178722781555492,0.143433353477831,0.247301495709812,0.263249425692463,0.500013466963832,0.999975606664492,0.224824839066502,9,0.999772849337969,1,0.5625
"108805_3",0.7283239810423,0.181938551338097,0.363536489684716,0.752074600498708,0.100001538515813,0.119998732919027,0.0280049309931827,0.999640291173093,0.999854110333847,0.839159047638814,0.268851031394947,0.525491292896127,0.245510416418369,0.399187233070581,0.500544602290012,0.178722781555492,0.143433353477831,0.247301495709812,0.263249425692463,0.500013466963832,0.999975606664492,0.224824839066502,9,0.999772849337969,1,0.625
"108805_4",0.7283239810423,0.181938551338097,0.363536489684716,0.752074600498708,0.100001538515813,0.119998732919027,0.0280049309931827,0.999640291173093,0.999854110333847,0.839159047638814,0.268851031394947,0.525491292896127,0.245510416418369,0.399187233070581,0.500544602290012,0.178722781555492,0.143433353477831,0.247301495709812,0.263249425692463,0.500013466963832,0.999975606664492,0.224824839066502,9,0.999772849337969,1,0.6875
"108805_5",0.7283239810423,0.181938551338097,0.363536489684716,0.752074600498708,0.100001538515813,0.119998732919027,0.0280049309931827,0.999640291173093,0.999854110333847,0.839159047638814,0.268851031394947,0.525491292896127,0.245510416418369,0.399187233070581,0.500544602290012,0.178722781555492,0.143433353477831,0.247301495709812,0.263249425692463,0.500013466963832,0.999975606664492,0.224824839066502,9,0.999772849337969,1,0.75
"108805_6",0.7283239810423,0.181938551338097,0.363536489684716,0.752074600498708,0.100001538515813,0.119998732919027,0.0280049309931827,0.999640291173093,0.999854110333847,0.839159047638814,0.268851031394947,0.525491292896127,0.245510416418369,0.399187233070581,0.500544602290012,0.178722781555492,0.143433353477831,0.247301495709812,0.263249425692463,0.500013466963832,0.999975606664492,0.224824839066502,9,0.999772849337969,1,0.8125
"108805_7",0.7283239810423,0.181938551338097,0.363536489684716,0.752074600498708,0.100001538515813,0.119998732919027,0.0280049309931827,0.999640291173093,0.999854110333847,0.839159047638814,0.268851031394947,0.525491292896127,0.245510416418369,0.399187233070581,0.500544602290012,0.178722781555492,0.143433353477831,0.247301495709812,0.263249425692463,0.500013466963832,0.999975606664492,0.224824839066502,9,0.999772849337969,1,0.875
"108805_8",0.7283239810423,0.181938551338097,0.363536489684716,0.752074600498708,0.100001538515813,0.119998732919027,0.0280049309931827,0.999640291173093,0.999854110333847,0.839159047638814,0.268851031394947,0.525491292896127,0.245510416418369,0.399187233070581,0.500544602290012,0.178722781555492,0.143433353477831,0.247301495709812,0.263249425692463,0.500013466963832,0.999975606664492,0.224824839066502,9,0.999772849337969,1,0.9375
"108805_9",0.7283239810423,0.181938551338097,0.363536489684716,0.752074600498708,0.100001538515813,0.119998732919027,0.0280049309931827,0.999640291173093,0.999854110333847,0.839159047638814,0.268851031394947,0.525491292896127,0.245510416418369,0.399187233070581,0.500544602290012,0.178722781555492,0.143433353477831,0.247301495709812,0.263249425692463,0.500013466963832,0.999975606664492,0.224824839066502,9,0.999772849337969,1,1
"109202_1",0.705245096916454,0.334179418869915,0.305226338951398,0.955857778194555,0.0788176287960848,0.0527672092030961,0.0117448832666145,0.591611579903952,0.300379300415672,0.814259776620192,0.480294615813459,0.0367898107941735,0.0403762700976318,0.561078876039301,0.427672436938001,0.00030305628819158,0.0090001377860085,0.0375529477559936,0.249149439537583,0.599607827739196,0.660662010025758,0.0788106290798112,20,0.423604710090794,1,0.5
"109202_2",0.705245096916454,0.334179418869915,0.305226338951398,0.955857778194555,0.0788176287960848,0.0527672092030961,0.0117448832666145,0.591611579903952,0.300379300415672,0.814259776620192,0.480294615813459,0.0367898107941735,0.0403762700976318,0.561078876039301,0.427672436938001,0.00030305628819158,0.0090001377860085,0.0375529477559936,0.249149439537583,0.599607827739196,0.660662010025758,0.0788106290798112,20,0.423604710090794,1,0.5625
"109202_3",0.705245096916454,0.334179418869915,0.305226338951398,0.955857778194555,0.0788176287960848,0.0527672092030961,0.0117448832666145,0.591611579903952,0.300379300415672,0.814259776620192,0.480294615813459,0.0367898107941735,0.0403762700976318,0.561078876039301,0.427672436938001,0.00030305628819158,0.0090001377860085,0.0375529477559936,0.249149439537583,0.599607827739196,0.660662010025758,0.0788106290798112,20,0.423604710090794,1,0.625
"109202_4",0.705245096916454,0.334179418869915,0.305226338951398,0.955857778194555,0.0788176287960848,0.0527672092030961,0.0117448832666145,0.591611579903952,0.300379300415672,0.814259776620192,0.480294615813459,0.0367898107941735,0.0403762700976318,0.561078876039301,0.427672436938001,0.00030305628819158,0.0090001377860085,0.0375529477559936,0.249149439537583,0.599607827739196,0.660662010025758,0.0788106290798112,20,0.423604710090794,1,0.6875
"109202_5",0.705245096916454,0.334179418869915,0.305226338951398,0.955857778194555,0.0788176287960848,0.0527672092030961,0.0117448832666145,0.591611579903952,0.300379300415672,0.814259776620192,0.480294615813459,0.0367898107941735,0.0403762700976318,0.561078876039301,0.427672436938001,0.00030305628819158,0.0090001377860085,0.0375529477559936,0.249149439537583,0.599607827739196,0.660662010025758,0.0788106290798112,20,0.423604710090794,1,0.75
"109202_6",0.705245096916454,0.334179418869915,0.305226338951398,0.955857778194555,0.0788176287960848,0.0527672092030961,0.0117448832666145,0.591611579903952,0.300379300415672,0.814259776620192,0.480294615813459,0.0367898107941735,0.0403762700976318,0.561078876039301,0.427672436938001,0.00030305628819158,0.0090001377860085,0.0375529477559936,0.249149439537583,0.599607827739196,0.660662010025758,0.0788106290798112,20,0.423604710090794,1,0.8125
"109202_7",0.705245096916454,0.334179418869915,0.305226338951398,0.955857778194555,0.0788176287960848,0.0527672092030961,0.0117448832666145,0.591611579903952,0.300379300415672,0.814259776620192,0.480294615813459,0.0367898107941735,0.0403762700976318,0.561078876039301,0.427672436938001,0.00030305628819158,0.0090001377860085,0.0375529477559936,0.249149439537583,0.599607827739196,0.660662010025758,0.0788106290798112,20,0.423604710090794,1,0.875
"109202_8",0.705245096916454,0.334179418869915,0.305226338951398,0.955857778194555,0.0788176287960848,0.0527672092030961,0.0117448832666145,0.591611579903952,0.300379300415672,0.814259776620192,0.480294615813459,0.0367898107941735,0.0403762700976318,0.561078876039301,0.427672436938001,0.00030305628819158,0.0090001377860085,0.0375529477559936,0.249149439537583,0.599607827739196,0.660662010025758,0.0788106290798112,20,0.423604710090794,1,0.9375
"109202_9",0.705245096916454,0.334179418869915,0.305226338951398,0.955857778194555,0.0788176287960848,0.0527672092030961,0.0117448832666145,0.591611579903952,0.300379300415672,0.814259776620192,0.480294615813459,0.0367898107941735,0.0403762700976318,0.561078876039301,0.427672436938001,0.00030305628819158,0.0090001377860085,0.0375529477559936,0.249149439537583,0.599607827739196,0.660662010025758,0.0788106290798112,20,0.423604710090794,1,1
"109500_1",0.609428326710215,0.629906179384978,0.817518085545568,0.876252649357807,0.0285338119126587,0.0796976206437341,0.00870953959613972,0.691974329810768,0.612527591265301,0.471942171167224,0.0107081599772196,0.221019925581058,4.64802905591205e-05,7.76303646992892e-05,0.248612485446167,0.341997695497525,0.169034902002591,0.396721437975618,0.204126267724396,0.902908209496685,0.500132491014102,0.0473591559011742,30,0.938217688646815,1,0.5
"109500_2",0.609428326710215,0.629906179384978,0.817518085545568,0.876252649357807,0.0285338119126587,0.0796976206437341,0.00870953959613972,0.691974329810768,0.612527591265301,0.471942171167224,0.0107081599772196,0.221019925581058,4.64802905591205e-05,7.76303646992892e-05,0.248612485446167,0.341997695497525,0.169034902002591,0.396721437975618,0.204126267724396,0.902908209496685,0.500132491014102,0.0473591559011742,30,0.938217688646815,1,0.5625
"109500_3",0.609428326710215,0.629906179384978,0.817518085545568,0.876252649357807,0.0285338119126587,0.0796976206437341,0.00870953959613972,0.691974329810768,0.612527591265301,0.471942171167224,0.0107081599772196,0.221019925581058,4.64802905591205e-05,7.76303646992892e-05,0.248612485446167,0.341997695497525,0.169034902002591,0.396721437975618,0.204126267724396,0.902908209496685,0.500132491014102,0.0473591559011742,30,0.938217688646815,1,0.625
"109500_4",0.609428326710215,0.629906179384978,0.817518085545568,0.876252649357807,0.0285338119126587,0.0796976206437341,0.00870953959613972,0.691974329810768,0.612527591265301,0.471942171167224,0.0107081599772196,0.221019925581058,4.64802905591205e-05,7.76303646992892e-05,0.248612485446167,0.341997695497525,0.169034902002591,0.396721437975618,0.204126267724396,0.902908209496685,0.500132491014102,0.0473591559011742,30,0.938217688646815,1,0.6875
"109500_5",0.609428326710215,0.629906179384978,0.817518085545568,0.876252649357807,0.0285338119126587,0.0796976206437341,0.00870953959613972,0.691974329810768,0.612527591265301,0.471942171167224,0.0107081599772196,0.221019925581058,4.64802905591205e-05,7.76303646992892e-05,0.248612485446167,0.341997695497525,0.169034902002591,0.396721437975618,0.204126267724396,0.902908209496685,0.500132491014102,0.0473591559011742,30,0.938217688646815,1,0.75
"109500_6",0.609428326710215,0.629906179384978,0.817518085545568,0.876252649357807,0.0285338119126587,0.0796976206437341,0.00870953959613972,0.691974329810768,0.612527591265301,0.471942171167224,0.0107081599772196,0.221019925581058,4.64802905591205e-05,7.76303646992892e-05,0.248612485446167,0.341997695497525,0.169034902002591,0.396721437975618,0.204126267724396,0.902908209496685,0.500132491014102,0.0473591559011742,30,0.938217688646815,1,0.8125
"109500_7",0.609428326710215,0.629906179384978,0.817518085545568,0.876252649357807,0.0285338119126587,0.0796976206437341,0.00870953959613972,0.691974329810768,0.612527591265301,0.471942171167224,0.0107081599772196,0.221019925581058,4.64802905591205e-05,7.76303646992892e-05,0.248612485446167,0.341997695497525,0.169034902002591,0.396721437975618,0.204126267724396,0.902908209496685,0.500132491014102,0.0473591559011742,30,0.938217688646815,1,0.875
"109500_8",0.609428326710215,0.629906179384978,0.817518085545568,0.876252649357807,0.0285338119126587,0.0796976206437341,0.00870953959613972,0.691974329810768,0.612527591265301,0.471942171167224,0.0107081599772196,0.221019925581058,4.64802905591205e-05,7.76303646992892e-05,0.248612485446167,0.341997695497525,0.169034902002591,0.396721437975618,0.204126267724396,0.902908209496685,0.500132491014102,0.0473591559011742,30,0.938217688646815,1,0.9375
"109500_9",0.609428326710215,0.629906179384978,0.817518085545568,0.876252649357807,0.0285338119126587,0.0796976206437341,0.00870953959613972,0.691974329810768,0.612527591265301,0.471942171167224,0.0107081599772196,0.221019925581058,4.64802905591205e-05,7.76303646992892e-05,0.248612485446167,0.341997695497525,0.169034902002591,0.396721437975618,0.204126267724396,0.902908209496685,0.500132491014102,0.0473591559011742,30,0.938217688646815,1,1
"109800_1",0.389272880684596,0.618961206953678,0.760888668764171,0.866610415025003,2.69250937448815e-06,0.0412798399700947,0.0199083727605528,0.42599479925475,0.640583394478829,0.624272173325106,9.64684443548322e-05,0.689349062199658,0.421203500051475,0.0947199913270949,0.253250875962302,0.104437645925718,0.499858107997852,0.273350792306013,0.382794116280609,0.630562894662762,0.995160616150985,0.249984006138382,10,0.336229363596508,1,0.5
"109800_2",0.389272880684596,0.618961206953678,0.760888668764171,0.866610415025003,2.69250937448815e-06,0.0412798399700947,0.0199083727605528,0.42599479925475,0.640583394478829,0.624272173325106,9.64684443548322e-05,0.689349062199658,0.421203500051475,0.0947199913270949,0.253250875962302,0.104437645925718,0.499858107997852,0.273350792306013,0.382794116280609,0.630562894662762,0.995160616150985,0.249984006138382,10,0.336229363596508,1,0.5625
"109800_3",0.389272880684596,0.618961206953678,0.760888668764171,0.866610415025003,2.69250937448815e-06,0.0412798399700947,0.0199083727605528,0.42599479925475,0.640583394478829,0.624272173325106,9.64684443548322e-05,0.689349062199658,0.421203500051475,0.0947199913270949,0.253250875962302,0.104437645925718,0.499858107997852,0.273350792306013,0.382794116280609,0.630562894662762,0.995160616150985,0.249984006138382,10,0.336229363596508,1,0.625
"109800_4",0.389272880684596,0.618961206953678,0.760888668764171,0.866610415025003,2.69250937448815e-06,0.0412798399700947,0.0199083727605528,0.42599479925475,0.640583394478829,0.624272173325106,9.64684443548322e-05,0.689349062199658,0.421203500051475,0.0947199913270949,0.253250875962302,0.104437645925718,0.499858107997852,0.273350792306013,0.382794116280609,0.630562894662762,0.995160616150985,0.249984006138382,10,0.336229363596508,1,0.6875
"109800_5",0.389272880684596,0.618961206953678,0.760888668764171,0.866610415025003,2.69250937448815e-06,0.0412798399700947,0.0199083727605528,0.42599479925475,0.640583394478829,0.624272173325106,9.64684443548322e-05,0.689349062199658,0.421203500051475,0.0947199913270949,0.253250875962302,0.104437645925718,0.499858107997852,0.273350792306013,0.382794116280609,0.630562894662762,0.995160616150985,0.249984006138382,10,0.336229363596508,1,0.75
"109800_6",0.389272880684596,0.618961206953678,0.760888668764171,0.866610415025003,2.69250937448815e-06,0.0412798399700947,0.0199083727605528,0.42599479925475,0.640583394478829,0.624272173325106,9.64684443548322e-05,0.689349062199658,0.421203500051475,0.0947199913270949,0.253250875962302,0.104437645925718,0.499858107997852,0.273350792306013,0.382794116280609,0.630562894662762,0.995160616150985,0.249984006138382,10,0.336229363596508,1,0.8125
"109800_7",0.389272880684596,0.618961206953678,0.760888668764171,0.866610415025003,2.69250937448815e-06,0.0412798399700947,0.0199083727605528,0.42599479925475,0.640583394478829,0.624272173325106,9.64684443548322e-05,0.689349062199658,0.421203500051475,0.0947199913270949,0.253250875962302,0.104437645925718,0.499858107997852,0.273350792306013,0.382794116280609,0.630562894662762,0.995160616150985,0.249984006138382,10,0.336229363596508,1,0.875
"109800_8",0.389272880684596,0.618961206953678,0.760888668764171,0.866610415025003,2.69250937448815e-06,0.0412798399700947,0.0199083727605528,0.42599479925475,0.640583394478829,0.624272173325106,9.64684443548322e-05,0.689349062199658,0.421203500051475,0.0947199913270949,0.253250875962302,0.104437645925718,0.499858107997852,0.273350792306013,0.382794116280609,0.630562894662762,0.995160616150985,0.249984006138382,10,0.336229363596508,1,0.9375
"109800_9",0.389272880684596,0.618961206953678,0.760888668764171,0.866610415025003,2.69250937448815e-06,0.0412798399700947,0.0199083727605528,0.42599479925475,0.640583394478829,0.624272173325106,9.64684443548322e-05,0.689349062199658,0.421203500051475,0.0947199913270949,0.253250875962302,0.104437645925718,0.499858107997852,0.273350792306013,0.382794116280609,0.630562894662762,0.995160616150985,0.249984006138382,10,0.336229363596508,1,1
"201306_1",0.147441503453739,0.735943457471118,0.14839051815906,0.509497715072338,0.11514477067204,0.119998732919027,0.117419049929762,0.74853752909662,0.724791682407074,0.727330473176882,0.384673876023734,0.765431650734307,0.594649566432099,7.76303646992892e-05,0.32597337766031,0.00030305628819158,3.55416661011986e-06,0.185318254389711,0.297664611233107,0.722459319159642,0.690781126026857,6.79376821854385e-05,22,0.857940201920934,1,0.5
"201306_2",0.147441503453739,0.735943457471118,0.14839051815906,0.509497715072338,0.11514477067204,0.119998732919027,0.117419049929762,0.74853752909662,0.724791682407074,0.727330473176882,0.384673876023734,0.765431650734307,0.594649566432099,7.76303646992892e-05,0.32597337766031,0.00030305628819158,3.55416661011986e-06,0.185318254389711,0.297664611233107,0.722459319159642,0.690781126026857,6.79376821854385e-05,22,0.857940201920934,1,0.5625
"201306_3",0.147441503453739,0.735943457471118,0.14839051815906,0.509497715072338,0.11514477067204,0.119998732919027,0.117419049929762,0.74853752909662,0.724791682407074,0.727330473176882,0.384673876023734,0.765431650734307,0.594649566432099,7.76303646992892e-05,0.32597337766031,0.00030305628819158,3.55416661011986e-06,0.185318254389711,0.297664611233107,0.722459319159642,0.690781126026857,6.79376821854385e-05,22,0.857940201920934,1,0.625
"201306_4",0.147441503453739,0.735943457471118,0.14839051815906,0.509497715072338,0.11514477067204,0.119998732919027,0.117419049929762,0.74853752909662,0.724791682407074,0.727330473176882,0.384673876023734,0.765431650734307,0.594649566432099,7.76303646992892e-05,0.32597337766031,0.00030305628819158,3.55416661011986e-06,0.185318254389711,0.297664611233107,0.722459319159642,0.690781126026857,6.79376821854385e-05,22,0.857940201920934,1,0.6875
"201306_5",0.147441503453739,0.735943457471118,0.14839051815906,0.509497715072338,0.11514477067204,0.119998732919027,0.117419049929762,0.74853752909662,0.724791682407074,0.727330473176882,0.384673876023734,0.765431650734307,0.594649566432099,7.76303646992892e-05,0.32597337766031,0.00030305628819158,3.55416661011986e-06,0.185318254389711,0.297664611233107,0.722459319159642,0.690781126026857,6.79376821854385e-05,22,0.857940201920934,1,0.75
"201306_6",0.147441503453739,0.735943457471118,0.14839051815906,0.509497715072338,0.11514477067204,0.119998732919027,0.117419049929762,0.74853752909662,0.724791682407074,0.727330473176882,0.384673876023734,0.765431650734307,0.594649566432099,7.76303646992892e-05,0.32597337766031,0.00030305628819158,3.55416661011986e-06,0.185318254389711,0.297664611233107,0.722459319159642,0.690781126026857,6.79376821854385e-05,22,0.857940201920934,1,0.8125
"201306_7",0.147441503453739,0.735943457471118,0.14839051815906,0.509497715072338,0.11514477067204,0.119998732919027,0.117419049929762,0.74853752909662,0.724791682407074,0.727330473176882,0.384673876023734,0.765431650734307,0.594649566432099,7.76303646992892e-05,0.32597337766031,0.00030305628819158,3.55416661011986e-06,0.185318254389711,0.297664611233107,0.722459319159642,0.690781126026857,6.79376821854385e-05,22,0.857940201920934,1,0.875
"201306_8",0.147441503453739,0.735943457471118,0.14839051815906,0.509497715072338,0.11514477067204,0.119998732919027,0.117419049929762,0.74853752909662,0.724791682407074,0.727330473176882,0.384673876023734,0.765431650734307,0.594649566432099,7.76303646992892e-05,0.32597337766031,0.00030305628819158,3.55416661011986e-06,0.185318254389711,0.297664611233107,0.722459319159642,0.690781126026857,6.79376821854385e-05,22,0.857940201920934,1,0.9375
"201306_9",0.147441503453739,0.735943457471118,0.14839051815906,0.509497715072338,0.11514477067204,0.119998732919027,0.117419049929762,0.74853752909662,0.724791682407074,0.727330473176882,0.384673876023734,0.765431650734307,0.594649566432099,7.76303646992892e-05,0.32597337766031,0.00030305628819158,3.55416661011986e-06,0.185318254389711,0.297664611233107,0.722459319159642,0.690781126026857,6.79376821854385e-05,22,0.857940201920934,1,1
"201504_1",0.546777265083123,0.0930769410944332,0.0533315333863707,0.71131016327463,0.0826070450872183,3.77011053683236e-06,0.00388648220358601,0.270294013827677,0.694616222024576,0.934237740283406,0.957071549220619,0.190018722721081,0.110984975310792,0.264865275053904,0.813337836867108,0.311901779384286,0.0485152961897777,0.499992012141552,0.302732515805193,0.943205695215009,0.587862754447882,0.130770080712042,12,0.625220401238551,1,0.5
"201504_2",0.546777265083123,0.0930769410944332,0.0533315333863707,0.71131016327463,0.0826070450872183,3.77011053683236e-06,0.00388648220358601,0.270294013827677,0.694616222024576,0.934237740283406,0.957071549220619,0.190018722721081,0.110984975310792,0.264865275053904,0.813337836867108,0.311901779384286,0.0485152961897777,0.499992012141552,0.302732515805193,0.943205695215009,0.587862754447882,0.130770080712042,12,0.625220401238551,1,0.5625
"201504_3",0.546777265083123,0.0930769410944332,0.0533315333863707,0.71131016327463,0.0826070450872183,3.77011053683236e-06,0.00388648220358601,0.270294013827677,0.694616222024576,0.934237740283406,0.957071549220619,0.190018722721081,0.110984975310792,0.264865275053904,0.813337836867108,0.311901779384286,0.0485152961897777,0.499992012141552,0.302732515805193,0.943205695215009,0.587862754447882,0.130770080712042,12,0.625220401238551,1,0.625
"201504_4",0.546777265083123,0.0930769410944332,0.0533315333863707,0.71131016327463,0.0826070450872183,3.77011053683236e-06,0.00388648220358601,0.270294013827677,0.694616222024576,0.934237740283406,0.957071549220619,0.190018722721081,0.110984975310792,0.264865275053904,0.813337836867108,0.311901779384286,0.0485152961897777,0.499992012141552,0.302732515805193,0.943205695215009,0.587862754447882,0.130770080712042,12,0.625220401238551,1,0.6875
"201504_5",0.546777265083123,0.0930769410944332,0.0533315333863707,0.71131016327463,0.0826070450872183,3.77011053683236e-06,0.00388648220358601,0.270294013827677,0.694616222024576,0.934237740283406,0.957071549220619,0.190018722721081,0.110984975310792,0.264865275053904,0.813337836867108,0.311901779384286,0.0485152961897777,0.499992012141552,0.302732515805193,0.943205695215009,0.587862754447882,0.130770080712042,12,0.625220401238551,1,0.75
"201504_6",0.546777265083123,0.0930769410944332,0.0533315333863707,0.71131016327463,0.0826070450872183,3.77011053683236e-06,0.00388648220358601,0.270294013827677,0.694616222024576,0.934237740283406,0.957071549220619,0.190018722721081,0.110984975310792,0.264865275053904,0.813337836867108,0.311901779384286,0.0485152961897777,0.499992012141552,0.302732515805193,0.943205695215009,0.587862754447882,0.130770080712042,12,0.625220401238551,1,0.8125
"201504_7",0.546777265083123,0.0930769410944332,0.0533315333863707,0.71131016327463,0.0826070450872183,3.77011053683236e-06,0.00388648220358601,0.270294013827677,0.694616222024576,0.934237740283406,0.957071549220619,0.190018722721081,0.110984975310792,0.264865275053904,0.813337836867108,0.311901779384286,0.0485152961897777,0.499992012141552,0.302732515805193,0.943205695215009,0.587862754447882,0.130770080712042,12,0.625220401238551,1,0.875
"201504_8",0.546777265083123,0.0930769410944332,0.0533315333863707,0.71131016327463,0.0826070450872183,3.77011053683236e-06,0.00388648220358601,0.270294013827677,0.694616222024576,0.934237740283406,0.957071549220619,0.190018722721081,0.110984975310792,0.264865275053904,0.813337836867108,0.311901779384286,0.0485152961897777,0.499992012141552,0.302732515805193,0.943205695215009,0.587862754447882,0.130770080712042,12,0.625220401238551,1,0.9375
"201504_9",0.546777265083123,0.0930769410944332,0.0533315333863707,0.71131016327463,0.0826070450872183,3.77011053683236e-06,0.00388648220358601,0.270294013827677,0.694616222024576,0.934237740283406,0.957071549220619,0.190018722721081,0.110984975310792,0.264865275053904,0.813337836867108,0.311901779384286,0.0485152961897777,0.499992012141552,0.302732515805193,0.943205695215009,0.587862754447882,0.130770080712042,12,0.625220401238551,1,1
"202199_1",0.671111959115246,0.947797712360091,0.141634966963124,0.633463508615852,0.0691899243158924,0.0792908085192283,0.104688592536925,0.843531828996954,0.204632699710204,0.602409843309099,0.377718629908448,0.553532746522816,0.289118604251155,0.283917852722301,0.330002960143304,0.00030305628819158,0.259281343825441,0.0380788753429127,0.1203227759054,0.86963759827193,0.976265031404613,0.0176764539408685,8,0.500268351544472,1,0.5
"202199_2",0.671111959115246,0.947797712360091,0.141634966963124,0.633463508615852,0.0691899243158924,0.0792908085192283,0.104688592536925,0.843531828996954,0.204632699710204,0.602409843309099,0.377718629908448,0.553532746522816,0.289118604251155,0.283917852722301,0.330002960143304,0.00030305628819158,0.259281343825441,0.0380788753429127,0.1203227759054,0.86963759827193,0.976265031404613,0.0176764539408685,8,0.500268351544472,1,0.5625
"202199_3",0.671111959115246,0.947797712360091,0.141634966963124,0.633463508615852,0.0691899243158924,0.0792908085192283,0.104688592536925,0.843531828996954,0.204632699710204,0.602409843309099,0.377718629908448,0.553532746522816,0.289118604251155,0.283917852722301,0.330002960143304,0.00030305628819158,0.259281343825441,0.0380788753429127,0.1203227759054,0.86963759827193,0.976265031404613,0.0176764539408685,8,0.500268351544472,1,0.625
"202199_4",0.671111959115246,0.947797712360091,0.141634966963124,0.633463508615852,0.0691899243158924,0.0792908085192283,0.104688592536925,0.843531828996954,0.204632699710204,0.602409843309099,0.377718629908448,0.553532746522816,0.289118604251155,0.283917852722301,0.330002960143304,0.00030305628819158,0.259281343825441,0.0380788753429127,0.1203227759054,0.86963759827193,0.976265031404613,0.0176764539408685,8,0.500268351544472,1,0.6875
"202199_5",0.671111959115246,0.947797712360091,0.141634966963124,0.633463508615852,0.0691899243158924,0.0792908085192283,0.104688592536925,0.843531828996954,0.204632699710204,0.602409843309099,0.377718629908448,0.553532746522816,0.289118604251155,0.283917852722301,0.330002960143304,0.00030305628819158,0.259281343825441,0.0380788753429127,0.1203227759054,0.86963759827193,0.976265031404613,0.0176764539408685,8,0.500268351544472,1,0.75
"202199_6",0.671111959115246,0.947797712360091,0.141634966963124,0.633463508615852,0.0691899243158924,0.0792908085192283,0.104688592536925,0.843531828996954,0.204632699710204,0.602409843309099,0.377718629908448,0.553532746522816,0.289118604251155,0.283917852722301,0.330002960143304,0.00030305628819158,0.259281343825441,0.0380788753429127,0.1203227759054,0.86963759827193,0.976265031404613,0.0176764539408685,8,0.500268351544472,1,0.8125
"202199_7",0.671111959115246,0.947797712360091,0.141634966963124,0.633463508615852,0.0691899243158924,0.0792908085192283,0.104688592536925,0.843531828996954,0.204632699710204,0.602409843309099,0.377718629908448,0.553532746522816,0.289118604251155,0.283917852722301,0.330002960143304,0.00030305628819158,0.259281343825441,0.0380788753429127,0.1203227759054,0.86963759827193,0.976265031404613,0.0176764539408685,8,0.500268351544472,1,0.875
"202199_8",0.671111959115246,0.947797712360091,0.141634966963124,0.633463508615852,0.0691899243158924,0.0792908085192283,0.104688592536925,0.843531828996954,0.204632699710204,0.602409843309099,0.377718629908448,0.553532746522816,0.289118604251155,0.283917852722301,0.330002960143304,0.00030305628819158,0.259281343825441,0.0380788753429127,0.1203227759054,0.86963759827193,0.976265031404613,0.0176764539408685,8,0.500268351544472,1,0.9375
"202199_9",0.671111959115246,0.947797712360091,0.141634966963124,0.633463508615852,0.0691899243158924,0.0792908085192283,0.104688592536925,0.843531828996954,0.204632699710204,0.602409843309099,0.377718629908448,0.553532746522816,0.289118604251155,0.283917852722301,0.330002960143304,0.00030305628819158,0.259281343825441,0.0380788753429127,0.1203227759054,0.86963759827193,0.976265031404613,0.0176764539408685,8,0.500268351544472,1,1
"203500_1",0.901290319986295,0.29779101101857,0.0994001192281908,0.670301033029148,0.0784992181672748,0.0314663979889772,0.066013654840953,0.582380512097011,0.0343853289834819,0.923767198605129,0.999795092571648,6.33614411693998e-05,4.64802905591205e-05,0.196133769225993,0.698997267515593,0.220248650007113,0.24916893510963,0.487446860291475,0.11091299054425,0.999990134470386,0.645377090267444,0.186092162298071,13,0.0587165274998548,1,0.5
"203500_2",0.901290319986295,0.29779101101857,0.0994001192281908,0.670301033029148,0.0784992181672748,0.0314663979889772,0.066013654840953,0.582380512097011,0.0343853289834819,0.923767198605129,0.999795092571648,6.33614411693998e-05,4.64802905591205e-05,0.196133769225993,0.698997267515593,0.220248650007113,0.24916893510963,0.487446860291475,0.11091299054425,0.999990134470386,0.645377090267444,0.186092162298071,13,0.0587165274998548,1,0.5625
"203500_3",0.901290319986295,0.29779101101857,0.0994001192281908,0.670301033029148,0.0784992181672748,0.0314663979889772,0.066013654840953,0.582380512097011,0.0343853289834819,0.923767198605129,0.999795092571648,6.33614411693998e-05,4.64802905591205e-05,0.196133769225993,0.698997267515593,0.220248650007113,0.24916893510963,0.487446860291475,0.11091299054425,0.999990134470386,0.645377090267444,0.186092162298071,13,0.0587165274998548,1,0.625
"203500_4",0.901290319986295,0.29779101101857,0.0994001192281908,0.670301033029148,0.0784992181672748,0.0314663979889772,0.066013654840953,0.582380512097011,0.0343853289834819,0.923767198605129,0.999795092571648,6.33614411693998e-05,4.64802905591205e-05,0.196133769225993,0.698997267515593,0.220248650007113,0.24916893510963,0.487446860291475,0.11091299054425,0.999990134470386,0.645377090267444,0.186092162298071,13,0.0587165274998548,1,0.6875
"203500_5",0.901290319986295,0.29779101101857,0.0994001192281908,0.670301033029148,0.0784992181672748,0.0314663979889772,0.066013654840953,0.582380512097011,0.0343853289834819,0.923767198605129,0.999795092571648,6.33614411693998e-05,4.64802905591205e-05,0.196133769225993,0.698997267515593,0.220248650007113,0.24916893510963,0.487446860291475,0.11091299054425,0.999990134470386,0.645377090267444,0.186092162298071,13,0.0587165274998548,1,0.75
"203500_6",0.901290319986295,0.29779101101857,0.0994001192281908,0.670301033029148,0.0784992181672748,0.0314663979889772,0.066013654840953,0.582380512097011,0.0343853289834819,0.923767198605129,0.999795092571648,6.33614411693998e-05,4.64802905591205e-05,0.196133769225993,0.698997267515593,0.220248650007113,0.24916893510963,0.487446860291475,0.11091299054425,0.999990134470386,0.645377090267444,0.186092162298071,13,0.0587165274998548,1,0.8125
"203500_7",0.901290319986295,0.29779101101857,0.0994001192281908,0.670301033029148,0.0784992181672748,0.0314663979889772,0.066013654840953,0.582380512097011,0.0343853289834819,0.923767198605129,0.999795092571648,6.33614411693998e-05,4.64802905591205e-05,0.196133769225993,0.698997267515593,0.220248650007113,0.24916893510963,0.487446860291475,0.11091299054425,0.999990134470386,0.645377090267444,0.186092162298071,13,0.0587165274998548,1,0.875
"203500_8",0.901290319986295,0.29779101101857,0.0994001192281908,0.670301033029148,0.0784992181672748,0.0314663979889772,0.066013654840953,0.582380512097011,0.0343853289834819,0.923767198605129,0.999795092571648,6.33614411693998e-05,4.64802905591205e-05,0.196133769225993,0.698997267515593,0.220248650007113,0.24916893510963,0.487446860291475,0.11091299054425,0.999990134470386,0.645377090267444,0.186092162298071,13,0.0587165274998548,1,0.9375
"203500_9",0.901290319986295,0.29779101101857,0.0994001192281908,0.670301033029148,0.0784992181672748,0.0314663979889772,0.066013654840953,0.582380512097011,0.0343853289834819,0.923767198605129,0.999795092571648,6.33614411693998e-05,4.64802905591205e-05,0.196133769225993,0.698997267515593,0.220248650007113,0.24916893510963,0.487446860291475,0.11091299054425,0.999990134470386,0.645377090267444,0.186092162298071,13,0.0587165274998548,1,1
"204300_1",0.571597655697643,0.210689985218622,0.0960547352078849,0.803989043563125,0.0858798610107994,3.77011053683236e-06,0.00023680415660331,0.588453622307726,0.513312273436069,0.790973405878086,0.078798603976904,6.33614411693998e-05,4.64802905591205e-05,0.695075456169368,0.676555703022925,0.227988537284413,0.305660582335998,0.39423146724258,0.213782685862128,0.61302618272667,0.877463318645545,0.174962887154123,15,0.0950590494865236,1,0.5
"204300_2",0.571597655697643,0.210689985218622,0.0960547352078849,0.803989043563125,0.0858798610107994,3.77011053683236e-06,0.00023680415660331,0.588453622307726,0.513312273436069,0.790973405878086,0.078798603976904,6.33614411693998e-05,4.64802905591205e-05,0.695075456169368,0.676555703022925,0.227988537284413,0.305660582335998,0.39423146724258,0.213782685862128,0.61302618272667,0.877463318645545,0.174962887154123,15,0.0950590494865236,1,0.5625
"204300_3",0.571597655697643,0.210689985218622,0.0960547352078849,0.803989043563125,0.0858798610107994,3.77011053683236e-06,0.00023680415660331,0.588453622307726,0.513312273436069,0.790973405878086,0.078798603976904,6.33614411693998e-05,4.64802905591205e-05,0.695075456169368,0.676555703022925,0.227988537284413,0.305660582335998,0.39423146724258,0.213782685862128,0.61302618272667,0.877463318645545,0.174962887154123,15,0.0950590494865236,1,0.625
"204300_4",0.571597655697643,0.210689985218622,0.0960547352078849,0.803989043563125,0.0858798610107994,3.77011053683236e-06,0.00023680415660331,0.588453622307726,0.513312273436069,0.790973405878086,0.078798603976904,6.33614411693998e-05,4.64802905591205e-05,0.695075456169368,0.676555703022925,0.227988537284413,0.305660582335998,0.39423146724258,0.213782685862128,0.61302618272667,0.877463318645545,0.174962887154123,15,0.0950590494865236,1,0.6875
"204300_5",0.571597655697643,0.210689985218622,0.0960547352078849,0.803989043563125,0.0858798610107994,3.77011053683236e-06,0.00023680415660331,0.588453622307726,0.513312273436069,0.790973405878086,0.078798603976904,6.33614411693998e-05,4.64802905591205e-05,0.695075456169368,0.676555703022925,0.227988537284413,0.305660582335998,0.39423146724258,0.213782685862128,0.61302618272667,0.877463318645545,0.174962887154123,15,0.0950590494865236,1,0.75
"204300_6",0.571597655697643,0.210689985218622,0.0960547352078849,0.803989043563125,0.0858798610107994,3.77011053683236e-06,0.00023680415660331,0.588453622307726,0.513312273436069,0.790973405878086,0.078798603976904,6.33614411693998e-05,4.64802905591205e-05,0.695075456169368,0.676555703022925,0.227988537284413,0.305660582335998,0.39423146724258,0.213782685862128,0.61302618272667,0.877463318645545,0.174962887154123,15,0.0950590494865236,1,0.8125
"204300_7",0.571597655697643,0.210689985218622,0.0960547352078849,0.803989043563125,0.0858798610107994,3.77011053683236e-06,0.00023680415660331,0.588453622307726,0.513312273436069,0.790973405878086,0.078798603976904,6.33614411693998e-05,4.64802905591205e-05,0.695075456169368,0.676555703022925,0.227988537284413,0.305660582335998,0.39423146724258,0.213782685862128,0.61302618272667,0.877463318645545,0.174962887154123,15,0.0950590494865236,1,0.875
"204300_8",0.571597655697643,0.210689985218622,0.0960547352078849,0.803989043563125,0.0858798610107994,3.77011053683236e-06,0.00023680415660331,0.588453622307726,0.513312273436069,0.790973405878086,0.078798603976904,6.33614411693998e-05,4.64802905591205e-05,0.695075456169368,0.676555703022925,0.227988537284413,0.305660582335998,0.39423146724258,0.213782685862128,0.61302618272667,0.877463318645545,0.174962887154123,15,0.0950590494865236,1,0.9375
"204300_9",0.571597655697643,0.210689985218622,0.0960547352078849,0.803989043563125,0.0858798610107994,3.77011053683236e-06,0.00023680415660331,0.588453622307726,0.513312273436069,0.790973405878086,0.078798603976904,6.33614411693998e-05,4.64802905591205e-05,0.695075456169368,0.676555703022925,0.227988537284413,0.305660582335998,0.39423146724258,0.213782685862128,0.61302618272667,0.877463318645545,0.174962887154123,15,0.0950590494865236,1,1
"204601_1",0.586929023115083,0.268566685090397,0.0871040576691093,0.691464801262535,0.0991802031504714,0.0147393199272891,0.0357839698101899,0.18334048188916,0.303638305365896,0.999928297183826,0.665067970561735,0.00286931714653765,0.0690032941705971,0.273183737285588,0.485119473896005,0.304577489217138,0.161922701273806,0.47505415559884,0.318860453537998,0.913845583230019,0.590294259393142,0.136255120693607,16,0.343351120616616,1,0.5
"204601_2",0.586929023115083,0.268566685090397,0.0871040576691093,0.691464801262535,0.0991802031504714,0.0147393199272891,0.0357839698101899,0.18334048188916,0.303638305365896,0.999928297183826,0.665067970561735,0.00286931714653765,0.0690032941705971,0.273183737285588,0.485119473896005,0.304577489217138,0.161922701273806,0.47505415559884,0.318860453537998,0.913845583230019,0.590294259393142,0.136255120693607,16,0.343351120616616,1,0.5625
"204601_3",0.586929023115083,0.268566685090397,0.0871040576691093,0.691464801262535,0.0991802031504714,0.0147393199272891,0.0357839698101899,0.18334048188916,0.303638305365896,0.999928297183826,0.665067970561735,0.00286931714653765,0.0690032941705971,0.273183737285588,0.485119473896005,0.304577489217138,0.161922701273806,0.47505415559884,0.318860453537998,0.913845583230019,0.590294259393142,0.136255120693607,16,0.343351120616616,1,0.625
"204601_4",0.586929023115083,0.268566685090397,0.0871040576691093,0.691464801262535,0.0991802031504714,0.0147393199272891,0.0357839698101899,0.18334048188916,0.303638305365896,0.999928297183826,0.665067970561735,0.00286931714653765,0.0690032941705971,0.273183737285588,0.485119473896005,0.304577489217138,0.161922701273806,0.47505415559884,0.318860453537998,0.913845583230019,0.590294259393142,0.136255120693607,16,0.343351120616616,1,0.6875
"204601_5",0.586929023115083,0.268566685090397,0.0871040576691093,0.691464801262535,0.0991802031504714,0.0147393199272891,0.0357839698101899,0.18334048188916,0.303638305365896,0.999928297183826,0.665067970561735,0.00286931714653765,0.0690032941705971,0.273183737285588,0.485119473896005,0.304577489217138,0.161922701273806,0.47505415559884,0.318860453537998,0.913845583230019,0.590294259393142,0.136255120693607,16,0.343351120616616,1,0.75
"204601_6",0.586929023115083,0.268566685090397,0.0871040576691093,0.691464801262535,0.0991802031504714,0.0147393199272891,0.0357839698101899,0.18334048188916,0.303638305365896,0.999928297183826,0.665067970561735,0.00286931714653765,0.0690032941705971,0.273183737285588,0.485119473896005,0.304577489217138,0.161922701273806,0.47505415559884,0.318860453537998,0.913845583230019,0.590294259393142,0.136255120693607,16,0.343351120616616,1,0.8125
"204601_7",0.586929023115083,0.268566685090397,0.0871040576691093,0.691464801262535,0.0991802031504714,0.0147393199272891,0.0357839698101899,0.18334048188916,0.303638305365896,0.999928297183826,0.665067970561735,0.00286931714653765,0.0690032941705971,0.273183737285588,0.485119473896005,0.304577489217138,0.161922701273806,0.47505415559884,0.318860453537998,0.913845583230019,0.590294259393142,0.136255120693607,16,0.343351120616616,1,0.875
"204601_8",0.586929023115083,0.268566685090397,0.0871040576691093,0.691464801262535,0.0991802031504714,0.0147393199272891,0.0357839698101899,0.18334048188916,0.303638305365896,0.999928297183826,0.665067970561735,0.00286931714653765,0.0690032941705971,0.273183737285588,0.485119473896005,0.304577489217138,0.161922701273806,0.47505415559884,0.318860453537998,0.913845583230019,0.590294259393142,0.136255120693607,16,0.343351120616616,1,0.9375
"204601_9",0.586929023115083,0.268566685090397,0.0871040576691093,0.691464801262535,0.0991802031504714,0.0147393199272891,0.0357839698101899,0.18334048188916,0.303638305365896,0.999928297183826,0.665067970561735,0.00286931714653765,0.0690032941705971,0.273183737285588,0.485119473896005,0.304577489217138,0.161922701273806,0.47505415559884,0.318860453537998,0.913845583230019,0.590294259393142,0.136255120693607,16,0.343351120616616,1,1
"204602_1",0.76647320954884,0.644677521443679,0.148362711923621,0.645680595045006,0.083219930668935,0.011881354811782,0.0775329185657423,0.254497233040945,0.871014739269653,0.999928297183826,0.193640679383616,0.0363617023510745,0.198163470332297,0.337975967190196,0.727531018436144,0.00030305628819158,0.0116822182648562,0.303578805243525,0.034521976140296,0.62392261800935,0.874053204558473,0.221912149776576,21,0.522441129875592,1,0.5
"204602_2",0.76647320954884,0.644677521443679,0.148362711923621,0.645680595045006,0.083219930668935,0.011881354811782,0.0775329185657423,0.254497233040945,0.871014739269653,0.999928297183826,0.193640679383616,0.0363617023510745,0.198163470332297,0.337975967190196,0.727531018436144,0.00030305628819158,0.0116822182648562,0.303578805243525,0.034521976140296,0.62392261800935,0.874053204558473,0.221912149776576,21,0.522441129875592,1,0.5625
"204602_3",0.76647320954884,0.644677521443679,0.148362711923621,0.645680595045006,0.083219930668935,0.011881354811782,0.0775329185657423,0.254497233040945,0.871014739269653,0.999928297183826,0.193640679383616,0.0363617023510745,0.198163470332297,0.337975967190196,0.727531018436144,0.00030305628819158,0.0116822182648562,0.303578805243525,0.034521976140296,0.62392261800935,0.874053204558473,0.221912149776576,21,0.522441129875592,1,0.625
"204602_4",0.76647320954884,0.644677521443679,0.148362711923621,0.645680595045006,0.083219930668935,0.011881354811782,0.0775329185657423,0.254497233040945,0.871014739269653,0.999928297183826,0.193640679383616,0.0363617023510745,0.198163470332297,0.337975967190196,0.727531018436144,0.00030305628819158,0.0116822182648562,0.303578805243525,0.034521976140296,0.62392261800935,0.874053204558473,0.221912149776576,21,0.522441129875592,1,0.6875
"204602_5",0.76647320954884,0.644677521443679,0.148362711923621,0.645680595045006,0.083219930668935,0.011881354811782,0.0775329185657423,0.254497233040945,0.871014739269653,0.999928297183826,0.193640679383616,0.0363617023510745,0.198163470332297,0.337975967190196,0.727531018436144,0.00030305628819158,0.0116822182648562,0.303578805243525,0.034521976140296,0.62392261800935,0.874053204558473,0.221912149776576,21,0.522441129875592,1,0.75
"204602_6",0.76647320954884,0.644677521443679,0.148362711923621,0.645680595045006,0.083219930668935,0.011881354811782,0.0775329185657423,0.254497233040945,0.871014739269653,0.999928297183826,0.193640679383616,0.0363617023510745,0.198163470332297,0.337975967190196,0.727531018436144,0.00030305628819158,0.0116822182648562,0.303578805243525,0.034521976140296,0.62392261800935,0.874053204558473,0.221912149776576,21,0.522441129875592,1,0.8125
"204602_7",0.76647320954884,0.644677521443679,0.148362711923621,0.645680595045006,0.083219930668935,0.011881354811782,0.0775329185657423,0.254497233040945,0.871014739269653,0.999928297183826,0.193640679383616,0.0363617023510745,0.198163470332297,0.337975967190196,0.727531018436144,0.00030305628819158,0.0116822182648562,0.303578805243525,0.034521976140296,0.62392261800935,0.874053204558473,0.221912149776576,21,0.522441129875592,1,0.875
"204602_8",0.76647320954884,0.644677521443679,0.148362711923621,0.645680595045006,0.083219930668935,0.011881354811782,0.0775329185657423,0.254497233040945,0.871014739269653,0.999928297183826,0.193640679383616,0.0363617023510745,0.198163470332297,0.337975967190196,0.727531018436144,0.00030305628819158,0.0116822182648562,0.303578805243525,0.034521976140296,0.62392261800935,0.874053204558473,0.221912149776576,21,0.522441129875592,1,0.9375
"204602_9",0.76647320954884,0.644677521443679,0.148362711923621,0.645680595045006,0.083219930668935,0.011881354811782,0.0775329185657423,0.254497233040945,0.871014739269653,0.999928297183826,0.193640679383616,0.0363617023510745,0.198163470332297,0.337975967190196,0.727531018436144,0.00030305628819158,0.0116822182648562,0.303578805243525,0.034521976140296,0.62392261800935,0.874053204558473,0.221912149776576,21,0.522441129875592,1,1
"204705_1",0.128766038340111,0.598699248518189,0.142398070431088,0.618921377365387,0.0821844729594609,0.0740611889069974,0.0387521985904231,0.498921284495752,0.821623497847071,0.888365702826079,0.00787132858906947,0.622200842439602,0.432561289222844,0.163129724619521,0.563603580056378,0.152169713040756,0.144231054306636,0.195954616695573,0.253600072335451,0.500013466963832,0.814734063581121,0.087008180321849,24,0.376689759340203,1,0.5
"204705_2",0.128766038340111,0.598699248518189,0.142398070431088,0.618921377365387,0.0821844729594609,0.0740611889069974,0.0387521985904231,0.498921284495752,0.821623497847071,0.888365702826079,0.00787132858906947,0.622200842439602,0.432561289222844,0.163129724619521,0.563603580056378,0.152169713040756,0.144231054306636,0.195954616695573,0.253600072335451,0.500013466963832,0.814734063581121,0.087008180321849,24,0.376689759340203,1,0.5625
"204705_3",0.128766038340111,0.598699248518189,0.142398070431088,0.618921377365387,0.0821844729594609,0.0740611889069974,0.0387521985904231,0.498921284495752,0.821623497847071,0.888365702826079,0.00787132858906947,0.622200842439602,0.432561289222844,0.163129724619521,0.563603580056378,0.152169713040756,0.144231054306636,0.195954616695573,0.253600072335451,0.500013466963832,0.814734063581121,0.087008180321849,24,0.376689759340203,1,0.625
"204705_4",0.128766038340111,0.598699248518189,0.142398070431088,0.618921377365387,0.0821844729594609,0.0740611889069974,0.0387521985904231,0.498921284495752,0.821623497847071,0.888365702826079,0.00787132858906947,0.622200842439602,0.432561289222844,0.163129724619521,0.563603580056378,0.152169713040756,0.144231054306636,0.195954616695573,0.253600072335451,0.500013466963832,0.814734063581121,0.087008180321849,24,0.376689759340203,1,0.6875
"204705_5",0.128766038340111,0.598699248518189,0.142398070431088,0.618921377365387,0.0821844729594609,0.0740611889069974,0.0387521985904231,0.498921284495752,0.821623497847071,0.888365702826079,0.00787132858906947,0.622200842439602,0.432561289222844,0.163129724619521,0.563603580056378,0.152169713040756,0.144231054306636,0.195954616695573,0.253600072335451,0.500013466963832,0.814734063581121,0.087008180321849,24,0.376689759340203,1,0.75
"204705_6",0.128766038340111,0.598699248518189,0.142398070431088,0.618921377365387,0.0821844729594609,0.0740611889069974,0.0387521985904231,0.498921284495752,0.821623497847071,0.888365702826079,0.00787132858906947,0.622200842439602,0.432561289222844,0.163129724619521,0.563603580056378,0.152169713040756,0.144231054306636,0.195954616695573,0.253600072335451,0.500013466963832,0.814734063581121,0.087008180321849,24,0.376689759340203,1,0.8125
"204705_7",0.128766038340111,0.598699248518189,0.142398070431088,0.618921377365387,0.0821844729594609,0.0740611889069974,0.0387521985904231,0.498921284495752,0.821623497847071,0.888365702826079,0.00787132858906947,0.622200842439602,0.432561289222844,0.163129724619521,0.563603580056378,0.152169713040756,0.144231054306636,0.195954616695573,0.253600072335451,0.500013466963832,0.814734063581121,0.087008180321849,24,0.376689759340203,1,0.875
"204705_8",0.128766038340111,0.598699248518189,0.142398070431088,0.618921377365387,0.0821844729594609,0.0740611889069974,0.0387521985904231,0.498921284495752,0.821623497847071,0.888365702826079,0.00787132858906947,0.622200842439602,0.432561289222844,0.163129724619521,0.563603580056378,0.152169713040756,0.144231054306636,0.195954616695573,0.253600072335451,0.500013466963832,0.814734063581121,0.087008180321849,24,0.376689759340203,1,0.9375
"204705_9",0.128766038340111,0.598699248518189,0.142398070431088,0.618921377365387,0.0821844729594609,0.0740611889069974,0.0387521985904231,0.498921284495752,0.821623497847071,0.888365702826079,0.00787132858906947,0.622200842439602,0.432561289222844,0.163129724619521,0.563603580056378,0.152169713040756,0.144231054306636,0.195954616695573,0.253600072335451,0.500013466963832,0.814734063581121,0.087008180321849,24,0.376689759340203,1,1
"204899_1",0.0809241504290363,0.68879385635552,0.0362516404409679,0.568005214930529,0.101968459789907,0.0663002169667168,0.0923872392143022,0.506297753667291,0.999854110333847,0.710367995188478,9.64684443548322e-05,0.298440299321878,0.359624204760955,0.379117028344529,0.614122037986696,0.221620125562446,0.266299474069662,0.00010701302640605,0.400798077347551,0.61785453091023,0.999975606664492,0.222240222311482,18,0.384311061906921,1,0.5
"204899_2",0.0809241504290363,0.68879385635552,0.0362516404409679,0.568005214930529,0.101968459789907,0.0663002169667168,0.0923872392143022,0.506297753667291,0.999854110333847,0.710367995188478,9.64684443548322e-05,0.298440299321878,0.359624204760955,0.379117028344529,0.614122037986696,0.221620125562446,0.266299474069662,0.00010701302640605,0.400798077347551,0.61785453091023,0.999975606664492,0.222240222311482,18,0.384311061906921,1,0.5625
"204899_3",0.0809241504290363,0.68879385635552,0.0362516404409679,0.568005214930529,0.101968459789907,0.0663002169667168,0.0923872392143022,0.506297753667291,0.999854110333847,0.710367995188478,9.64684443548322e-05,0.298440299321878,0.359624204760955,0.379117028344529,0.614122037986696,0.221620125562446,0.266299474069662,0.00010701302640605,0.400798077347551,0.61785453091023,0.999975606664492,0.222240222311482,18,0.384311061906921,1,0.625
"204899_4",0.0809241504290363,0.68879385635552,0.0362516404409679,0.568005214930529,0.101968459789907,0.0663002169667168,0.0923872392143022,0.506297753667291,0.999854110333847,0.710367995188478,9.64684443548322e-05,0.298440299321878,0.359624204760955,0.379117028344529,0.614122037986696,0.221620125562446,0.266299474069662,0.00010701302640605,0.400798077347551,0.61785453091023,0.999975606664492,0.222240222311482,18,0.384311061906921,1,0.6875
"204899_5",0.0809241504290363,0.68879385635552,0.0362516404409679,0.568005214930529,0.101968459789907,0.0663002169667168,0.0923872392143022,0.506297753667291,0.999854110333847,0.710367995188478,9.64684443548322e-05,0.298440299321878,0.359624204760955,0.379117028344529,0.614122037986696,0.221620125562446,0.266299474069662,0.00010701302640605,0.400798077347551,0.61785453091023,0.999975606664492,0.222240222311482,18,0.384311061906921,1,0.75
"204899_6",0.0809241504290363,0.68879385635552,0.0362516404409679,0.568005214930529,0.101968459789907,0.0663002169667168,0.0923872392143022,0.506297753667291,0.999854110333847,0.710367995188478,9.64684443548322e-05,0.298440299321878,0.359624204760955,0.379117028344529,0.614122037986696,0.221620125562446,0.266299474069662,0.00010701302640605,0.400798077347551,0.61785453091023,0.999975606664492,0.222240222311482,18,0.384311061906921,1,0.8125
"204899_7",0.0809241504290363,0.68879385635552,0.0362516404409679,0.568005214930529,0.101968459789907,0.0663002169667168,0.0923872392143022,0.506297753667291,0.999854110333847,0.710367995188478,9.64684443548322e-05,0.298440299321878,0.359624204760955,0.379117028344529,0.614122037986696,0.221620125562446,0.266299474069662,0.00010701302640605,0.400798077347551,0.61785453091023,0.999975606664492,0.222240222311482,18,0.384311061906921,1,0.875
"204899_8",0.0809241504290363,0.68879385635552,0.0362516404409679,0.568005214930529,0.101968459789907,0.0663002169667168,0.0923872392143022,0.506297753667291,0.999854110333847,0.710367995188478,9.64684443548322e-05,0.298440299321878,0.359624204760955,0.379117028344529,0.614122037986696,0.221620125562446,0.266299474069662,0.00010701302640605,0.400798077347551,0.61785453091023,0.999975606664492,0.222240222311482,18,0.384311061906921,1,0.9375
"204899_9",0.0809241504290363,0.68879385635552,0.0362516404409679,0.568005214930529,0.101968459789907,0.0663002169667168,0.0923872392143022,0.506297753667291,0.999854110333847,0.710367995188478,9.64684443548322e-05,0.298440299321878,0.359624204760955,0.379117028344529,0.614122037986696,0.221620125562446,0.266299474069662,0.00010701302640605,0.400798077347551,0.61785453091023,0.999975606664492,0.222240222311482,18,0.384311061906921,1,1
"205504_1",0.00021768103810027,0.3297302797338,0.0491217765707783,0.664628327916281,0.0839881389667815,0.0301156466025996,0.0118607033028416,0.273483037163585,0.718037809322221,0.883630267203113,0.169528225359519,0.461568745014274,0.26568575710235,0.403542977625124,0.620078210760261,0.408001466800734,0.24972735817068,0.231340134237927,0.499559855764972,0.539317505932894,0.807286526919591,0.145695904191464,10,0.316837036704688,1,0.5
"205504_2",0.00021768103810027,0.3297302797338,0.0491217765707783,0.664628327916281,0.0839881389667815,0.0301156466025996,0.0118607033028416,0.273483037163585,0.718037809322221,0.883630267203113,0.169528225359519,0.461568745014274,0.26568575710235,0.403542977625124,0.620078210760261,0.408001466800734,0.24972735817068,0.231340134237927,0.499559855764972,0.539317505932894,0.807286526919591,0.145695904191464,10,0.316837036704688,1,0.5625
"205504_3",0.00021768103810027,0.3297302797338,0.0491217765707783,0.664628327916281,0.0839881389667815,0.0301156466025996,0.0118607033028416,0.273483037163585,0.718037809322221,0.883630267203113,0.169528225359519,0.461568745014274,0.26568575710235,0.403542977625124,0.620078210760261,0.408001466800734,0.24972735817068,0.231340134237927,0.499559855764972,0.539317505932894,0.807286526919591,0.145695904191464,10,0.316837036704688,1,0.625
"205504_4",0.00021768103810027,0.3297302797338,0.0491217765707783,0.664628327916281,0.0839881389667815,0.0301156466025996,0.0118607033028416,0.273483037163585,0.718037809322221,0.883630267203113,0.169528225359519,0.461568745014274,0.26568575710235,0.403542977625124,0.620078210760261,0.408001466800734,0.24972735817068,0.231340134237927,0.499559855764972,0.539317505932894,0.807286526919591,0.145695904191464,10,0.316837036704688,1,0.6875
"205504_5",0.00021768103810027,0.3297302797338,0.0491217765707783,0.664628327916281,0.0839881389667815,0.0301156466025996,0.0118607033028416,0.273483037163585,0.718037809322221,0.883630267203113,0.169528225359519,0.461568745014274,0.26568575710235,0.403542977625124,0.620078210760261,0.408001466800734,0.24972735817068,0.231340134237927,0.499559855764972,0.539317505932894,0.807286526919591,0.145695904191464,10,0.316837036704688,1,0.75
"205504_6",0.00021768103810027,0.3297302797338,0.0491217765707783,0.664628327916281,0.0839881389667815,0.0301156466025996,0.0118607033028416,0.273483037163585,0.718037809322221,0.883630267203113,0.169528225359519,0.461568745014274,0.26568575710235,0.403542977625124,0.620078210760261,0.408001466800734,0.24972735817068,0.231340134237927,0.499559855764972,0.539317505932894,0.807286526919591,0.145695904191464,10,0.316837036704688,1,0.8125
"205504_7",0.00021768103810027,0.3297302797338,0.0491217765707783,0.664628327916281,0.0839881389667815,0.0301156466025996,0.0118607033028416,0.273483037163585,0.718037809322221,0.883630267203113,0.169528225359519,0.461568745014274,0.26568575710235,0.403542977625124,0.620078210760261,0.408001466800734,0.24972735817068,0.231340134237927,0.499559855764972,0.539317505932894,0.807286526919591,0.145695904191464,10,0.316837036704688,1,0.875
"205504_8",0.00021768103810027,0.3297302797338,0.0491217765707783,0.664628327916281,0.0839881389667815,0.0301156466025996,0.0118607033028416,0.273483037163585,0.718037809322221,0.883630267203113,0.169528225359519,0.461568745014274,0.26568575710235,0.403542977625124,0.620078210760261,0.408001466800734,0.24972735817068,0.231340134237927,0.499559855764972,0.539317505932894,0.807286526919591,0.145695904191464,10,0.316837036704688,1,0.9375
"205504_9",0.00021768103810027,0.3297302797338,0.0491217765707783,0.664628327916281,0.0839881389667815,0.0301156466025996,0.0118607033028416,0.273483037163585,0.718037809322221,0.883630267203113,0.169528225359519,0.461568745014274,0.26568575710235,0.403542977625124,0.620078210760261,0.408001466800734,0.24972735817068,0.231340134237927,0.499559855764972,0.539317505932894,0.807286526919591,0.145695904191464,10,0.316837036704688,1,1
"205600_1",0.530846923110003,0.496380183998688,0.0538036449709297,0.730947501509545,0.117012218217945,0.0293801525341689,0.070905127343105,0.755643914251063,0.88665198839852,0.691203925719213,0.0184505024111272,6.33614411693998e-05,4.64802905591205e-05,0.763724839858243,0.399864638006284,0.251998154623996,0.343039804062318,0.0277000093211513,0.198009105421145,0.746574674323116,0.999975606664492,0.249984006138382,15,0.0942999188594445,1,0.5
"205600_2",0.530846923110003,0.496380183998688,0.0538036449709297,0.730947501509545,0.117012218217945,0.0293801525341689,0.070905127343105,0.755643914251063,0.88665198839852,0.691203925719213,0.0184505024111272,6.33614411693998e-05,4.64802905591205e-05,0.763724839858243,0.399864638006284,0.251998154623996,0.343039804062318,0.0277000093211513,0.198009105421145,0.746574674323116,0.999975606664492,0.249984006138382,15,0.0942999188594445,1,0.5625
"205600_3",0.530846923110003,0.496380183998688,0.0538036449709297,0.730947501509545,0.117012218217945,0.0293801525341689,0.070905127343105,0.755643914251063,0.88665198839852,0.691203925719213,0.0184505024111272,6.33614411693998e-05,4.64802905591205e-05,0.763724839858243,0.399864638006284,0.251998154623996,0.343039804062318,0.0277000093211513,0.198009105421145,0.746574674323116,0.999975606664492,0.249984006138382,15,0.0942999188594445,1,0.625
"205600_4",0.530846923110003,0.496380183998688,0.0538036449709297,0.730947501509545,0.117012218217945,0.0293801525341689,0.070905127343105,0.755643914251063,0.88665198839852,0.691203925719213,0.0184505024111272,6.33614411693998e-05,4.64802905591205e-05,0.763724839858243,0.399864638006284,0.251998154623996,0.343039804062318,0.0277000093211513,0.198009105421145,0.746574674323116,0.999975606664492,0.249984006138382,15,0.0942999188594445,1,0.6875
"205600_5",0.530846923110003,0.496380183998688,0.0538036449709297,0.730947501509545,0.117012218217945,0.0293801525341689,0.070905127343105,0.755643914251063,0.88665198839852,0.691203925719213,0.0184505024111272,6.33614411693998e-05,4.64802905591205e-05,0.763724839858243,0.399864638006284,0.251998154623996,0.343039804062318,0.0277000093211513,0.198009105421145,0.746574674323116,0.999975606664492,0.249984006138382,15,0.0942999188594445,1,0.75
"205600_6",0.530846923110003,0.496380183998688,0.0538036449709297,0.730947501509545,0.117012218217945,0.0293801525341689,0.070905127343105,0.755643914251063,0.88665198839852,0.691203925719213,0.0184505024111272,6.33614411693998e-05,4.64802905591205e-05,0.763724839858243,0.399864638006284,0.251998154623996,0.343039804062318,0.0277000093211513,0.198009105421145,0.746574674323116,0.999975606664492,0.249984006138382,15,0.0942999188594445,1,0.8125
"205600_7",0.530846923110003,0.496380183998688,0.0538036449709297,0.730947501509545,0.117012218217945,0.0293801525341689,0.070905127343105,0.755643914251063,0.88665198839852,0.691203925719213,0.0184505024111272,6.33614411693998e-05,4.64802905591205e-05,0.763724839858243,0.399864638006284,0.251998154623996,0.343039804062318,0.0277000093211513,0.198009105421145,0.746574674323116,0.999975606664492,0.249984006138382,15,0.0942999188594445,1,0.875
"205600_8",0.530846923110003,0.496380183998688,0.0538036449709297,0.730947501509545,0.117012218217945,0.0293801525341689,0.070905127343105,0.755643914251063,0.88665198839852,0.691203925719213,0.0184505024111272,6.33614411693998e-05,4.64802905591205e-05,0.763724839858243,0.399864638006284,0.251998154623996,0.343039804062318,0.0277000093211513,0.198009105421145,0.746574674323116,0.999975606664492,0.249984006138382,15,0.0942999188594445,1,0.9375
"205600_9",0.530846923110003,0.496380183998688,0.0538036449709297,0.730947501509545,0.117012218217945,0.0293801525341689,0.070905127343105,0.755643914251063,0.88665198839852,0.691203925719213,0.0184505024111272,6.33614411693998e-05,4.64802905591205e-05,0.763724839858243,0.399864638006284,0.251998154623996,0.343039804062318,0.0277000093211513,0.198009105421145,0.746574674323116,0.999975606664492,0.249984006138382,15,0.0942999188594445,1,1
"205604_1",0.575274940121957,7.64295788737945e-05,0.070601108688724,0.69022527551615,0.0513346108350254,3.77011053683236e-06,0.0397713721043419,0.125362215291049,0.64892570629784,0.999928297183826,0.999795092571648,0.105717690387336,4.64802905591205e-05,0.503041721624311,0.999991596603808,0.332317997432629,0.00074607072488663,0.499992012141552,0.142512468048388,0.919023810573644,0.605402713308362,0.249984006138382,3,0.397741728850857,1,0.5
"205604_2",0.575274940121957,7.64295788737945e-05,0.070601108688724,0.69022527551615,0.0513346108350254,3.77011053683236e-06,0.0397713721043419,0.125362215291049,0.64892570629784,0.999928297183826,0.999795092571648,0.105717690387336,4.64802905591205e-05,0.503041721624311,0.999991596603808,0.332317997432629,0.00074607072488663,0.499992012141552,0.142512468048388,0.919023810573644,0.605402713308362,0.249984006138382,3,0.397741728850857,1,0.5625
"205604_3",0.575274940121957,7.64295788737945e-05,0.070601108688724,0.69022527551615,0.0513346108350254,3.77011053683236e-06,0.0397713721043419,0.125362215291049,0.64892570629784,0.999928297183826,0.999795092571648,0.105717690387336,4.64802905591205e-05,0.503041721624311,0.999991596603808,0.332317997432629,0.00074607072488663,0.499992012141552,0.142512468048388,0.919023810573644,0.605402713308362,0.249984006138382,3,0.397741728850857,1,0.625
"205604_4",0.575274940121957,7.64295788737945e-05,0.070601108688724,0.69022527551615,0.0513346108350254,3.77011053683236e-06,0.0397713721043419,0.125362215291049,0.64892570629784,0.999928297183826,0.999795092571648,0.105717690387336,4.64802905591205e-05,0.503041721624311,0.999991596603808,0.332317997432629,0.00074607072488663,0.499992012141552,0.142512468048388,0.919023810573644,0.605402713308362,0.249984006138382,3,0.397741728850857,1,0.6875
"205604_5",0.575274940121957,7.64295788737945e-05,0.070601108688724,0.69022527551615,0.0513346108350254,3.77011053683236e-06,0.0397713721043419,0.125362215291049,0.64892570629784,0.999928297183826,0.999795092571648,0.105717690387336,4.64802905591205e-05,0.503041721624311,0.999991596603808,0.332317997432629,0.00074607072488663,0.499992012141552,0.142512468048388,0.919023810573644,0.605402713308362,0.249984006138382,3,0.397741728850857,1,0.75
"205604_6",0.575274940121957,7.64295788737945e-05,0.070601108688724,0.69022527551615,0.0513346108350254,3.77011053683236e-06,0.0397713721043419,0.125362215291049,0.64892570629784,0.999928297183826,0.999795092571648,0.105717690387336,4.64802905591205e-05,0.503041721624311,0.999991596603808,0.332317997432629,0.00074607072488663,0.499992012141552,0.142512468048388,0.919023810573644,0.605402713308362,0.249984006138382,3,0.397741728850857,1,0.8125
"205604_7",0.575274940121957,7.64295788737945e-05,0.070601108688724,0.69022527551615,0.0513346108350254,3.77011053683236e-06,0.0397713721043419,0.125362215291049,0.64892570629784,0.999928297183826,0.999795092571648,0.105717690387336,4.64802905591205e-05,0.503041721624311,0.999991596603808,0.332317997432629,0.00074607072488663,0.499992012141552,0.142512468048388,0.919023810573644,0.605402713308362,0.249984006138382,3,0.397741728850857,1,0.875
"205604_8",0.575274940121957,7.64295788737945e-05,0.070601108688724,0.69022527551615,0.0513346108350254,3.77011053683236e-06,0.0397713721043419,0.125362215291049,0.64892570629784,0.999928297183826,0.999795092571648,0.105717690387336,4.64802905591205e-05,0.503041721624311,0.999991596603808,0.332317997432629,0.00074607072488663,0.499992012141552,0.142512468048388,0.919023810573644,0.605402713308362,0.249984006138382,3,0.397741728850857,1,0.9375
"205604_9",0.575274940121957,7.64295788737945e-05,0.070601108688724,0.69022527551615,0.0513346108350254,3.77011053683236e-06,0.0397713721043419,0.125362215291049,0.64892570629784,0.999928297183826,0.999795092571648,0.105717690387336,4.64802905591205e-05,0.503041721624311,0.999991596603808,0.332317997432629,0.00074607072488663,0.499992012141552,0.142512468048388,0.919023810573644,0.605402713308362,0.249984006138382,3,0.397741728850857,1,1
"205702_1",0.00021768103810027,0.225517565668109,0.0240795627599039,0.61731394199794,0.117435396613417,0.0620642433007194,0.0396761883575232,0.268769151101856,0.534021736881361,0.546080149752988,0.121089618878358,0.334880446109265,0.312528960119062,0.240113849678985,0.519005177988015,0.452376896458012,0.33789495727864,0.21202561070347,0.499559855764972,0.755713137697418,0.669136668296829,0.0931177712793262,20,0.21795386148281,1,0.5
"205702_2",0.00021768103810027,0.225517565668109,0.0240795627599039,0.61731394199794,0.117435396613417,0.0620642433007194,0.0396761883575232,0.268769151101856,0.534021736881361,0.546080149752988,0.121089618878358,0.334880446109265,0.312528960119062,0.240113849678985,0.519005177988015,0.452376896458012,0.33789495727864,0.21202561070347,0.499559855764972,0.755713137697418,0.669136668296829,0.0931177712793262,20,0.21795386148281,1,0.5625
"205702_3",0.00021768103810027,0.225517565668109,0.0240795627599039,0.61731394199794,0.117435396613417,0.0620642433007194,0.0396761883575232,0.268769151101856,0.534021736881361,0.546080149752988,0.121089618878358,0.334880446109265,0.312528960119062,0.240113849678985,0.519005177988015,0.452376896458012,0.33789495727864,0.21202561070347,0.499559855764972,0.755713137697418,0.669136668296829,0.0931177712793262,20,0.21795386148281,1,0.625
"205702_4",0.00021768103810027,0.225517565668109,0.0240795627599039,0.61731394199794,0.117435396613417,0.0620642433007194,0.0396761883575232,0.268769151101856,0.534021736881361,0.546080149752988,0.121089618878358,0.334880446109265,0.312528960119062,0.240113849678985,0.519005177988015,0.452376896458012,0.33789495727864,0.21202561070347,0.499559855764972,0.755713137697418,0.669136668296829,0.0931177712793262,20,0.21795386148281,1,0.6875
"205702_5",0.00021768103810027,0.225517565668109,0.0240795627599039,0.61731394199794,0.117435396613417,0.0620642433007194,0.0396761883575232,0.268769151101856,0.534021736881361,0.546080149752988,0.121089618878358,0.334880446109265,0.312528960119062,0.240113849678985,0.519005177988015,0.452376896458012,0.33789495727864,0.21202561070347,0.499559855764972,0.755713137697418,0.669136668296829,0.0931177712793262,20,0.21795386148281,1,0.75
"205702_6",0.00021768103810027,0.225517565668109,0.0240795627599039,0.61731394199794,0.117435396613417,0.0620642433007194,0.0396761883575232,0.268769151101856,0.534021736881361,0.546080149752988,0.121089618878358,0.334880446109265,0.312528960119062,0.240113849678985,0.519005177988015,0.452376896458012,0.33789495727864,0.21202561070347,0.499559855764972,0.755713137697418,0.669136668296829,0.0931177712793262,20,0.21795386148281,1,0.8125
"205702_7",0.00021768103810027,0.225517565668109,0.0240795627599039,0.61731394199794,0.117435396613417,0.0620642433007194,0.0396761883575232,0.268769151101856,0.534021736881361,0.546080149752988,0.121089618878358,0.334880446109265,0.312528960119062,0.240113849678985,0.519005177988015,0.452376896458012,0.33789495727864,0.21202561070347,0.499559855764972,0.755713137697418,0.669136668296829,0.0931177712793262,20,0.21795386148281,1,0.875
"205702_8",0.00021768103810027,0.225517565668109,0.0240795627599039,0.61731394199794,0.117435396613417,0.0620642433007194,0.0396761883575232,0.268769151101856,0.534021736881361,0.546080149752988,0.121089618878358,0.334880446109265,0.312528960119062,0.240113849678985,0.519005177988015,0.452376896458012,0.33789495727864,0.21202561070347,0.499559855764972,0.755713137697418,0.669136668296829,0.0931177712793262,20,0.21795386148281,1,0.9375
"205702_9",0.00021768103810027,0.225517565668109,0.0240795627599039,0.61731394199794,0.117435396613417,0.0620642433007194,0.0396761883575232,0.268769151101856,0.534021736881361,0.546080149752988,0.121089618878358,0.334880446109265,0.312528960119062,0.240113849678985,0.519005177988015,0.452376896458012,0.33789495727864,0.21202561070347,0.499559855764972,0.755713137697418,0.669136668296829,0.0931177712793262,20,0.21795386148281,1,1
"206599_1",0.57579663499985,0.488426430650597,0.0603016430320293,0.648122896368228,0.119920975456531,0.0539515539353216,0.0897885506670795,0.962406695750487,0.526575260294693,0.828402161330945,0.00654650145734226,6.33614411693998e-05,0.0381482262791258,0.614362822341001,0.381313218482356,0.0649299112636816,0.359415076130463,0.128992725495782,0.319107865399464,0.930767961093573,0.986969459087628,0.22664251261982,11,0.249621222238566,1,0.5
"206599_2",0.57579663499985,0.488426430650597,0.0603016430320293,0.648122896368228,0.119920975456531,0.0539515539353216,0.0897885506670795,0.962406695750487,0.526575260294693,0.828402161330945,0.00654650145734226,6.33614411693998e-05,0.0381482262791258,0.614362822341001,0.381313218482356,0.0649299112636816,0.359415076130463,0.128992725495782,0.319107865399464,0.930767961093573,0.986969459087628,0.22664251261982,11,0.249621222238566,1,0.5625
"206599_3",0.57579663499985,0.488426430650597,0.0603016430320293,0.648122896368228,0.119920975456531,0.0539515539353216,0.0897885506670795,0.962406695750487,0.526575260294693,0.828402161330945,0.00654650145734226,6.33614411693998e-05,0.0381482262791258,0.614362822341001,0.381313218482356,0.0649299112636816,0.359415076130463,0.128992725495782,0.319107865399464,0.930767961093573,0.986969459087628,0.22664251261982,11,0.249621222238566,1,0.625
"206599_4",0.57579663499985,0.488426430650597,0.0603016430320293,0.648122896368228,0.119920975456531,0.0539515539353216,0.0897885506670795,0.962406695750487,0.526575260294693,0.828402161330945,0.00654650145734226,6.33614411693998e-05,0.0381482262791258,0.614362822341001,0.381313218482356,0.0649299112636816,0.359415076130463,0.128992725495782,0.319107865399464,0.930767961093573,0.986969459087628,0.22664251261982,11,0.249621222238566,1,0.6875
"206599_5",0.57579663499985,0.488426430650597,0.0603016430320293,0.648122896368228,0.119920975456531,0.0539515539353216,0.0897885506670795,0.962406695750487,0.526575260294693,0.828402161330945,0.00654650145734226,6.33614411693998e-05,0.0381482262791258,0.614362822341001,0.381313218482356,0.0649299112636816,0.359415076130463,0.128992725495782,0.319107865399464,0.930767961093573,0.986969459087628,0.22664251261982,11,0.249621222238566,1,0.75
"206599_6",0.57579663499985,0.488426430650597,0.0603016430320293,0.648122896368228,0.119920975456531,0.0539515539353216,0.0897885506670795,0.962406695750487,0.526575260294693,0.828402161330945,0.00654650145734226,6.33614411693998e-05,0.0381482262791258,0.614362822341001,0.381313218482356,0.0649299112636816,0.359415076130463,0.128992725495782,0.319107865399464,0.930767961093573,0.986969459087628,0.22664251261982,11,0.249621222238566,1,0.8125
"206599_7",0.57579663499985,0.488426430650597,0.0603016430320293,0.648122896368228,0.119920975456531,0.0539515539353216,0.0897885506670795,0.962406695750487,0.526575260294693,0.828402161330945,0.00654650145734226,6.33614411693998e-05,0.0381482262791258,0.614362822341001,0.381313218482356,0.0649299112636816,0.359415076130463,0.128992725495782,0.319107865399464,0.930767961093573,0.986969459087628,0.22664251261982,11,0.249621222238566,1,0.875
"206599_8",0.57579663499985,0.488426430650597,0.0603016430320293,0.648122896368228,0.119920975456531,0.0539515539353216,0.0897885506670795,0.962406695750487,0.526575260294693,0.828402161330945,0.00654650145734226,6.33614411693998e-05,0.0381482262791258,0.614362822341001,0.381313218482356,0.0649299112636816,0.359415076130463,0.128992725495782,0.319107865399464,0.930767961093573,0.986969459087628,0.22664251261982,11,0.249621222238566,1,0.9375
"206599_9",0.57579663499985,0.488426430650597,0.0603016430320293,0.648122896368228,0.119920975456531,0.0539515539353216,0.0897885506670795,0.962406695750487,0.526575260294693,0.828402161330945,0.00654650145734226,6.33614411693998e-05,0.0381482262791258,0.614362822341001,0.381313218482356,0.0649299112636816,0.359415076130463,0.128992725495782,0.319107865399464,0.930767961093573,0.986969459087628,0.22664251261982,11,0.249621222238566,1,1
"206600_1",0.275096817846093,0.616602587674711,0.030070137743519,0.668687304060413,0.119963741078067,0.0209480585712583,0.0622107021347948,0.358623580008567,0.615726898627128,0.868565893553557,9.64684443548322e-05,0.0390610539768639,0.11054385144696,0.306319285509774,0.417346870756875,0.223115884611179,0.206336083431112,0.237528579364498,0.483725300157917,0.994796490465303,0.889538134338586,0.152374934897672,11,0.492317883736832,1,0.5
"206600_2",0.275096817846093,0.616602587674711,0.030070137743519,0.668687304060413,0.119963741078067,0.0209480585712583,0.0622107021347948,0.358623580008567,0.615726898627128,0.868565893553557,9.64684443548322e-05,0.0390610539768639,0.11054385144696,0.306319285509774,0.417346870756875,0.223115884611179,0.206336083431112,0.237528579364498,0.483725300157917,0.994796490465303,0.889538134338586,0.152374934897672,11,0.492317883736832,1,0.5625
"206600_3",0.275096817846093,0.616602587674711,0.030070137743519,0.668687304060413,0.119963741078067,0.0209480585712583,0.0622107021347948,0.358623580008567,0.615726898627128,0.868565893553557,9.64684443548322e-05,0.0390610539768639,0.11054385144696,0.306319285509774,0.417346870756875,0.223115884611179,0.206336083431112,0.237528579364498,0.483725300157917,0.994796490465303,0.889538134338586,0.152374934897672,11,0.492317883736832,1,0.625
"206600_4",0.275096817846093,0.616602587674711,0.030070137743519,0.668687304060413,0.119963741078067,0.0209480585712583,0.0622107021347948,0.358623580008567,0.615726898627128,0.868565893553557,9.64684443548322e-05,0.0390610539768639,0.11054385144696,0.306319285509774,0.417346870756875,0.223115884611179,0.206336083431112,0.237528579364498,0.483725300157917,0.994796490465303,0.889538134338586,0.152374934897672,11,0.492317883736832,1,0.6875
"206600_5",0.275096817846093,0.616602587674711,0.030070137743519,0.668687304060413,0.119963741078067,0.0209480585712583,0.0622107021347948,0.358623580008567,0.615726898627128,0.868565893553557,9.64684443548322e-05,0.0390610539768639,0.11054385144696,0.306319285509774,0.417346870756875,0.223115884611179,0.206336083431112,0.237528579364498,0.483725300157917,0.994796490465303,0.889538134338586,0.152374934897672,11,0.492317883736832,1,0.75
"206600_6",0.275096817846093,0.616602587674711,0.030070137743519,0.668687304060413,0.119963741078067,0.0209480585712583,0.0622107021347948,0.358623580008567,0.615726898627128,0.868565893553557,9.64684443548322e-05,0.0390610539768639,0.11054385144696,0.306319285509774,0.417346870756875,0.223115884611179,0.206336083431112,0.237528579364498,0.483725300157917,0.994796490465303,0.889538134338586,0.152374934897672,11,0.492317883736832,1,0.8125
"206600_7",0.275096817846093,0.616602587674711,0.030070137743519,0.668687304060413,0.119963741078067,0.0209480585712583,0.0622107021347948,0.358623580008567,0.615726898627128,0.868565893553557,9.64684443548322e-05,0.0390610539768639,0.11054385144696,0.306319285509774,0.417346870756875,0.223115884611179,0.206336083431112,0.237528579364498,0.483725300157917,0.994796490465303,0.889538134338586,0.152374934897672,11,0.492317883736832,1,0.875
"206600_8",0.275096817846093,0.616602587674711,0.030070137743519,0.668687304060413,0.119963741078067,0.0209480585712583,0.0622107021347948,0.358623580008567,0.615726898627128,0.868565893553557,9.64684443548322e-05,0.0390610539768639,0.11054385144696,0.306319285509774,0.417346870756875,0.223115884611179,0.206336083431112,0.237528579364498,0.483725300157917,0.994796490465303,0.889538134338586,0.152374934897672,11,0.492317883736832,1,0.9375
"206600_9",0.275096817846093,0.616602587674711,0.030070137743519,0.668687304060413,0.119963741078067,0.0209480585712583,0.0622107021347948,0.358623580008567,0.615726898627128,0.868565893553557,9.64684443548322e-05,0.0390610539768639,0.11054385144696,0.306319285509774,0.417346870756875,0.223115884611179,0.206336083431112,0.237528579364498,0.483725300157917,0.994796490465303,0.889538134338586,0.152374934897672,11,0.492317883736832,1,1
"206602_1",0.555793242963878,0.356490290226279,0.161362861663159,0.791102208194655,0.100308601186287,0.0293861730517351,0.00063603566554675,0.260249284858021,0.0987084027607209,0.361705666526027,0.0338380419660288,0.271558368585402,0.20130453785323,0.0587621242590194,0.566873872268352,0.23476456945416,0.24928621045753,0.471291354275778,0.218824956519358,0.578314375589282,0.588521540135348,6.79376821854385e-05,30,0.00354021434132307,1,0.5
"206602_2",0.555793242963878,0.356490290226279,0.161362861663159,0.791102208194655,0.100308601186287,0.0293861730517351,0.00063603566554675,0.260249284858021,0.0987084027607209,0.361705666526027,0.0338380419660288,0.271558368585402,0.20130453785323,0.0587621242590194,0.566873872268352,0.23476456945416,0.24928621045753,0.471291354275778,0.218824956519358,0.578314375589282,0.588521540135348,6.79376821854385e-05,30,0.00354021434132307,1,0.5625
"206602_3",0.555793242963878,0.356490290226279,0.161362861663159,0.791102208194655,0.100308601186287,0.0293861730517351,0.00063603566554675,0.260249284858021,0.0987084027607209,0.361705666526027,0.0338380419660288,0.271558368585402,0.20130453785323,0.0587621242590194,0.566873872268352,0.23476456945416,0.24928621045753,0.471291354275778,0.218824956519358,0.578314375589282,0.588521540135348,6.79376821854385e-05,30,0.00354021434132307,1,0.625
"206602_4",0.555793242963878,0.356490290226279,0.161362861663159,0.791102208194655,0.100308601186287,0.0293861730517351,0.00063603566554675,0.260249284858021,0.0987084027607209,0.361705666526027,0.0338380419660288,0.271558368585402,0.20130453785323,0.0587621242590194,0.566873872268352,0.23476456945416,0.24928621045753,0.471291354275778,0.218824956519358,0.578314375589282,0.588521540135348,6.79376821854385e-05,30,0.00354021434132307,1,0.6875
"206602_5",0.555793242963878,0.356490290226279,0.161362861663159,0.791102208194655,0.100308601186287,0.0293861730517351,0.00063603566554675,0.260249284858021,0.0987084027607209,0.361705666526027,0.0338380419660288,0.271558368585402,0.20130453785323,0.0587621242590194,0.566873872268352,0.23476456945416,0.24928621045753,0.471291354275778,0.218824956519358,0.578314375589282,0.588521540135348,6.79376821854385e-05,30,0.00354021434132307,1,0.75
"206602_6",0.555793242963878,0.356490290226279,0.161362861663159,0.791102208194655,0.100308601186287,0.0293861730517351,0.00063603566554675,0.260249284858021,0.0987084027607209,0.361705666526027,0.0338380419660288,0.271558368585402,0.20130453785323,0.0587621242590194,0.566873872268352,0.23476456945416,0.24928621045753,0.471291354275778,0.218824956519358,0.578314375589282,0.588521540135348,6.79376821854385e-05,30,0.00354021434132307,1,0.8125
"206602_7",0.555793242963878,0.356490290226279,0.161362861663159,0.791102208194655,0.100308601186287,0.0293861730517351,0.00063603566554675,0.260249284858021,0.0987084027607209,0.361705666526027,0.0338380419660288,0.271558368585402,0.20130453785323,0.0587621242590194,0.566873872268352,0.23476456945416,0.24928621045753,0.471291354275778,0.218824956519358,0.578314375589282,0.588521540135348,6.79376821854385e-05,30,0.00354021434132307,1,0.875
"206602_8",0.555793242963878,0.356490290226279,0.161362861663159,0.791102208194655,0.100308601186287,0.0293861730517351,0.00063603566554675,0.260249284858021,0.0987084027607209,0.361705666526027,0.0338380419660288,0.271558368585402,0.20130453785323,0.0587621242590194,0.566873872268352,0.23476456945416,0.24928621045753,0.471291354275778,0.218824956519358,0.578314375589282,0.588521540135348,6.79376821854385e-05,30,0.00354021434132307,1,0.9375
"206602_9",0.555793242963878,0.356490290226279,0.161362861663159,0.791102208194655,0.100308601186287,0.0293861730517351,0.00063603566554675,0.260249284858021,0.0987084027607209,0.361705666526027,0.0338380419660288,0.271558368585402,0.20130453785323,0.0587621242590194,0.566873872268352,0.23476456945416,0.24928621045753,0.471291354275778,0.218824956519358,0.578314375589282,0.588521540135348,6.79376821854385e-05,30,0.00354021434132307,1,1
"206704_1",0.00021768103810027,0.822071900111413,0.0210671855046679,0.590263957812053,0.117377910198967,0.0670382315671351,0.0409185249070431,0.311878985677725,0.999854110333847,0.876026743051478,9.64684443548322e-05,0.393734623372265,0.438767028958975,0.273822947263491,0.00019440235718619,0.366844553905031,0.153227315665059,0.0681436025547968,0.499559855764972,0.632481638081839,0.828554888793322,0.104962713025766,13,0.93050012081175,1,0.5
"206704_2",0.00021768103810027,0.822071900111413,0.0210671855046679,0.590263957812053,0.117377910198967,0.0670382315671351,0.0409185249070431,0.311878985677725,0.999854110333847,0.876026743051478,9.64684443548322e-05,0.393734623372265,0.438767028958975,0.273822947263491,0.00019440235718619,0.366844553905031,0.153227315665059,0.0681436025547968,0.499559855764972,0.632481638081839,0.828554888793322,0.104962713025766,13,0.93050012081175,1,0.5625
"206704_3",0.00021768103810027,0.822071900111413,0.0210671855046679,0.590263957812053,0.117377910198967,0.0670382315671351,0.0409185249070431,0.311878985677725,0.999854110333847,0.876026743051478,9.64684443548322e-05,0.393734623372265,0.438767028958975,0.273822947263491,0.00019440235718619,0.366844553905031,0.153227315665059,0.0681436025547968,0.499559855764972,0.632481638081839,0.828554888793322,0.104962713025766,13,0.93050012081175,1,0.625
"206704_4",0.00021768103810027,0.822071900111413,0.0210671855046679,0.590263957812053,0.117377910198967,0.0670382315671351,0.0409185249070431,0.311878985677725,0.999854110333847,0.876026743051478,9.64684443548322e-05,0.393734623372265,0.438767028958975,0.273822947263491,0.00019440235718619,0.366844553905031,0.153227315665059,0.0681436025547968,0.499559855764972,0.632481638081839,0.828554888793322,0.104962713025766,13,0.93050012081175,1,0.6875
"206704_5",0.00021768103810027,0.822071900111413,0.0210671855046679,0.590263957812053,0.117377910198967,0.0670382315671351,0.0409185249070431,0.311878985677725,0.999854110333847,0.876026743051478,9.64684443548322e-05,0.393734623372265,0.438767028958975,0.273822947263491,0.00019440235718619,0.366844553905031,0.153227315665059,0.0681436025547968,0.499559855764972,0.632481638081839,0.828554888793322,0.104962713025766,13,0.93050012081175,1,0.75
"206704_6",0.00021768103810027,0.822071900111413,0.0210671855046679,0.590263957812053,0.117377910198967,0.0670382315671351,0.0409185249070431,0.311878985677725,0.999854110333847,0.876026743051478,9.64684443548322e-05,0.393734623372265,0.438767028958975,0.273822947263491,0.00019440235718619,0.366844553905031,0.153227315665059,0.0681436025547968,0.499559855764972,0.632481638081839,0.828554888793322,0.104962713025766,13,0.93050012081175,1,0.8125
"206704_7",0.00021768103810027,0.822071900111413,0.0210671855046679,0.590263957812053,0.117377910198967,0.0670382315671351,0.0409185249070431,0.311878985677725,0.999854110333847,0.876026743051478,9.64684443548322e-05,0.393734623372265,0.438767028958975,0.273822947263491,0.00019440235718619,0.366844553905031,0.153227315665059,0.0681436025547968,0.499559855764972,0.632481638081839,0.828554888793322,0.104962713025766,13,0.93050012081175,1,0.875
"206704_8",0.00021768103810027,0.822071900111413,0.0210671855046679,0.590263957812053,0.117377910198967,0.0670382315671351,0.0409185249070431,0.311878985677725,0.999854110333847,0.876026743051478,9.64684443548322e-05,0.393734623372265,0.438767028958975,0.273822947263491,0.00019440235718619,0.366844553905031,0.153227315665059,0.0681436025547968,0.499559855764972,0.632481638081839,0.828554888793322,0.104962713025766,13,0.93050012081175,1,0.9375
"206704_9",0.00021768103810027,0.822071900111413,0.0210671855046679,0.590263957812053,0.117377910198967,0.0670382315671351,0.0409185249070431,0.311878985677725,0.999854110333847,0.876026743051478,9.64684443548322e-05,0.393734623372265,0.438767028958975,0.273822947263491,0.00019440235718619,0.366844553905031,0.153227315665059,0.0681436025547968,0.499559855764972,0.632481638081839,0.828554888793322,0.104962713025766,13,0.93050012081175,1,1
"207402_1",0.802282222254048,0.434424666490634,0.129694823330372,0.765335456701902,0.0766531929375346,0.00286667415511917,2.35846800701693e-05,0.61237522783659,0.596871287006682,0.710542116911805,0.223347632687099,0.224990274629186,0.203989519938646,0.449660777199873,0.35696422303353,0.0880017418635443,0.200807536488302,0.499992012141552,0.133215482606986,0.614616292434448,0.768158127511947,0.0303049100840877,19,0.573217418793922,1,0.5
"207402_2",0.802282222254048,0.434424666490634,0.129694823330372,0.765335456701902,0.0766531929375346,0.00286667415511917,2.35846800701693e-05,0.61237522783659,0.596871287006682,0.710542116911805,0.223347632687099,0.224990274629186,0.203989519938646,0.449660777199873,0.35696422303353,0.0880017418635443,0.200807536488302,0.499992012141552,0.133215482606986,0.614616292434448,0.768158127511947,0.0303049100840877,19,0.573217418793922,1,0.5625
"207402_3",0.802282222254048,0.434424666490634,0.129694823330372,0.765335456701902,0.0766531929375346,0.00286667415511917,2.35846800701693e-05,0.61237522783659,0.596871287006682,0.710542116911805,0.223347632687099,0.224990274629186,0.203989519938646,0.449660777199873,0.35696422303353,0.0880017418635443,0.200807536488302,0.499992012141552,0.133215482606986,0.614616292434448,0.768158127511947,0.0303049100840877,19,0.573217418793922,1,0.625
"207402_4",0.802282222254048,0.434424666490634,0.129694823330372,0.765335456701902,0.0766531929375346,0.00286667415511917,2.35846800701693e-05,0.61237522783659,0.596871287006682,0.710542116911805,0.223347632687099,0.224990274629186,0.203989519938646,0.449660777199873,0.35696422303353,0.0880017418635443,0.200807536488302,0.499992012141552,0.133215482606986,0.614616292434448,0.768158127511947,0.0303049100840877,19,0.573217418793922,1,0.6875
"207402_5",0.802282222254048,0.434424666490634,0.129694823330372,0.765335456701902,0.0766531929375346,0.00286667415511917,2.35846800701693e-05,0.61237522783659,0.596871287006682,0.710542116911805,0.223347632687099,0.224990274629186,0.203989519938646,0.449660777199873,0.35696422303353,0.0880017418635443,0.200807536488302,0.499992012141552,0.133215482606986,0.614616292434448,0.768158127511947,0.0303049100840877,19,0.573217418793922,1,0.75
"207402_6",0.802282222254048,0.434424666490634,0.129694823330372,0.765335456701902,0.0766531929375346,0.00286667415511917,2.35846800701693e-05,0.61237522783659,0.596871287006682,0.710542116911805,0.223347632687099,0.224990274629186,0.203989519938646,0.449660777199873,0.35696422303353,0.0880017418635443,0.200807536488302,0.499992012141552,0.133215482606986,0.614616292434448,0.768158127511947,0.0303049100840877,19,0.573217418793922,1,0.8125
"207402_7",0.802282222254048,0.434424666490634,0.129694823330372,0.765335456701902,0.0766531929375346,0.00286667415511917,2.35846800701693e-05,0.61237522783659,0.596871287006682,0.710542116911805,0.223347632687099,0.224990274629186,0.203989519938646,0.449660777199873,0.35696422303353,0.0880017418635443,0.200807536488302,0.499992012141552,0.133215482606986,0.614616292434448,0.768158127511947,0.0303049100840877,19,0.573217418793922,1,0.875
"207402_8",0.802282222254048,0.434424666490634,0.129694823330372,0.765335456701902,0.0766531929375346,0.00286667415511917,2.35846800701693e-05,0.61237522783659,0.596871287006682,0.710542116911805,0.223347632687099,0.224990274629186,0.203989519938646,0.449660777199873,0.35696422303353,0.0880017418635443,0.200807536488302,0.499992012141552,0.133215482606986,0.614616292434448,0.768158127511947,0.0303049100840877,19,0.573217418793922,1,0.9375
"207402_9",0.802282222254048,0.434424666490634,0.129694823330372,0.765335456701902,0.0766531929375346,0.00286667415511917,2.35846800701693e-05,0.61237522783659,0.596871287006682,0.710542116911805,0.223347632687099,0.224990274629186,0.203989519938646,0.449660777199873,0.35696422303353,0.0880017418635443,0.200807536488302,0.499992012141552,0.133215482606986,0.614616292434448,0.768158127511947,0.0303049100840877,19,0.573217418793922,1,1
"208099_1",0.789878138927768,0.177939561086735,0.0858395901136274,0.818640844486601,0.0909092409251506,3.77011053683236e-06,2.35846800701693e-05,0.0154277717947521,0.464047128968478,0.985730608854373,9.64684443548322e-05,6.33614411693998e-05,4.64802905591205e-05,0.492332936186009,0.768695970391923,0.245243624798477,0.20105903601484,0.499992012141552,0.292064936410306,0.787381584284674,0.74159067359918,0.130383479084884,21,0.322633365873746,1,0.5
"208099_2",0.789878138927768,0.177939561086735,0.0858395901136274,0.818640844486601,0.0909092409251506,3.77011053683236e-06,2.35846800701693e-05,0.0154277717947521,0.464047128968478,0.985730608854373,9.64684443548322e-05,6.33614411693998e-05,4.64802905591205e-05,0.492332936186009,0.768695970391923,0.245243624798477,0.20105903601484,0.499992012141552,0.292064936410306,0.787381584284674,0.74159067359918,0.130383479084884,21,0.322633365873746,1,0.5625
"208099_3",0.789878138927768,0.177939561086735,0.0858395901136274,0.818640844486601,0.0909092409251506,3.77011053683236e-06,2.35846800701693e-05,0.0154277717947521,0.464047128968478,0.985730608854373,9.64684443548322e-05,6.33614411693998e-05,4.64802905591205e-05,0.492332936186009,0.768695970391923,0.245243624798477,0.20105903601484,0.499992012141552,0.292064936410306,0.787381584284674,0.74159067359918,0.130383479084884,21,0.322633365873746,1,0.625
"208099_4",0.789878138927768,0.177939561086735,0.0858395901136274,0.818640844486601,0.0909092409251506,3.77011053683236e-06,2.35846800701693e-05,0.0154277717947521,0.464047128968478,0.985730608854373,9.64684443548322e-05,6.33614411693998e-05,4.64802905591205e-05,0.492332936186009,0.768695970391923,0.245243624798477,0.20105903601484,0.499992012141552,0.292064936410306,0.787381584284674,0.74159067359918,0.130383479084884,21,0.322633365873746,1,0.6875
"208099_5",0.789878138927768,0.177939561086735,0.0858395901136274,0.818640844486601,0.0909092409251506,3.77011053683236e-06,2.35846800701693e-05,0.0154277717947521,0.464047128968478,0.985730608854373,9.64684443548322e-05,6.33614411693998e-05,4.64802905591205e-05,0.492332936186009,0.768695970391923,0.245243624798477,0.20105903601484,0.499992012141552,0.292064936410306,0.787381584284674,0.74159067359918,0.130383479084884,21,0.322633365873746,1,0.75
"208099_6",0.789878138927768,0.177939561086735,0.0858395901136274,0.818640844486601,0.0909092409251506,3.77011053683236e-06,2.35846800701693e-05,0.0154277717947521,0.464047128968478,0.985730608854373,9.64684443548322e-05,6.33614411693998e-05,4.64802905591205e-05,0.492332936186009,0.768695970391923,0.245243624798477,0.20105903601484,0.499992012141552,0.292064936410306,0.787381584284674,0.74159067359918,0.130383479084884,21,0.322633365873746,1,0.8125
"208099_7",0.789878138927768,0.177939561086735,0.0858395901136274,0.818640844486601,0.0909092409251506,3.77011053683236e-06,2.35846800701693e-05,0.0154277717947521,0.464047128968478,0.985730608854373,9.64684443548322e-05,6.33614411693998e-05,4.64802905591205e-05,0.492332936186009,0.768695970391923,0.245243624798477,0.20105903601484,0.499992012141552,0.292064936410306,0.787381584284674,0.74159067359918,0.130383479084884,21,0.322633365873746,1,0.875
"208099_8",0.789878138927768,0.177939561086735,0.0858395901136274,0.818640844486601,0.0909092409251506,3.77011053683236e-06,2.35846800701693e-05,0.0154277717947521,0.464047128968478,0.985730608854373,9.64684443548322e-05,6.33614411693998e-05,4.64802905591205e-05,0.492332936186009,0.768695970391923,0.245243624798477,0.20105903601484,0.499992012141552,0.292064936410306,0.787381584284674,0.74159067359918,0.130383479084884,21,0.322633365873746,1,0.9375
"208099_9",0.789878138927768,0.177939561086735,0.0858395901136274,0.818640844486601,0.0909092409251506,3.77011053683236e-06,2.35846800701693e-05,0.0154277717947521,0.464047128968478,0.985730608854373,9.64684443548322e-05,6.33614411693998e-05,4.64802905591205e-05,0.492332936186009,0.768695970391923,0.245243624798477,0.20105903601484,0.499992012141552,0.292064936410306,0.787381584284674,0.74159067359918,0.130383479084884,21,0.322633365873746,1,1
"208100_1",0.519203054199144,0.361334351354965,0.0991388736576158,0.654193540787405,0.103877629760029,0.0486254788102627,0.0746780802284722,0.263806265080013,0.599584580882188,0.890760226871562,0.999795092571648,0.0358674976347422,0.107122974645337,0.109720993431396,0.545564503701273,0.376378497030326,0.0686031894150706,0.346039961630974,0.137509062492356,0.861285089777857,0.526297986264024,0.180189106950074,21,0.225969637863036,1,0.5
"208100_2",0.519203054199144,0.361334351354965,0.0991388736576158,0.654193540787405,0.103877629760029,0.0486254788102627,0.0746780802284722,0.263806265080013,0.599584580882188,0.890760226871562,0.999795092571648,0.0358674976347422,0.107122974645337,0.109720993431396,0.545564503701273,0.376378497030326,0.0686031894150706,0.346039961630974,0.137509062492356,0.861285089777857,0.526297986264024,0.180189106950074,21,0.225969637863036,1,0.5625
"208100_3",0.519203054199144,0.361334351354965,0.0991388736576158,0.654193540787405,0.103877629760029,0.0486254788102627,0.0746780802284722,0.263806265080013,0.599584580882188,0.890760226871562,0.999795092571648,0.0358674976347422,0.107122974645337,0.109720993431396,0.545564503701273,0.376378497030326,0.0686031894150706,0.346039961630974,0.137509062492356,0.861285089777857,0.526297986264024,0.180189106950074,21,0.225969637863036,1,0.625
"208100_4",0.519203054199144,0.361334351354965,0.0991388736576158,0.654193540787405,0.103877629760029,0.0486254788102627,0.0746780802284722,0.263806265080013,0.599584580882188,0.890760226871562,0.999795092571648,0.0358674976347422,0.107122974645337,0.109720993431396,0.545564503701273,0.376378497030326,0.0686031894150706,0.346039961630974,0.137509062492356,0.861285089777857,0.526297986264024,0.180189106950074,21,0.225969637863036,1,0.6875
"208100_5",0.519203054199144,0.361334351354965,0.0991388736576158,0.654193540787405,0.103877629760029,0.0486254788102627,0.0746780802284722,0.263806265080013,0.599584580882188,0.890760226871562,0.999795092571648,0.0358674976347422,0.107122974645337,0.109720993431396,0.545564503701273,0.376378497030326,0.0686031894150706,0.346039961630974,0.137509062492356,0.861285089777857,0.526297986264024,0.180189106950074,21,0.225969637863036,1,0.75
"208100_6",0.519203054199144,0.361334351354965,0.0991388736576158,0.654193540787405,0.103877629760029,0.0486254788102627,0.0746780802284722,0.263806265080013,0.599584580882188,0.890760226871562,0.999795092571648,0.0358674976347422,0.107122974645337,0.109720993431396,0.545564503701273,0.376378497030326,0.0686031894150706,0.346039961630974,0.137509062492356,0.861285089777857,0.526297986264024,0.180189106950074,21,0.225969637863036,1,0.8125
"208100_7",0.519203054199144,0.361334351354965,0.0991388736576158,0.654193540787405,0.103877629760029,0.0486254788102627,0.0746780802284722,0.263806265080013,0.599584580882188,0.890760226871562,0.999795092571648,0.0358674976347422,0.107122974645337,0.109720993431396,0.545564503701273,0.376378497030326,0.0686031894150706,0.346039961630974,0.137509062492356,0.861285089777857,0.526297986264024,0.180189106950074,21,0.225969637863036,1,0.875
"208100_8",0.519203054199144,0.361334351354965,0.0991388736576158,0.654193540787405,0.103877629760029,0.0486254788102627,0.0746780802284722,0.263806265080013,0.599584580882188,0.890760226871562,0.999795092571648,0.0358674976347422,0.107122974645337,0.109720993431396,0.545564503701273,0.376378497030326,0.0686031894150706,0.346039961630974,0.137509062492356,0.861285089777857,0.526297986264024,0.180189106950074,21,0.225969637863036,1,0.9375
"208100_9",0.519203054199144,0.361334351354965,0.0991388736576158,0.654193540787405,0.103877629760029,0.0486254788102627,0.0746780802284722,0.263806265080013,0.599584580882188,0.890760226871562,0.999795092571648,0.0358674976347422,0.107122974645337,0.109720993431396,0.545564503701273,0.376378497030326,0.0686031894150706,0.346039961630974,0.137509062492356,0.861285089777857,0.526297986264024,0.180189106950074,21,0.225969637863036,1,1
"208199_1",0.555611572211483,0.25302663810936,0.0670467409965943,0.689021059215133,0.0717088511035812,0.0239978050581231,0.0283204726487989,0.509748133336953,0.170960657382464,0.781843701760833,0.512103777760462,0.215261496364973,0.125309640623475,0.556190615318168,0.489993145391239,0.227030717005182,0.390096403214735,0.320433676345577,0.394795433972625,0.860995176568127,0.774656769672063,0.1092123868807,7,0.275428099693362,1,0.5
"208199_2",0.555611572211483,0.25302663810936,0.0670467409965943,0.689021059215133,0.0717088511035812,0.0239978050581231,0.0283204726487989,0.509748133336953,0.170960657382464,0.781843701760833,0.512103777760462,0.215261496364973,0.125309640623475,0.556190615318168,0.489993145391239,0.227030717005182,0.390096403214735,0.320433676345577,0.394795433972625,0.860995176568127,0.774656769672063,0.1092123868807,7,0.275428099693362,1,0.5625
"208199_3",0.555611572211483,0.25302663810936,0.0670467409965943,0.689021059215133,0.0717088511035812,0.0239978050581231,0.0283204726487989,0.509748133336953,0.170960657382464,0.781843701760833,0.512103777760462,0.215261496364973,0.125309640623475,0.556190615318168,0.489993145391239,0.227030717005182,0.390096403214735,0.320433676345577,0.394795433972625,0.860995176568127,0.774656769672063,0.1092123868807,7,0.275428099693362,1,0.625
"208199_4",0.555611572211483,0.25302663810936,0.0670467409965943,0.689021059215133,0.0717088511035812,0.0239978050581231,0.0283204726487989,0.509748133336953,0.170960657382464,0.781843701760833,0.512103777760462,0.215261496364973,0.125309640623475,0.556190615318168,0.489993145391239,0.227030717005182,0.390096403214735,0.320433676345577,0.394795433972625,0.860995176568127,0.774656769672063,0.1092123868807,7,0.275428099693362,1,0.6875
"208199_5",0.555611572211483,0.25302663810936,0.0670467409965943,0.689021059215133,0.0717088511035812,0.0239978050581231,0.0283204726487989,0.509748133336953,0.170960657382464,0.781843701760833,0.512103777760462,0.215261496364973,0.125309640623475,0.556190615318168,0.489993145391239,0.227030717005182,0.390096403214735,0.320433676345577,0.394795433972625,0.860995176568127,0.774656769672063,0.1092123868807,7,0.275428099693362,1,0.75
"208199_6",0.555611572211483,0.25302663810936,0.0670467409965943,0.689021059215133,0.0717088511035812,0.0239978050581231,0.0283204726487989,0.509748133336953,0.170960657382464,0.781843701760833,0.512103777760462,0.215261496364973,0.125309640623475,0.556190615318168,0.489993145391239,0.227030717005182,0.390096403214735,0.320433676345577,0.394795433972625,0.860995176568127,0.774656769672063,0.1092123868807,7,0.275428099693362,1,0.8125
"208199_7",0.555611572211483,0.25302663810936,0.0670467409965943,0.689021059215133,0.0717088511035812,0.0239978050581231,0.0283204726487989,0.509748133336953,0.170960657382464,0.781843701760833,0.512103777760462,0.215261496364973,0.125309640623475,0.556190615318168,0.489993145391239,0.227030717005182,0.390096403214735,0.320433676345577,0.394795433972625,0.860995176568127,0.774656769672063,0.1092123868807,7,0.275428099693362,1,0.875
"208199_8",0.555611572211483,0.25302663810936,0.0670467409965943,0.689021059215133,0.0717088511035812,0.0239978050581231,0.0283204726487989,0.509748133336953,0.170960657382464,0.781843701760833,0.512103777760462,0.215261496364973,0.125309640623475,0.556190615318168,0.489993145391239,0.227030717005182,0.390096403214735,0.320433676345577,0.394795433972625,0.860995176568127,0.774656769672063,0.1092123868807,7,0.275428099693362,1,0.9375
"208199_9",0.555611572211483,0.25302663810936,0.0670467409965943,0.689021059215133,0.0717088511035812,0.0239978050581231,0.0283204726487989,0.509748133336953,0.170960657382464,0.781843701760833,0.512103777760462,0.215261496364973,0.125309640623475,0.556190615318168,0.489993145391239,0.227030717005182,0.390096403214735,0.320433676345577,0.394795433972625,0.860995176568127,0.774656769672063,0.1092123868807,7,0.275428099693362,1,1
"208299_1",0.999852021087501,0.455979732662768,0.188368334292259,0.875933330577642,0.0959317017437495,3.77011053683236e-06,0.0654096898841608,0.519353867240365,0.276726787029099,0.406557079144999,0.818301863274321,6.33614411693998e-05,4.64802905591205e-05,0.303886251083003,0.806292543443168,0.0116118029324238,0.0297692866678395,0.466673766482319,1.47106448851991e-05,0.905033881247131,0.692538315557213,0.0712682918282517,25,0.0476442901661402,1,0.5
"208299_2",0.999852021087501,0.455979732662768,0.188368334292259,0.875933330577642,0.0959317017437495,3.77011053683236e-06,0.0654096898841608,0.519353867240365,0.276726787029099,0.406557079144999,0.818301863274321,6.33614411693998e-05,4.64802905591205e-05,0.303886251083003,0.806292543443168,0.0116118029324238,0.0297692866678395,0.466673766482319,1.47106448851991e-05,0.905033881247131,0.692538315557213,0.0712682918282517,25,0.0476442901661402,1,0.5625
"208299_3",0.999852021087501,0.455979732662768,0.188368334292259,0.875933330577642,0.0959317017437495,3.77011053683236e-06,0.0654096898841608,0.519353867240365,0.276726787029099,0.406557079144999,0.818301863274321,6.33614411693998e-05,4.64802905591205e-05,0.303886251083003,0.806292543443168,0.0116118029324238,0.0297692866678395,0.466673766482319,1.47106448851991e-05,0.905033881247131,0.692538315557213,0.0712682918282517,25,0.0476442901661402,1,0.625
"208299_4",0.999852021087501,0.455979732662768,0.188368334292259,0.875933330577642,0.0959317017437495,3.77011053683236e-06,0.0654096898841608,0.519353867240365,0.276726787029099,0.406557079144999,0.818301863274321,6.33614411693998e-05,4.64802905591205e-05,0.303886251083003,0.806292543443168,0.0116118029324238,0.0297692866678395,0.466673766482319,1.47106448851991e-05,0.905033881247131,0.692538315557213,0.0712682918282517,25,0.0476442901661402,1,0.6875
"208299_5",0.999852021087501,0.455979732662768,0.188368334292259,0.875933330577642,0.0959317017437495,3.77011053683236e-06,0.0654096898841608,0.519353867240365,0.276726787029099,0.406557079144999,0.818301863274321,6.33614411693998e-05,4.64802905591205e-05,0.303886251083003,0.806292543443168,0.0116118029324238,0.0297692866678395,0.466673766482319,1.47106448851991e-05,0.905033881247131,0.692538315557213,0.0712682918282517,25,0.0476442901661402,1,0.75
"208299_6",0.999852021087501,0.455979732662768,0.188368334292259,0.875933330577642,0.0959317017437495,3.77011053683236e-06,0.0654096898841608,0.519353867240365,0.276726787029099,0.406557079144999,0.818301863274321,6.33614411693998e-05,4.64802905591205e-05,0.303886251083003,0.806292543443168,0.0116118029324238,0.0297692866678395,0.466673766482319,1.47106448851991e-05,0.905033881247131,0.692538315557213,0.0712682918282517,25,0.0476442901661402,1,0.8125
"208299_7",0.999852021087501,0.455979732662768,0.188368334292259,0.875933330577642,0.0959317017437495,3.77011053683236e-06,0.0654096898841608,0.519353867240365,0.276726787029099,0.406557079144999,0.818301863274321,6.33614411693998e-05,4.64802905591205e-05,0.303886251083003,0.806292543443168,0.0116118029324238,0.0297692866678395,0.466673766482319,1.47106448851991e-05,0.905033881247131,0.692538315557213,0.0712682918282517,25,0.0476442901661402,1,0.875
"208299_8",0.999852021087501,0.455979732662768,0.188368334292259,0.875933330577642,0.0959317017437495,3.77011053683236e-06,0.0654096898841608,0.519353867240365,0.276726787029099,0.406557079144999,0.818301863274321,6.33614411693998e-05,4.64802905591205e-05,0.303886251083003,0.806292543443168,0.0116118029324238,0.0297692866678395,0.466673766482319,1.47106448851991e-05,0.905033881247131,0.692538315557213,0.0712682918282517,25,0.0476442901661402,1,0.9375
"208299_9",0.999852021087501,0.455979732662768,0.188368334292259,0.875933330577642,0.0959317017437495,3.77011053683236e-06,0.0654096898841608,0.519353867240365,0.276726787029099,0.406557079144999,0.818301863274321,6.33614411693998e-05,4.64802905591205e-05,0.303886251083003,0.806292543443168,0.0116118029324238,0.0297692866678395,0.466673766482319,1.47106448851991e-05,0.905033881247131,0.692538315557213,0.0712682918282517,25,0.0476442901661402,1,1
"208999_1",0.572539187488443,0.643340646266,0.0295613431486269,0.754938369100803,0.119963741078067,0.0124388372810642,0.0416610165402825,0.532523036585974,0.999854110333847,0.971304608364418,9.64684443548322e-05,6.33614411693998e-05,4.64802905591205e-05,0.566396472442546,0.087735012601969,0.446280812093031,0.220623741088335,0.176660447614012,0.197354283214087,0.778536243467703,0.91004870777416,0.249984006138382,17,0.275485394920249,1,0.5
"208999_2",0.572539187488443,0.643340646266,0.0295613431486269,0.754938369100803,0.119963741078067,0.0124388372810642,0.0416610165402825,0.532523036585974,0.999854110333847,0.971304608364418,9.64684443548322e-05,6.33614411693998e-05,4.64802905591205e-05,0.566396472442546,0.087735012601969,0.446280812093031,0.220623741088335,0.176660447614012,0.197354283214087,0.778536243467703,0.91004870777416,0.249984006138382,17,0.275485394920249,1,0.5625
"208999_3",0.572539187488443,0.643340646266,0.0295613431486269,0.754938369100803,0.119963741078067,0.0124388372810642,0.0416610165402825,0.532523036585974,0.999854110333847,0.971304608364418,9.64684443548322e-05,6.33614411693998e-05,4.64802905591205e-05,0.566396472442546,0.087735012601969,0.446280812093031,0.220623741088335,0.176660447614012,0.197354283214087,0.778536243467703,0.91004870777416,0.249984006138382,17,0.275485394920249,1,0.625
"208999_4",0.572539187488443,0.643340646266,0.0295613431486269,0.754938369100803,0.119963741078067,0.0124388372810642,0.0416610165402825,0.532523036585974,0.999854110333847,0.971304608364418,9.64684443548322e-05,6.33614411693998e-05,4.64802905591205e-05,0.566396472442546,0.087735012601969,0.446280812093031,0.220623741088335,0.176660447614012,0.197354283214087,0.778536243467703,0.91004870777416,0.249984006138382,17,0.275485394920249,1,0.6875
"208999_5",0.572539187488443,0.643340646266,0.0295613431486269,0.754938369100803,0.119963741078067,0.0124388372810642,0.0416610165402825,0.532523036585974,0.999854110333847,0.971304608364418,9.64684443548322e-05,6.33614411693998e-05,4.64802905591205e-05,0.566396472442546,0.087735012601969,0.446280812093031,0.220623741088335,0.176660447614012,0.197354283214087,0.778536243467703,0.91004870777416,0.249984006138382,17,0.275485394920249,1,0.75
"208999_6",0.572539187488443,0.643340646266,0.0295613431486269,0.754938369100803,0.119963741078067,0.0124388372810642,0.0416610165402825,0.532523036585974,0.999854110333847,0.971304608364418,9.64684443548322e-05,6.33614411693998e-05,4.64802905591205e-05,0.566396472442546,0.087735012601969,0.446280812093031,0.220623741088335,0.176660447614012,0.197354283214087,0.778536243467703,0.91004870777416,0.249984006138382,17,0.275485394920249,1,0.8125
"208999_7",0.572539187488443,0.643340646266,0.0295613431486269,0.754938369100803,0.119963741078067,0.0124388372810642,0.0416610165402825,0.532523036585974,0.999854110333847,0.971304608364418,9.64684443548322e-05,6.33614411693998e-05,4.64802905591205e-05,0.566396472442546,0.087735012601969,0.446280812093031,0.220623741088335,0.176660447614012,0.197354283214087,0.778536243467703,0.91004870777416,0.249984006138382,17,0.275485394920249,1,0.875
"208999_8",0.572539187488443,0.643340646266,0.0295613431486269,0.754938369100803,0.119963741078067,0.0124388372810642,0.0416610165402825,0.532523036585974,0.999854110333847,0.971304608364418,9.64684443548322e-05,6.33614411693998e-05,4.64802905591205e-05,0.566396472442546,0.087735012601969,0.446280812093031,0.220623741088335,0.176660447614012,0.197354283214087,0.778536243467703,0.91004870777416,0.249984006138382,17,0.275485394920249,1,0.9375
"208999_9",0.572539187488443,0.643340646266,0.0295613431486269,0.754938369100803,0.119963741078067,0.0124388372810642,0.0416610165402825,0.532523036585974,0.999854110333847,0.971304608364418,9.64684443548322e-05,6.33614411693998e-05,4.64802905591205e-05,0.566396472442546,0.087735012601969,0.446280812093031,0.220623741088335,0.176660447614012,0.197354283214087,0.778536243467703,0.91004870777416,0.249984006138382,17,0.275485394920249,1,1
"209100_1",0.645958922516396,0.533109460446241,0.00751599864531656,0.500063357459616,0.0604412566940883,0.104242674817821,0.0421359321674096,0.53769772588171,0.715623496312333,0.999928297183826,0.911220503388565,0.569915206641751,0.507963686302498,0.138393421715851,0.00019440235718619,0.288590055445582,0.345535223941599,0.387269884305231,0.499559855764972,0.895925034379155,0.624969551395804,0.138013766107581,6,0.999772849337969,1,0.5
"209100_2",0.645958922516396,0.533109460446241,0.00751599864531656,0.500063357459616,0.0604412566940883,0.104242674817821,0.0421359321674096,0.53769772588171,0.715623496312333,0.999928297183826,0.911220503388565,0.569915206641751,0.507963686302498,0.138393421715851,0.00019440235718619,0.288590055445582,0.345535223941599,0.387269884305231,0.499559855764972,0.895925034379155,0.624969551395804,0.138013766107581,6,0.999772849337969,1,0.5625
"209100_3",0.645958922516396,0.533109460446241,0.00751599864531656,0.500063357459616,0.0604412566940883,0.104242674817821,0.0421359321674096,0.53769772588171,0.715623496312333,0.999928297183826,0.911220503388565,0.569915206641751,0.507963686302498,0.138393421715851,0.00019440235718619,0.288590055445582,0.345535223941599,0.387269884305231,0.499559855764972,0.895925034379155,0.624969551395804,0.138013766107581,6,0.999772849337969,1,0.625
"209100_4",0.645958922516396,0.533109460446241,0.00751599864531656,0.500063357459616,0.0604412566940883,0.104242674817821,0.0421359321674096,0.53769772588171,0.715623496312333,0.999928297183826,0.911220503388565,0.569915206641751,0.507963686302498,0.138393421715851,0.00019440235718619,0.288590055445582,0.345535223941599,0.387269884305231,0.499559855764972,0.895925034379155,0.624969551395804,0.138013766107581,6,0.999772849337969,1,0.6875
"209100_5",0.645958922516396,0.533109460446241,0.00751599864531656,0.500063357459616,0.0604412566940883,0.104242674817821,0.0421359321674096,0.53769772588171,0.715623496312333,0.999928297183826,0.911220503388565,0.569915206641751,0.507963686302498,0.138393421715851,0.00019440235718619,0.288590055445582,0.345535223941599,0.387269884305231,0.499559855764972,0.895925034379155,0.624969551395804,0.138013766107581,6,0.999772849337969,1,0.75
"209100_6",0.645958922516396,0.533109460446241,0.00751599864531656,0.500063357459616,0.0604412566940883,0.104242674817821,0.0421359321674096,0.53769772588171,0.715623496312333,0.999928297183826,0.911220503388565,0.569915206641751,0.507963686302498,0.138393421715851,0.00019440235718619,0.288590055445582,0.345535223941599,0.387269884305231,0.499559855764972,0.895925034379155,0.624969551395804,0.138013766107581,6,0.999772849337969,1,0.8125
"209100_7",0.645958922516396,0.533109460446241,0.00751599864531656,0.500063357459616,0.0604412566940883,0.104242674817821,0.0421359321674096,0.53769772588171,0.715623496312333,0.999928297183826,0.911220503388565,0.569915206641751,0.507963686302498,0.138393421715851,0.00019440235718619,0.288590055445582,0.345535223941599,0.387269884305231,0.499559855764972,0.895925034379155,0.624969551395804,0.138013766107581,6,0.999772849337969,1,0.875
"209100_8",0.645958922516396,0.533109460446241,0.00751599864531656,0.500063357459616,0.0604412566940883,0.104242674817821,0.0421359321674096,0.53769772588171,0.715623496312333,0.999928297183826,0.911220503388565,0.569915206641751,0.507963686302498,0.138393421715851,0.00019440235718619,0.288590055445582,0.345535223941599,0.387269884305231,0.499559855764972,0.895925034379155,0.624969551395804,0.138013766107581,6,0.999772849337969,1,0.9375
"209100_9",0.645958922516396,0.533109460446241,0.00751599864531656,0.500063357459616,0.0604412566940883,0.104242674817821,0.0421359321674096,0.53769772588171,0.715623496312333,0.999928297183826,0.911220503388565,0.569915206641751,0.507963686302498,0.138393421715851,0.00019440235718619,0.288590055445582,0.345535223941599,0.387269884305231,0.499559855764972,0.895925034379155,0.624969551395804,0.138013766107581,6,0.999772849337969,1,1
"209300_1",0.709589506302389,0.362943316684586,0.0486034350750177,0.706770335704802,0.0630213787170633,3.77011053683236e-06,2.35846800701693e-05,0.394077470486419,0.182216366433936,0.715677394240323,0.108251508956124,0.297877288166252,0.113193429539779,0.232629180355531,0.667392768162672,0.269858347886689,0.441122698876684,0.499992012141552,0.436380645449331,0.834110349215834,0.824052911074842,0.0730586986983877,16,0.270251305314495,1,0.5
"209300_2",0.709589506302389,0.362943316684586,0.0486034350750177,0.706770335704802,0.0630213787170633,3.77011053683236e-06,2.35846800701693e-05,0.394077470486419,0.182216366433936,0.715677394240323,0.108251508956124,0.297877288166252,0.113193429539779,0.232629180355531,0.667392768162672,0.269858347886689,0.441122698876684,0.499992012141552,0.436380645449331,0.834110349215834,0.824052911074842,0.0730586986983877,16,0.270251305314495,1,0.5625
"209300_3",0.709589506302389,0.362943316684586,0.0486034350750177,0.706770335704802,0.0630213787170633,3.77011053683236e-06,2.35846800701693e-05,0.394077470486419,0.182216366433936,0.715677394240323,0.108251508956124,0.297877288166252,0.113193429539779,0.232629180355531,0.667392768162672,0.269858347886689,0.441122698876684,0.499992012141552,0.436380645449331,0.834110349215834,0.824052911074842,0.0730586986983877,16,0.270251305314495,1,0.625
"209300_4",0.709589506302389,0.362943316684586,0.0486034350750177,0.706770335704802,0.0630213787170633,3.77011053683236e-06,2.35846800701693e-05,0.394077470486419,0.182216366433936,0.715677394240323,0.108251508956124,0.297877288166252,0.113193429539779,0.232629180355531,0.667392768162672,0.269858347886689,0.441122698876684,0.499992012141552,0.436380645449331,0.834110349215834,0.824052911074842,0.0730586986983877,16,0.270251305314495,1,0.6875
"209300_5",0.709589506302389,0.362943316684586,0.0486034350750177,0.706770335704802,0.0630213787170633,3.77011053683236e-06,2.35846800701693e-05,0.394077470486419,0.182216366433936,0.715677394240323,0.108251508956124,0.297877288166252,0.113193429539779,0.232629180355531,0.667392768162672,0.269858347886689,0.441122698876684,0.499992012141552,0.436380645449331,0.834110349215834,0.824052911074842,0.0730586986983877,16,0.270251305314495,1,0.75
"209300_6",0.709589506302389,0.362943316684586,0.0486034350750177,0.706770335704802,0.0630213787170633,3.77011053683236e-06,2.35846800701693e-05,0.394077470486419,0.182216366433936,0.715677394240323,0.108251508956124,0.297877288166252,0.113193429539779,0.232629180355531,0.667392768162672,0.269858347886689,0.441122698876684,0.499992012141552,0.436380645449331,0.834110349215834,0.824052911074842,0.0730586986983877,16,0.270251305314495,1,0.8125
"209300_7",0.709589506302389,0.362943316684586,0.0486034350750177,0.706770335704802,0.0630213787170633,3.77011053683236e-06,2.35846800701693e-05,0.394077470486419,0.182216366433936,0.715677394240323,0.108251508956124,0.297877288166252,0.113193429539779,0.232629180355531,0.667392768162672,0.269858347886689,0.441122698876684,0.499992012141552,0.436380645449331,0.834110349215834,0.824052911074842,0.0730586986983877,16,0.270251305314495,1,0.875
"209300_8",0.709589506302389,0.362943316684586,0.0486034350750177,0.706770335704802,0.0630213787170633,3.77011053683236e-06,2.35846800701693e-05,0.394077470486419,0.182216366433936,0.715677394240323,0.108251508956124,0.297877288166252,0.113193429539779,0.232629180355531,0.667392768162672,0.269858347886689,0.441122698876684,0.499992012141552,0.436380645449331,0.834110349215834,0.824052911074842,0.0730586986983877,16,0.270251305314495,1,0.9375
"209300_9",0.709589506302389,0.362943316684586,0.0486034350750177,0.706770335704802,0.0630213787170633,3.77011053683236e-06,2.35846800701693e-05,0.394077470486419,0.182216366433936,0.715677394240323,0.108251508956124,0.297877288166252,0.113193429539779,0.232629180355531,0.667392768162672,0.269858347886689,0.441122698876684,0.499992012141552,0.436380645449331,0.834110349215834,0.824052911074842,0.0730586986983877,16,0.270251305314495,1,1
"209599_1",0.618211408165736,0.705725679713189,0.114704730218051,0.706738024271719,0.0860351848477773,0.0344952333135839,0.0795109548991752,0.646631721002921,0.52053198238788,0.562334632101052,0.545572961435881,0.298838287479437,0.183689274231974,0.334078644832429,0.475134442122016,0.00652625078173344,0.143998028212804,0.210318256578884,0.100770417913299,0.892451045432235,0.862199339019037,0.0660424916304643,11,0.494786491925979,1,0.5
"209599_2",0.618211408165736,0.705725679713189,0.114704730218051,0.706738024271719,0.0860351848477773,0.0344952333135839,0.0795109548991752,0.646631721002921,0.52053198238788,0.562334632101052,0.545572961435881,0.298838287479437,0.183689274231974,0.334078644832429,0.475134442122016,0.00652625078173344,0.143998028212804,0.210318256578884,0.100770417913299,0.892451045432235,0.862199339019037,0.0660424916304643,11,0.494786491925979,1,0.5625
"209599_3",0.618211408165736,0.705725679713189,0.114704730218051,0.706738024271719,0.0860351848477773,0.0344952333135839,0.0795109548991752,0.646631721002921,0.52053198238788,0.562334632101052,0.545572961435881,0.298838287479437,0.183689274231974,0.334078644832429,0.475134442122016,0.00652625078173344,0.143998028212804,0.210318256578884,0.100770417913299,0.892451045432235,0.862199339019037,0.0660424916304643,11,0.494786491925979,1,0.625
"209599_4",0.618211408165736,0.705725679713189,0.114704730218051,0.706738024271719,0.0860351848477773,0.0344952333135839,0.0795109548991752,0.646631721002921,0.52053198238788,0.562334632101052,0.545572961435881,0.298838287479437,0.183689274231974,0.334078644832429,0.475134442122016,0.00652625078173344,0.143998028212804,0.210318256578884,0.100770417913299,0.892451045432235,0.862199339019037,0.0660424916304643,11,0.494786491925979,1,0.6875
"209599_5",0.618211408165736,0.705725679713189,0.114704730218051,0.706738024271719,0.0860351848477773,0.0344952333135839,0.0795109548991752,0.646631721002921,0.52053198238788,0.562334632101052,0.545572961435881,0.298838287479437,0.183689274231974,0.334078644832429,0.475134442122016,0.00652625078173344,0.143998028212804,0.210318256578884,0.100770417913299,0.892451045432235,0.862199339019037,0.0660424916304643,11,0.494786491925979,1,0.75
"209599_6",0.618211408165736,0.705725679713189,0.114704730218051,0.706738024271719,0.0860351848477773,0.0344952333135839,0.0795109548991752,0.646631721002921,0.52053198238788,0.562334632101052,0.545572961435881,0.298838287479437,0.183689274231974,0.334078644832429,0.475134442122016,0.00652625078173344,0.143998028212804,0.210318256578884,0.100770417913299,0.892451045432235,0.862199339019037,0.0660424916304643,11,0.494786491925979,1,0.8125
"209599_7",0.618211408165736,0.705725679713189,0.114704730218051,0.706738024271719,0.0860351848477773,0.0344952333135839,0.0795109548991752,0.646631721002921,0.52053198238788,0.562334632101052,0.545572961435881,0.298838287479437,0.183689274231974,0.334078644832429,0.475134442122016,0.00652625078173344,0.143998028212804,0.210318256578884,0.100770417913299,0.892451045432235,0.862199339019037,0.0660424916304643,11,0.494786491925979,1,0.875
"209599_8",0.618211408165736,0.705725679713189,0.114704730218051,0.706738024271719,0.0860351848477773,0.0344952333135839,0.0795109548991752,0.646631721002921,0.52053198238788,0.562334632101052,0.545572961435881,0.298838287479437,0.183689274231974,0.334078644832429,0.475134442122016,0.00652625078173344,0.143998028212804,0.210318256578884,0.100770417913299,0.892451045432235,0.862199339019037,0.0660424916304643,11,0.494786491925979,1,0.9375
"209599_9",0.618211408165736,0.705725679713189,0.114704730218051,0.706738024271719,0.0860351848477773,0.0344952333135839,0.0795109548991752,0.646631721002921,0.52053198238788,0.562334632101052,0.545572961435881,0.298838287479437,0.183689274231974,0.334078644832429,0.475134442122016,0.00652625078173344,0.143998028212804,0.210318256578884,0.100770417913299,0.892451045432235,0.862199339019037,0.0660424916304643,11,0.494786491925979,1,1
