"param_set_id","th_ROS_microbe","th_ROS_epith_recover","epith_recovery_chance","rat_com_pat_threshold","diffusion_speed_DAMPs","diffusion_speed_SAMPs","diffusion_speed_ROS","add_ROS","add_DAMPs","add_SAMPs","ros_decay","DAMPs_decay","SAMPs_decay","activation_threshold_DAMPs","activation_threshold_SAMPs","activity_engulf_M0_baseline","activity_engulf_M1_baseline","activity_engulf_M2_baseline","activity_ROS_M1_baseline","rate_leak_commensal_injury","rate_leak_pathogen_injury","rate_leak_commensal_baseline","active_age_limit","treg_discrimination_efficiency"
0,0.6471078048959,0.826915436760656,0.120282074793177,0.500063357459616,0.115817766266396,0.0959814520477387,0.087754917267777,0.39293446439096,0.0873547607562712,0.575124535717005,0.829407318599661,0.610700837124557,0.075376919868245,0.156131638896746,0.999991596603808,0.123992748166995,0.322690294596323,0.169740637445188,0.445112614322184,0.999953931943418,0.806904959830523,0.037625640113225,10,0.763767701827488
1,0.570818208690757,0.580508532336488,0.443124054126258,0.830347025911861,0.0616816039702813,0.0237033973709239,0.0490843118466383,0.586824636409321,0.580387067623556,0.351590686572197,0.324855591269315,0.198798714700178,0.337719263690244,0.385230320806387,0.206837353611691,0.105241395047772,0.345911586742669,0.265012832295283,0.119455863322889,0.702146743492388,0.659914667319064,0.124126614359717,19,0.247442712031993
2,0.515808596423631,0.0396878882735691,0.726806037008472,0.829336227019442,0.0182637927904906,0.0417323320980907,0.0635308935146355,0.139858237450493,0.281474954535112,0.90383517741557,0.00020573198659345,0.0378191630786688,0.218822556128771,0.311999901710858,0.635587121862009,0.249692550176493,0.18470670304439,0.364046379314899,0.292950933392837,0.753980977356197,0.673718174003615,0.124724890720373,11,0.999297207634302
3,0.909446196948255,0.192115483905555,0.349608677342872,0.686916776653695,0.00532748594570241,0.0262043138186372,0.0134321114497798,0.833296334978563,0.999854110333847,0.929160521279409,0.17966659928284,0.250914249939055,4.64802905591205e-05,0.319179009548379,0.999991596603808,0.342011453715002,0.214143776370194,0.313465390659472,0.481528370402738,0.729184806342135,0.999975606664492,0.228561070568112,11,0.631049148105703
4,0.893892467048661,0.586655054111782,0.136645881890054,0.698654982030894,0.092128865906907,0.0408385694814336,0.0843183885410103,9.12367616361007e-05,1.96226454502903e-05,0.850368820303108,0.597441223170324,0.0001280288233119,4.64802905591205e-05,0.45671760624674,0.765657713027761,0.118013340187796,0.499858107997852,0.141089372637803,0.0688507277048168,0.867462313997395,0.877819990805984,0.174257024010446,3,0.472895319770544
5,0.236222889701461,0.409026982601398,0.893998582311231,0.997024699693877,0.0116345608268821,0.0225505689007651,2.35846800701693e-05,0.999640291173093,0.999854110333847,0.452058644626009,0.00020573198659345,0.652974597200186,0.286134085795815,7.76303646992892e-05,0.00019440235718619,0.103691979355668,0.229687481722702,0.461351470716319,0.395838510364243,0.500013466963832,0.799465458264637,0.101839246798749,30,0.381008859059641
6,0.719507700090577,0.548650968897736,0.108235713445586,0.661488704494834,0.0907789583746044,0.0839768028380645,0.119995094177388,0.605838499691593,0.536182772388663,0.73798065604291,0.234492040158276,0.0658370108550698,0.303726275108179,0.499873804284243,0.57616873117713,0.00030305628819158,0.280630493030295,0.362282308430837,0.223118012194275,0.822954129811737,0.622261553703976,0.0222934369392969,18,0.27030670090735
7,0.38738197960355,0.265202607550212,8.27004485181533e-05,0.75727146410951,0.051608638542811,0.0889890690706733,0.0407749389850694,0.401473261889653,0.6849029758393,0.592957196859634,0.490041620541485,0.321708190108509,0.0303781401334921,0.349789745719969,0.55637389051522,0.0755864913233927,0.0642888798387064,0.00023429425927461,0.287139606702901,0.762893670064927,0.757474308647251,0.13416078075146,24,0.617286184800235
8,0.00250398551101816,0.198752260206055,8.27004485181533e-05,0.865139048183745,0.0851998372222925,0.0296706054030326,0.112795121792339,9.12367616361007e-05,0.501214373033683,0.304403732483451,0.599218137028429,0.476104876189076,0.146169948840948,0.0333615159430735,0.449564035594587,0.00030305628819158,0.396017205975438,0.279447176789172,0.15661869384334,0.650800119099218,0.579010232004782,0.143463468002776,25,0.135655769512959
9,0.770737641650312,0.283970040681609,0.696288064991669,0.59139701541936,0.00347934522979852,0.043772798571557,0.0394699037356708,0.742286786218555,0.999854110333847,0.839739905152268,0.0706395298778216,0.281052217327102,0.626425797143623,0.166521761862691,0.256086236559425,0.296408169034475,0.269761166274144,0.237384178548808,0.499559855764972,0.831205637430673,0.62572247789808,0.157121535796889,10,0.802097278117749
10,0.609404985059392,0.6363987478079,0.745237153179842,0.999996276009004,0.0645990732176544,0.0784545128524227,0.000307247060847282,0.800405662710582,0.999854110333847,0.449457389512573,0.461337207443608,0.335664822265069,4.64802905591205e-05,0.296901924732216,0.501373554252982,0.243835198479152,3.55416661011986e-06,0.450688766044787,0.403233507229712,0.546406057326046,0.703629497745908,0.0893834203514195,16,0.630059505655334
11,0.500166696717073,0.198803343925761,0.680847066459878,0.818058015104166,0.0296373843049385,0.0386706409795939,0.0268205065481952,0.509266170474219,0.867034522357997,0.74286001121491,0.00020573198659345,0.0435528437421757,0.0898210520201005,0.402821270259528,0.00019440235718619,0.208701496387812,0.225431512499863,0.20284072960704,0.418144547962086,0.753746675918196,0.740510207295802,0.0945916282285123,14,0.999297207634302
12,0.884959312469391,0.534562939522641,0.25524780585643,0.733384775072784,0.0849833187067222,0.0392646740889488,0.0359178012246027,0.421852965981496,0.282958473962806,0.356717069088839,0.418796799656701,0.0001280288233119,4.64802905591205e-05,0.435346459009619,0.408831582891546,0.277615040027964,0.352498056435562,0.499992012141552,0.271415522454006,0.838273979771139,0.826804619782393,0.110435383573342,5,0.170060790266953
13,0.571482820103442,0.583490662750028,8.27004485181533e-05,0.500063357459616,0.0571974875694978,0.0390493927093874,0.0600946384462493,0.622264347393133,0.0107148911693083,0.0370807354770143,0.730520804318432,0.0001280288233119,0.342843088043502,0.1484535801913,0.00019440235718619,0.270227774622947,0.259407913307755,0.266133026912827,0.0765474616144765,0.762563565107247,0.523242493428474,0.202243744739158,10,0.242615962154335
14,0.212065037473622,7.64295788737945e-05,0.318813757718299,0.911046808665802,0.0517232019020417,0.0359479432991594,0.0246459265899087,0.730041542270495,0.707300996721523,0.438221997541232,0.208148668872864,0.267826329465174,0.336137218663153,0.386411239198171,0.494747333634935,0.322838681830663,0.390816256225927,0.250612613388135,0.294271570246251,0.796479009503203,0.887753516816201,0.187838719384088,22,0.238406878239271
15,0.197023812626139,0.317903775796305,0.254653344963536,0.551802721855656,0.0477960766931101,0.0195268110062739,0.0219686337136326,0.689215148781503,0.717385296372746,0.620157345982612,0.47261592261648,0.764149753226566,0.456779541924029,7.76303646992892e-05,0.441789117697119,0.171612799339943,0.256690324495939,0.160400729636967,0.437584898424329,0.885889068612325,0.647175075950985,0.110902459392219,21,0.420459871190784
16,0.767187922354663,0.498124933513528,0.465434618300589,0.729047551095024,0.0623833622737591,0.0666876439147098,0.0593317792142994,0.719929416204204,0.767793572231045,0.683206856804465,0.147402216544363,0.281283644568289,4.64802905591205e-05,0.0999077896793614,0.614041842268809,0.299022682550016,0.126644936716662,0.403282729828907,0.253313619085606,0.875304306209645,0.979757186200564,0.11717633747948,13,0.489514524127209
17,0.341665770566811,0.644169462075663,0.377709989750096,0.804026554196473,0.0981817808098802,0.119095306298666,0.10723831610978,0.642646216071552,0.440429759604835,0.901093769987517,0.304190152022818,0.0001280288233119,4.64802905591205e-05,0.708076496195361,0.771226252888489,0.00030305628819158,0.3865304416919,0.14466391305375,0.0479137283110522,0.590276187933209,0.852821363738202,0.134852818775329,3,0.222019171124372
18,0.568087900896813,0.707257990264997,0.533543264507777,0.708112063177237,0.0663402201046776,0.00561737855692325,0.0372812114913662,0.277153665159097,0.273211740372458,0.96171340118763,0.157205622381398,0.322378678125917,0.285755076466133,0.393375855286869,0.513332857464503,0.190692079542644,0.446987649236622,0.263586389801066,0.322172521809671,0.848730399438744,0.838240026980884,0.0224603945982783,19,0.326377295017453
19,0.673582796288109,0.0408233974170552,0.491845796088135,0.812104168401211,0.0706059817826729,0.119998732919027,0.0219436863770001,0.795883826865226,0.999854110333847,0.999928297183826,0.211628315019557,0.579891256050647,4.64802905591205e-05,0.328134124483846,0.603622916847781,0.117489833919016,0.345459676880508,0.0576795508140322,0.423976791920566,0.653088367611595,0.999975606664492,0.118563666238627,17,0.953087349779182
20,0.573586313193862,0.425885558485593,0.444434366363791,0.799643854788825,0.0286311575705146,0.119998732919027,0.0284874338438152,0.999640291173093,0.999854110333847,0.958757719837899,0.00020573198659345,0.584379947109317,0.334274158324442,0.34283873154179,0.0845671752440307,0.0182963153869322,0.196950155865795,0.307791571295983,0.207714879126914,0.525992617493941,0.935513910437565,0.104288802034202,30,0.928042042810006
21,0.550360775503928,0.542578915896551,0.40830752008149,0.999996276009004,0.0932125697227003,0.0381904658656924,0.119995094177388,0.999640291173093,0.883890699690581,0.956256346086277,0.00020573198659345,0.10150154142173,0.16782359614658,0.173478384004021,0.559875134883891,0.00030305628819158,0.499858107997852,0.190290985894815,1.47106448851991e-05,0.500215687797354,0.671542455863874,6.79376821854385e-05,25,6.59723176294938e-05
22,0.606076338331074,0.576210728193437,0.418318435479136,0.689481578310135,0.0462910600128479,0.019495730796493,0.033788541144525,0.395953314910667,0.479520545217433,0.788932674980624,0.369264066044783,0.0837604866693438,4.64802905591205e-05,0.271370087767068,0.517378380826775,0.346503666003479,0.259611430086767,0.337169453007142,1.47106448851991e-05,0.914602210186418,0.715640948028132,0.0710626409742023,4,0.622241527432232
23,0.0770527844433572,0.156553169475392,0.11379814358304,0.744311787456312,0.053532475108616,0.0866103695281532,0.0913266937880798,0.209329264730222,0.660405641660345,0.633469044462255,0.278742660557053,0.48844873375387,0.191597319035753,0.0214818622124544,0.248381679970663,0.210291616542333,0.276760238362571,0.132943286144275,0.260316351042944,0.649280307917618,0.681286813820044,0.159676489615357,21,0.583713190827068
24,0.61153796089891,0.480308330166594,8.27004485181533e-05,0.940506809020145,0.0805316835100832,0.0457714433436634,0.0146778125283135,0.291501819411979,0.605717005659713,0.50140988746272,0.401800238058697,0.350672976455551,0.231301623153336,0.42284602876738,0.381880484829049,0.0590356608437218,0.213493194499676,0.223446622815257,0.351085287045001,0.528968253146329,0.549623678229094,0.0647528681499044,18,0.467483046656261
25,0.103289816363224,0.463133141757257,0.52233853497447,0.687819659352846,0.0559286807644619,0.070135084708927,0.051833070874068,0.850875187167112,0.650699171938512,0.243259128042439,0.062298017301844,0.292432265975097,0.204433110329542,0.202298045807118,0.393379751407908,0.33974225642037,0.48284733197124,0.135583553177602,0.220356508857125,0.500013466963832,0.835847132413326,0.0924526385138564,21,0.318284653023074
26,0.767327985835705,0.752769246473403,0.609293390428929,0.516153321185858,0.0315011013489387,0.0651311962839707,0.0596956780685285,0.872086876948854,0.762333279192148,0.68196823910953,0.00020573198659345,0.297174154095231,0.157371006966064,0.12609143910122,0.630976873805854,0.188013822363807,0.238997229149373,0.238850655656745,0.292164816621614,0.91780950217874,0.871645920934204,0.126793097709981,26,0.402613031668883
27,0.00021768103810027,0.171942796123986,8.27004485181533e-05,0.767104137615576,0.0385417357945684,0.0537746239530896,2.35846800701693e-05,0.226008823228897,0.999854110333847,0.359168003597796,0.468474212311235,0.688692397487678,0.362691164948839,0.0242298886694221,0.158591842959144,0.439196922831474,3.55416661011986e-06,0.370493195638169,0.28248488079459,0.614607679460234,0.673324639928144,0.186750144423641,27,0.698213129221435
28,0.554528963231241,0.50609227216231,8.27004485181533e-05,0.500063357459616,0.078000900384754,0.0856338176717462,0.0780145619264175,0.257288877869465,0.376292649798285,0.860435141609349,0.648376570297066,0.348708913322132,0.0170845683414967,0.630567147847075,0.706729657941248,0.181569884560311,0.259246437028332,0.168625911044779,0.248163639917603,0.868559238096244,0.874821891259845,0.120505380408952,12,0.961274905984285
29,0.705183611262803,0.494736570428927,0.543637320726312,0.605391706768556,0.0653010422839049,0.0577286957018601,0.0477375649400571,0.49324810966473,0.999854110333847,0.536120248871719,0.340682273235192,0.287513959107466,0.190679593830265,0.250178204146617,0.578208350759564,0.218065214941796,0.499858107997852,0.0134828443813446,0.258030727496084,0.876454208737279,0.907478299871199,6.79376821854385e-05,16,0.40015132742576
30,0.572741495233549,0.720045908284348,0.461930636213872,0.872862826593667,0.119957540288265,0.035908665079821,0.0782995692143109,0.856787877677671,0.240790747475179,0.333834830710961,0.304094734830222,0.0001280288233119,0.073014013911276,0.413173985418476,0.0321381242108478,0.0778576404197231,0.46290052482787,0.230023966963931,0.101948868972382,0.683369721982688,0.643437635170005,6.79376821854385e-05,16,0.22647930115902
31,0.0920650805947165,0.377948594865043,0.112129205714858,0.697386713198638,0.0863716285515455,0.115528204663518,0.0949506723600411,0.631475456889879,0.794814095500294,0.688496510576941,0.306305634527203,0.558338151949179,0.215704910813418,0.352886717399846,0.345560258086497,0.103191875556181,0.376328698371156,0.166479783608804,0.211484556120807,0.587812573405728,0.89624887971958,0.151799507824276,23,0.42336284888939
32,0.403315841305887,0.448731258900381,0.188995820308718,0.741758953889158,0.0548261492122335,0.0376939835231719,2.35846800701693e-05,0.448624109239023,0.143808517293005,0.488425186187665,0.274973894925839,0.482507161950048,0.218853915985583,0.156803043800737,0.00019440235718619,0.16157448381426,0.35417000834174,0.38506869296845,0.344119302078817,0.670784873524804,0.745841988051341,0.184758776502527,22,0.513183875298292
33,0.587787033046827,0.586687614383311,8.27004485181533e-05,0.500063357459616,0.0692778638520746,0.0932484839307521,0.095753865882392,0.430044624757537,1.96226454502903e-05,0.161270564695416,0.429464125856342,0.0398850247451046,0.262871603100619,0.300702361903136,0.155745363884414,0.148296291419442,0.486138632054211,0.0951067149612446,1.47106448851991e-05,0.840364322633926,0.788349666007957,0.0736422055224868,23,0.325788496025176
34,0.26969822850515,0.433719681590106,8.27004485181533e-05,0.71083909745354,0.119957540288265,0.108683711861973,0.119995094177388,9.12367616361007e-05,0.300790039395131,0.470820230852731,0.695733925125044,0.142249660267431,4.64802905591205e-05,0.0751884790485498,0.947451905191577,0.300501803158248,0.499858107997852,0.208435060812324,1.47106448851991e-05,0.814853773434592,0.731831130143781,0.0479186710563337,3,0.126985016542419
35,0.672776705652713,0.587575546079311,0.412508793149157,0.674289343670727,0.0462328808841904,0.0865150182757456,0.0246771902835246,0.144085223059097,0.890587446707505,0.455388803238877,0.0149868868410661,0.147233198645783,0.253785190248172,7.76303646992892e-05,0.00019440235718619,0.399327084377974,0.262450666127177,0.355762345550865,0.340113245021613,0.698063104090148,0.589185914631009,0.115081681666281,22,0.545705263746251
36,0.698649587545514,0.449496221495204,0.414671241872751,0.841457873893215,0.0416966545632695,3.77011053683236e-06,2.35846800701693e-05,0.191645215072994,0.285633074978583,0.999928297183826,0.466162327231305,0.54116978846011,0.280201091517142,0.253143046787444,0.733975407247187,0.0577954300405267,0.319588267198712,0.318454354885756,0.309392395034781,0.924135616146997,0.500132491014102,0.0471366882958821,5,0.593750867993686
37,0.249945157552284,0.655467731806572,0.800126802705464,0.886456004245093,0.100776566757192,0.0136319775158486,0.0560086822373332,0.699975863748472,0.221501489906068,0.345931660677253,0.390797277441638,0.281934111886725,0.318681938129824,0.0903373980651044,0.477515163325625,0.00030305628819158,0.260765083827392,0.170692229456069,0.215907001807828,0.576660439527469,0.615883631081047,0.0777890676882502,25,0.315449293216129
38,0.0290881240738478,0.465171200331028,0.0638935965075534,0.811259949075591,0.0524986535929094,0.00202005475623477,0.097081016314068,0.168592515574084,0.333670641281556,0.700625886368346,0.512624029840469,0.442458976108975,0.218102858715433,0.506040329899212,0.267179792430898,0.00030305628819158,0.15794010797828,0.274044350905222,0.406745166221393,0.778359520147272,0.727104247030827,0.221390276541464,3,0.434193665457871
39,0.857346650108137,7.64295788737945e-05,0.711592999595241,0.80748783370405,0.0642035941728664,0.0577711599618124,0.00751375067088513,0.76548937419381,0.934391135297193,0.632655451279459,0.00020573198659345,0.0001280288233119,4.64802905591205e-05,0.428251375573167,0.435363533353368,0.347603167817521,0.298274313625801,0.452064475711396,0.41115843950288,0.697385609094155,0.898931305004627,0.128600961362826,29,0.999297207634302
40,0.537016246609462,0.525269871180693,0.207875185829651,0.793050989626779,0.0941860842812753,0.0181090511062667,0.0924078204000821,0.96832214241713,0.547010844194476,0.586877808589096,0.00020573198659345,0.0001280288233119,0.107338514812026,0.331514667169467,0.526216427749265,0.105066905560651,0.179518944069087,0.352190030561403,1.47106448851991e-05,0.963839153903994,0.708985251577196,0.0406272721539609,6,0.363629836527317
41,0.42156870946956,0.224448927695998,0.629803688278523,0.665783511069851,0.015924911111095,0.0334803006091601,2.35846800701693e-05,0.999640291173093,0.836082505161339,0.69174121066567,0.22378536618903,0.552967403585081,0.294932172827078,7.76303646992892e-05,0.00019440235718619,0.27892129712047,0.138480700800719,0.312806643250722,0.499559855764972,0.816193465835688,0.727299274013813,0.182563209801818,11,0.529775395672231
42,0.298754675398654,0.328124056567404,0.504606549161159,0.767014873575493,0.0877734579620333,0.0470256368126114,0.0768711283617196,0.361671378498254,0.820578643230726,0.526200508788131,0.0564716122363972,0.201565680443033,0.195992150529752,0.450193283428783,0.510146676973379,0.137379837712776,0.47533453450125,0.282402436042039,0.323852927079433,0.990561872744864,0.703327559948187,0.157518365861896,4,0.424043962457386
43,0.81435235804267,0.205355869842958,0.306087678714983,0.611337757873709,0.0515325178842075,0.00800179099902723,0.0369338663778476,0.610042679725589,0.713553573729512,0.846949491546774,0.659024959255947,0.219649506813176,0.225425003928659,0.269735730353557,0.548137249577998,0.393591174883952,0.303011163979585,0.242893441347545,0.419319852871312,0.923225156169817,0.650885500550997,0.18764289976367,17,0.42630706515146
44,0.874739480017459,0.233076823257914,8.27004485181533e-05,0.673631809014109,0.115242989741422,0.0789164542809093,0.0903669307870619,0.0474212697028878,0.246174079899956,0.291213132852085,0.681145849850634,0.100245289289068,4.64802905591205e-05,0.233787385568714,0.417709957921312,0.207416572524786,0.41926880389276,0.378529820253897,0.194666227281947,0.999953931943418,0.660388351070357,0.162386541263112,13,0.622809923103583
45,0.0130505156044393,0.124427666171807,0.256439465328001,0.999996276009004,0.0772250316875939,3.77011053683236e-06,0.052253357220138,0.950786473373585,0.544886675027097,0.422740508056759,0.24048684201246,0.57526529488991,0.237381623107906,0.120706548322602,0.00019440235718619,0.00030305628819158,0.269123539286525,0.0967678868861702,0.184369533548815,0.700859529691078,0.629394014912291,0.0829695824164394,30,0.578696127599401
46,0.493136105790008,0.42712185321211,0.0255480316420951,0.734114181867074,0.0840627877069337,0.0209993409347411,0.0584092951241779,0.327580962514489,0.0968157569245043,0.614561285477661,0.302905041340427,0.239577005546703,0.182609919312591,0.264514873955005,0.477680193265363,0.113026437932458,0.499858107997852,0.28880407265896,0.251989326065455,0.762643357870842,0.728661190032382,0.133174477978373,14,0.121170986831713
47,0.309003388784643,0.138858422579994,0.430807064833,0.765708061845954,2.69250937448815e-06,0.0709552925722409,0.0540192728215637,0.479597318706672,0.999854110333847,0.945221443749357,0.0118844466140313,0.607302994246835,0.177071200690039,7.76303646992892e-05,0.745832394375819,0.103647680806865,0.157962674154669,0.388171618961458,0.278805388926326,0.500013466963832,0.74184859445341,0.157061359952854,23,0.0794122838698323
48,0.895737999737307,0.781241480008263,0.366678178111183,0.500063357459616,0.0756838522454745,0.102440812284907,0.103857641504093,0.734990162439855,0.38151574252855,0.786623017862119,0.397145294255113,0.301073773917233,0.18673929936227,0.175023501335311,0.483345251151993,0.175979811247785,0.325493259780489,0.270918468508723,0.117280409840578,0.67653830923379,0.86525781253255,0.0504291067860061,19,0.435663548170577
49,0.458288967595722,0.604712527718952,0.567359945273796,0.590780040602937,0.0149706451155742,0.0334171194213354,0.039689934045629,0.682413637637117,0.442715808170776,0.999928297183826,0.536762491872236,0.719137026676636,0.362413200093966,0.0159076446941296,0.441974553405293,0.299363343026336,0.255644501738316,0.361885407471174,0.499559855764972,0.801812252886134,0.792969269242815,0.101998665451907,7,0.328363263539191
50,0.620120678665514,0.408082449736083,8.27004485181533e-05,0.673049858498821,0.0461287166021271,3.77011053683236e-06,2.35846800701693e-05,0.740877878046609,0.424022345965095,0.823775225780054,0.673762371047823,0.580888112719891,0.0954022621154911,0.417455915678516,0.219847406633304,0.278915178711421,0.392889110270535,0.252990764576857,0.128335939192796,0.932569237922551,0.991831228303604,0.104238556635263,26,0.494934014966515
51,0.570840625011474,0.427592710649821,0.83306394126404,0.521668870654032,0.0759590263376635,0.103258025976858,0.107315186454831,0.999640291173093,0.848001301174375,0.67762302250818,0.00020573198659345,0.193136069493527,0.397965784432185,0.37555610568422,0.547690722094044,0.145105211557566,0.479449465147194,0.358145422257197,0.242191581443132,0.650336595297161,0.915201671638156,0.0568490785273558,14,0.565826664538122
52,0.59404406158471,0.241848519721552,0.379315688131668,0.708134271361585,0.00439157485921601,0.052570064376793,0.0581355793285151,0.57792817342454,0.402523443767666,0.555677138339665,0.217642379797299,0.191215518612438,0.305599629870119,0.392861969521579,0.0493645985235788,0.227222289536905,0.243840607932925,0.385959130278096,0.384557021231488,0.620498318700306,0.773724014724805,0.249984006138382,26,0.51019650782677
53,0.589113754108902,0.60627090596569,0.343506950405305,0.602673364102525,0.107861197371593,0.0625546724498094,0.0615687524633031,0.792891701297012,0.304199591699154,0.782188489273696,0.299256389372333,0.155421239799324,0.455445929782474,0.727951649159699,0.390082753988646,0.283054599140721,0.499858107997852,0.174947475643346,0.499559855764972,0.749196700133729,0.812105017925578,0.0733788329499746,12,0.999297207634302
54,0.60286024715349,0.407367507015046,0.852125983918728,0.851680987828994,0.0241355934774546,0.00481312527298763,2.35846800701693e-05,0.999640291173093,0.782373167803915,0.37637191410531,0.00020573198659345,0.243841997582684,0.191809804644889,0.051062959259398,0.00019440235718619,0.474158697359952,0.269687571046312,0.222844226587774,0.218427497295775,0.634977348234892,0.790620728367369,0.053229162656984,23,0.540911536993375
55,0.808163933855971,0.635924559877482,8.27004485181533e-05,0.715571620702565,0.110692851229159,0.0696391124102694,0.119995094177388,0.529297504676109,0.363045503973728,0.354315312756233,0.839630793676573,0.385272265657845,0.0792270442020402,0.349835153349638,0.626196591399212,0.0970802468451368,0.204161611886484,0.499992012141552,0.392609567777973,0.873455968610555,0.761800894361407,0.0858066221266578,16,0.457741967458903
56,0.126375699305571,0.19075766396044,0.553928605620261,0.90806332891021,0.0788896052356958,0.0470279658261305,0.111662679499326,0.400002607500695,0.999854110333847,0.926369924137307,0.0740465583416406,0.621279408457966,0.168377009414276,7.76303646992892e-05,0.37016214603345,0.0266283781246608,0.325180775417599,0.191581420512356,0.301304504401805,0.647498999026474,0.763866711319375,0.024050292156102,28,0.464677430539749
57,0.562736720727048,0.511609858246763,8.27004485181533e-05,0.540587951872117,0.0574009266373322,0.0698378279299582,0.0607913654610195,0.347805844549918,0.842757265684255,0.838637014668123,0.615098748624803,0.771162094279123,0.215429270138698,0.427841881857719,0.413414283314872,0.270820937036727,0.165992255312402,0.41460438700721,0.484349876739777,0.902673786283843,0.915044812801725,0.249984006138382,16,0.898453174850243
58,0.542952825218906,0.208615976673895,0.817232860528284,0.648844876834198,0.0127947591244706,0.0640914890727692,0.0575582038183845,0.85587736630765,0.265984425618941,0.00025019704848527,0.295073920647469,0.0671976098287179,4.64802905591205e-05,0.117462117323715,0.00019440235718619,0.49530621275686,0.067158138564603,0.499992012141552,0.499559855764972,0.63355924449132,0.862785934028456,0.152310133811258,17,0.862126881191606
59,0.592475135252554,7.64295788737945e-05,0.48229256864876,0.711191394676026,0.0277514996939151,0.0520948905046484,0.0252380616123645,0.639323488773535,0.931934391342406,0.999928297183826,0.345227545446116,0.445123494896789,0.182324562179613,0.128133192498556,0.242515852136236,0.22406308231387,0.332082544225091,0.205700238952489,0.39711199736829,0.868032124501866,0.714399200087951,0.140527122876514,21,0.818325987232845
60,0.999852021087501,0.556998333995836,0.4838925093652,0.501164279871999,0.075786006902933,0.0313837945972917,0.054181564850991,0.581782576664085,0.296322296496405,0.999928297183826,0.426133907403589,0.0102397273097331,4.64802905591205e-05,0.899468015622415,0.505080260648763,0.28100881471324,0.132785338905085,0.499992012141552,0.346318647280794,0.939451372462673,0.999975606664492,0.11166064821899,6,0.999297207634302
61,0.677077340519718,0.749209930015886,0.194310395301657,0.660367291661365,0.048217910426348,0.0444222486911086,0.0892661311216149,0.490111199260154,0.306763244765933,0.728522812634214,0.433576081097734,0.46255511851308,0.217858314444733,7.76303646992892e-05,0.754971333514394,0.0162061982035741,0.0169659905216508,0.467548657756129,0.195174836441876,0.80467555446425,0.59856152681246,0.0522930122548114,16,0.451943577170574
62,0.600896105887317,0.313491625316009,0.448564676465158,0.682007602684584,0.0219910301411321,0.0173658286227814,2.35846800701693e-05,0.244313185919369,0.47038635164184,0.552497409556747,0.484090623315348,0.476800087045544,0.236364219223676,7.76303646992892e-05,0.147441805507137,0.276217685763716,0.232083638142504,0.21311707325661,0.499559855764972,0.969779014616502,0.634194894511698,0.130350351179482,17,0.706760736758062
63,0.848101348665088,0.506473044959029,0.146417457228351,0.820457656103467,0.113012100726494,0.0204582637006323,0.10966631939546,0.528689411454385,1.96226454502903e-05,0.401778748161753,0.440558155242267,0.0126442733490963,0.216582963205275,0.429775604566359,0.294941308905183,0.00030305628819158,0.16420303611388,0.245313343063699,0.304871393228155,0.586190275498488,0.500132491014102,0.0505778067325435,22,0.769173246568965
64,0.407249191685694,0.445750265247947,0.766291437331611,0.886095827818066,0.0537164327653702,0.101288430976243,0.103683172358397,0.999640291173093,0.549193924965435,0.999928297183826,0.488082775669942,0.294823850591488,0.330563975428254,0.328243574684358,0.400166779920795,0.0991315290047152,0.298488774970041,0.27023297534281,0.375280689608117,0.786956471028813,0.64618216259167,0.166824859707382,13,0.352400326581178
65,0.571873525511908,0.294622070303046,0.320931843505717,0.832741222156729,0.0678729620679488,0.0440215863267207,0.0461635566816274,0.325592559763698,0.823949730481039,0.777386861613788,0.363794936270168,0.226842658311463,4.64802905591205e-05,7.76303646992892e-05,0.773626891809043,0.24214067276961,0.129466593322826,0.276507572954882,0.305534416344914,0.973371852215429,0.823064295047866,0.0528395920438979,13,0.751169014111399
66,0.563367051323992,0.4603065197491,8.27004485181533e-05,0.671114045931065,0.0819909487850761,0.0910691993615285,0.0689282112171751,0.173349058017688,0.538238742008305,0.960919992642606,0.699819703891573,0.271042001999505,0.293903116607431,0.666010263082785,0.823617588143307,0.163943861841199,0.19012420111947,0.278152238131225,0.3915101699266,0.73035196018623,0.634375702000731,0.125008974977458,9,0.395070933509501
67,0.696341814921557,0.313312679877005,0.827623849907928,0.648140836046465,0.0232387022970782,0.0249485351640987,0.0486737333285231,0.999640291173093,0.257684647803994,0.992187106350069,0.00748745280897983,0.446251180454928,0.320419858900211,7.76303646992892e-05,0.387056877017118,0.00030305628819158,0.215044903462354,0.363001760050281,0.444915801185237,0.743567004215552,0.746537391658166,0.1361806845024,18,0.911957689085532
68,0.309747328792125,0.60292708325746,0.00353024334098162,0.91166602953343,0.0771910396683507,0.0374187695599955,0.0330301280158109,0.242424938688094,0.542487223928636,0.999928297183826,0.474010733335821,0.564346987401438,0.251561695086441,0.304884486741044,0.578309573633246,0.010047897208659,0.292521146665209,0.152534624692997,0.394131620709055,0.882674636449721,0.812296556987745,0.110190718593172,11,0.582783504485022
69,0.474942418024209,0.363071804826997,0.670590053509586,0.596992643190313,0.0578225939686708,0.0747512442199914,0.0249149195200661,0.652075597094714,0.999854110333847,0.532457732010921,0.00020573198659345,0.193793514917464,0.342629524992659,0.218107511371911,0.0874900622862619,0.213673121897413,0.0188166033684212,0.360086783053326,0.284495893233341,0.565285777615345,0.770369307006793,0.0538780112907626,25,0.995938867743374
70,0.39254440849777,0.247466407652321,0.432513467457924,0.690054218488115,0.0346401957691491,0.0201888566301287,0.0342872812076794,0.751225821312049,0.423526628855511,0.322324969795943,0.430975738598144,0.0972550336131095,0.166147404693829,0.284141483650168,0.0121063932478992,0.394727854261357,0.0477202734566923,0.499992012141552,0.353987841712228,0.703082720370582,0.773923808825777,0.21847070360994,22,0.582243830231859
71,0.819071868773458,0.999963109878346,0.228113175892412,0.810058164428144,0.0901285831268022,0.0367687166958842,0.097845938042942,0.384878233997477,0.119395319793753,0.365961142231921,0.999795092571648,0.0316491845389266,0.0661004954798445,0.160700388535528,0.00019440235718619,0.190479839352572,0.185457745609565,0.361562119065747,0.216204109036586,0.821328274995109,0.500132491014102,0.149563896158096,6,0.0792626063761057
72,0.74329320149205,0.561734917594292,0.410133988316182,0.738333393191436,0.104987400134598,0.0807391194858697,0.0375693368829213,0.406897250497869,0.565374213594123,0.940709131546816,0.318747239043419,0.137747145651188,0.0104041847037963,0.629364372239358,0.620036157932542,0.16665297004867,0.448690556621952,0.0827488101223774,0.322548475688225,0.62160481544041,0.999975606664492,0.109721109306117,3,0.915928499588361
73,0.528364576843174,0.47689129062594,0.621043581513432,0.604108312192363,0.0391412737537351,0.0656659856801933,0.014246828505945,0.905415595058549,0.999854110333847,0.999928297183826,0.155482835237107,0.57918368603921,0.244016397978375,0.208555981780509,0.386645086777135,0.192664323830423,0.271161499717875,0.113096639295391,0.339777957651272,0.656677597597338,0.999975606664492,0.116813044738384,11,0.825066189182597
74,0.553039523810405,0.291340953704929,0.64259718357045,0.752187457288624,2.69250937448815e-06,0.00169365308053786,2.35846800701693e-05,0.734074257128429,0.670461922089525,0.614331484171312,0.224002131370763,0.593566941892976,0.436703725539234,7.76303646992892e-05,0.196998561335241,0.111191648229273,0.0401258315080722,0.299035094480928,0.299475744569453,0.75506098196775,0.730388043919373,0.214754999575684,12,0.260894481523885
75,0.454160379091073,0.242280408706798,0.580256384521856,0.783084976541464,0.0418403752688596,0.050323665480982,0.0465513222619539,0.827338041841265,0.811904754819645,0.778534806020638,0.048658998068793,0.474647194063597,0.313502670106349,0.0158559443402871,0.66290450354565,0.086846153423991,0.358087582938624,0.269046512614137,0.141164680184812,0.55145625919532,0.747862236381341,0.185742496100432,30,0.839712244140714
76,0.752323530545049,0.817880931441399,0.716030963208784,0.500063357459616,0.0368723829893902,0.119998732919027,0.0709830287107562,0.999640291173093,0.838354438310645,0.290992907261824,0.00020573198659345,0.390697161499463,0.219323349267237,0.0527850638785696,0.12057361987657,0.334662123858977,0.247103292395213,0.448594379721084,0.413922968254595,0.750668346087444,0.954181070551443,0.0847249389015537,21,0.414033636933346
77,0.279559691009178,0.168489216542267,8.27004485181533e-05,0.500063357459616,0.0943929520685982,0.0491368660288812,0.107413549220071,0.46875943006534,0.492392631453154,0.606861809871075,0.414948184923445,0.261980090548934,0.16409132759058,0.421828240923524,0.297603745295852,0.0537310443566903,0.397296896481077,0.198167832374532,0.0933451449103852,0.991531891167388,0.819169534997717,0.165849373353355,12,0.404806844224778
78,0.398443274492998,0.209392039580815,0.568476487927021,0.957018615373793,0.0406570617579309,0.0479547929192785,0.0497225402894129,0.999640291173093,0.706121356853909,0.367489353768327,0.196381604069631,0.283313706105879,0.233629440096377,0.277146649324164,0.363462385283428,0.0331788221196223,0.234763063619987,0.212803246904654,0.246039744567421,0.558089113736762,0.77527160579266,0.213770609102782,16,0.371695539814078
79,0.347510901605726,0.134318321414013,0.361294868226791,0.733245818681784,0.0633554661781005,0.0271102933578671,2.35846800701693e-05,0.767136706143434,0.828836683572697,0.4267353951909,0.466257246717985,0.440403018640823,0.269845148098746,0.122533188112662,0.125919957849761,0.177264777470057,0.258083687283414,0.148071466214241,0.499559855764972,0.590647747470536,0.500132491014102,0.0512761512557031,30,0.631392295415553
80,0.477635029179133,0.384321728196396,0.841825214474674,0.776260258446377,0.0210490877615745,0.0287293461429095,0.0562319121810166,0.56927474498181,0.655322654126126,0.583158401839883,0.00020573198659345,0.0001280288233119,0.215777644148098,0.260948860596119,0.138595482328568,0.115592040985303,0.324494273810294,0.499992012141552,0.0244894409647962,0.999953931943418,0.569638423883544,0.135794956927276,3,0.206351618098556
81,0.973124909967038,0.305378646997817,0.464384609213796,0.712430181544941,0.077901549091116,0.116204687608207,0.119995094177388,0.562604253166461,0.453098558149307,0.999928297183826,0.00020573198659345,0.0001280288233119,4.64802905591205e-05,0.781686171420863,0.781276463273682,0.124504219952275,0.394757480446253,0.42462349443135,0.223342963114084,0.76191888527888,0.949647593778756,0.152628454430214,3,0.85859680260359
82,0.542516700499468,0.384812489243925,8.27004485181533e-05,0.708265309055415,0.0955241711818863,0.112063835348123,0.0699815695043079,0.999640291173093,0.999854110333847,0.732381447182504,0.555265402958433,0.426105011887105,0.134152964057935,0.229450803205819,0.0799126166009332,0.240887254519175,0.499858107997852,0.215768753399268,0.235567658201215,0.609986242258282,0.886360173660604,0.141868471024003,15,0.50464957382221
83,0.131246524600778,7.64295788737945e-05,0.320007918972416,0.562540091543663,0.0388690654841891,0.0616427659485295,0.0464352089924164,0.380777361306335,0.999854110333847,0.794994878524903,0.0332486830510882,0.517851887446823,0.593681982587287,0.112338481130797,0.322027955817513,0.151964803477822,0.411029699908874,0.00023429425927461,0.373210785320377,0.843569063969871,0.713452234702237,0.249984006138382,24,0.536787708505532
84,0.398656332807973,0.28796885911381,0.959179114954632,0.750816706562539,2.69250937448815e-06,0.033715711091726,2.35846800701693e-05,0.855183717112725,0.999854110333847,0.798749807649481,0.00020573198659345,0.612052315465533,0.307085319351785,7.76303646992892e-05,0.00019440235718619,0.248696233387366,0.378736588938835,0.452533620287673,0.352329966420742,0.976258661212388,0.708233160299668,0.157238559816264,20,0.594782499085408
85,0.814610039535462,0.278342217710261,0.00317592088812885,0.601504939729944,0.0452960877163364,0.0817807924700201,0.0713671444217429,0.515958782153447,0.655202306961088,0.904262855776823,0.348223678009498,0.0491556924047193,0.100284372098632,0.586328127199843,0.446464618512456,0.217380833058314,0.165746297934672,0.30788980298105,0.304265000386895,0.592967288323242,0.627383653993848,0.201201428355165,3,0.627068908391943
86,0.000789105560054293,0.298275975628127,0.312484504387692,0.995016300802024,0.0788621605862109,3.77011053683236e-06,0.0349457866460587,0.405286285563636,0.999854110333847,0.49298731727602,0.427434531584836,0.474156743940882,0.137273716710885,0.229536238285369,0.112440577662873,0.13914210729177,0.255224689418073,0.262553625184864,0.144773428276135,0.683786107968412,0.744809984639344,0.141747837654292,27,0.314666846774514
87,0.352500464077488,0.661679745750526,8.27004485181533e-05,0.500063357459616,0.0726785340802295,0.0906422522408822,0.0698169211809994,0.437914056256201,1.96226454502903e-05,0.44859191602873,0.999795092571648,0.537671530327622,0.265281989736487,0.457453342285544,0.40059826640432,0.234572856820099,0.33612247572394,0.0718632733737767,0.381308405214909,0.701922444086945,0.814620843429556,0.249984006138382,16,0.11565323984858
88,0.5038960564823,0.392275714274873,0.130358070643448,0.90707092067479,0.118411860700022,0.0673597946203563,0.0709582812628279,0.497621977263453,0.342013500592563,0.38169424383593,0.276753528934403,0.320602064070064,4.64802905591205e-05,0.161560176015933,0.706969910376102,0.00030305628819158,0.261943427189714,0.282622778062908,0.0626648509887796,0.625584960686219,0.734983378040198,0.118175344095954,26,0.44089366096585
89,0.56995231702037,0.492378973816993,0.500508608197532,0.999996276009004,0.0703066663644981,0.0291441071082655,2.35846800701693e-05,0.749579949015046,0.591405810976933,0.459270403484718,0.223360006313797,0.275229348146053,0.0365096066852269,7.76303646992892e-05,0.28698519559148,0.0702784882247578,0.210112116544412,0.463977888702059,0.0826343501347437,0.633851273983761,0.518413435603831,0.158249825079679,9,0.769006846559217
90,0.609217189318218,0.398318568681257,0.387433688743252,0.826990519854008,0.0947388648752063,0.111569230154744,0.119995094177388,0.899713713760939,0.706286343131899,0.581327335844401,0.0927042006248291,0.134701408105244,0.198085192004515,0.470607108910593,0.248653943354417,0.0980745353446948,0.292086468599731,0.499992012141552,0.157159979912655,0.800902919777843,0.656254576987232,0.103602165748295,15,0.682248636008917
91,0.466192183368516,0.725725927639903,0.173472964173675,0.641062412201866,0.0871739331211293,0.063960252711935,0.0507022413466189,0.749793392288826,0.362819958886283,0.578049283047315,0.978977000974949,0.48366859768223,0.294801721887868,0.43301007881227,0.551135696924042,0.336619770944064,0.33032834969602,0.316349987882263,0.383464011500126,0.669826826888819,0.88752394881048,0.190995500370344,17,0.4155766360168
92,0.465930524729147,0.0496842735891035,8.27004485181533e-05,0.749079965165592,0.0276080003871177,0.090981110859605,0.065405175314004,0.982141373203677,0.218929274755702,0.404539241542703,0.0898645313969971,0.0699287643474893,0.359936334037339,0.523359990010073,0.32713036903131,0.0479878278605229,0.302172735834548,0.314919792981261,0.184863555456856,0.603617391877253,0.70729106399267,0.236936293692981,20,0.86718812993849
93,0.487488721922504,0.150080706830458,0.590413549759902,0.718189289873939,0.0402432487350105,0.0773956871584825,0.0697074338249453,0.813529931346888,0.725262322144437,0.535135013900204,0.370591171140375,0.440552944389221,0.0569234086177536,7.76303646992892e-05,0.00019440235718619,0.357495000921962,0.318112127219944,0.230160323643237,0.353643426116746,0.825245236101187,0.851799426823989,0.249984006138382,12,0.7835342672172
94,0.516332863432482,0.483389639771253,0.904657798370737,0.654350379231249,0.0408753268919889,0.061255659189433,0.119995094177388,0.47984765686639,0.539158824303136,0.589871476320994,0.215525861278581,0.493524123709998,0.614212463212434,7.76303646992892e-05,0.619078426610541,0.214134325934442,0.48048133104478,0.387751710764266,0.499559855764972,0.684366206475656,0.681041610873614,0.226825448557961,15,0.316547314284439
95,0.321825585703553,0.379437339823235,0.0932646790741422,0.518175267419847,0.101724862195222,0.0943682323714621,0.0791710727274318,0.0439581805024416,0.754661233106573,0.657990898087027,0.572408732315891,0.269403722898253,0.0669220736201684,0.508339083431356,0.946982919345276,0.311137614614562,0.444395580031434,0.202378134671758,0.243231196194573,0.810648675248099,0.94909438546545,0.109140503871296,10,0.273252894836396
96,0.145857564571312,0.204436736112242,0.288725229761404,0.684663649168768,0.0204650552763152,0.10103682098996,0.0512988590274477,0.373525621559433,0.918034754796236,0.258233042666466,0.105067528811529,0.291197477848123,0.240394471232822,7.76303646992892e-05,0.148863193774422,0.0882582687573096,0.367422897994662,0.137862988559318,1.47106448851991e-05,0.622826978479025,0.555812785915058,0.131344392536577,25,0.108851117066752
97,0.311822069887906,0.519022755849061,0.122928986652111,0.767314500378234,0.0940946105727259,0.0414950944301045,0.0472955490266914,0.131623790917038,0.669398482194931,0.211565082306652,0.567078876992681,0.521321129792956,0.149368196915591,0.013361445694608,0.540685093985443,0.113278621186592,0.145205485719018,0.333981025295214,0.320164561003223,0.546287303671513,0.795603943306056,0.160464348816692,27,0.106989435344795
98,0.534542786763236,0.412793106023428,0.0266882533614965,0.557937368725703,0.034341847684629,0.100791512314491,0.0725132126522478,0.701143992235864,0.439939047378042,0.54175137101281,0.00465017142568269,0.368055230013298,0.155518567627935,0.0771561712927827,0.359904227661252,0.135458253784822,0.103279018362286,0.419497880510919,0.306815072525027,0.688666859879956,0.864532767269795,0.116546859148589,18,0.36363206891812
99,0.538828404312232,7.64295788737945e-05,0.790538949351269,0.959220531851082,0.0354826728903286,0.072398730931291,0.0470852313700606,0.0130722882085254,0.999854110333847,0.469375393148561,0.00020573198659345,0.20070084435001,4.64802905591205e-05,7.76303646992892e-05,0.39438744229311,0.348470308538746,0.252998348867102,0.442781205270418,0.202202175801537,0.930147978005005,0.678205291611243,0.161250226335899,12,0.484006345661882
100,0.749266373274316,0.471049381079897,0.57981644818156,0.861454482803999,0.0160826667672848,0.0135122987427255,2.35846800701693e-05,0.979216176541549,0.999854110333847,0.716376417558062,0.26688946056659,0.3480120536046,4.64802905591205e-05,7.76303646992892e-05,0.00019440235718619,0.358082912697053,0.282075024699649,0.066449128600293,0.278622903525289,0.658238769993593,0.701314791230673,0.00226784158726606,30,0.311297132846425
101,0.429287668186088,0.166933127130819,0.486677808718137,0.674203904840938,0.0263817776073225,0.0727645557343302,0.00360541734288106,0.0579327085898884,0.999854110333847,0.703490343783284,0.132415629776514,0.185177166973296,4.64802905591205e-05,0.112571636828146,0.178274810310394,0.499989724523516,0.0111969651226256,0.352164452698717,0.346372736074835,0.86178751359884,0.771207129837019,0.0963001890066018,5,0.999297207634302
102,0.693213799243254,0.806575350520506,8.27004485181533e-05,0.854362824809096,0.0964411090922499,0.0122404570234336,0.0279323185442062,0.525218807652428,1.96226454502903e-05,0.915249828130926,0.999795092571648,0.471235198815314,0.316294949108873,0.527983582618507,0.330133637307168,0.00030305628819158,0.254177755714474,0.00023429425927461,0.457384332519054,0.834952260263683,0.500132491014102,0.053034384993147,16,0.143501389030816
103,0.328223560980384,0.798187032171969,0.563365392261812,0.700911437866283,0.0892169022012692,0.0565331093082667,0.0713012949918261,0.703930178132916,0.76488953221432,0.673114612513441,0.240994640426459,0.287228080736422,0.427990025095056,0.506578167446538,0.34059419384905,0.00529732757792942,0.123998972692413,0.159419126632265,0.391555147440597,0.645209170273524,0.767431698267605,6.79376821854385e-05,12,0.66349277746582
104,0.124959297366065,0.264943746088932,0.705295300612803,0.607483425573731,0.0115337373821306,0.0533546020498351,0.000790832134748835,0.773459611180217,0.655123196527168,0.433374311809664,0.0405155753987901,0.547569386316283,0.287035084768406,0.0510429455103366,0.0594316996224043,0.38054118022592,0.262668968760999,0.204337109640478,0.34576444371465,0.81273531007933,0.845946414322683,0.093933841222017,16,0.928595590754979
105,0.49367047920759,0.387942644283738,0.402983028213863,0.726657820105656,0.0361192597323029,0.0581987710621702,0.0237952529601542,0.566265817578547,0.65372500183161,0.854993309834564,0.299996528522949,0.494480372468468,0.261720398623368,0.0384734469659436,0.10215126064633,0.123516567159059,0.435585238951258,0.0700397263808356,0.495113348532694,0.636766034489301,0.67480522917921,0.121974432897321,19,0.690628868435808
106,0.623462601791501,0.390655691194128,0.148547327876817,0.604551488208123,0.0718645960808802,0.0101675749746805,0.119995094177388,0.465015072389244,0.352458724949096,0.620041264484027,0.391126007577867,0.0775242732958196,0.0424457576550881,0.358121884324275,0.671836655581007,0.100495708526823,0.483270652556458,0.499992012141552,0.0142590309151093,0.91526155966894,0.713189002448995,0.164642934016729,13,0.432190743438339
107,0.438981095663675,0.444414364109823,8.27004485181533e-05,0.773232776286009,0.0838950829329188,0.0641074040935376,0.0584321779634708,0.0978315849730365,0.549379137176308,0.423364297826529,0.475622530443262,0.527639261213239,0.224196990228859,0.600200892356247,0.734004058897718,0.0924815876291443,0.069168689912347,0.226895404572146,0.337772218436355,0.500013466963832,0.999975606664492,0.167808504352597,20,0.400572078993586
108,0.599391695598463,0.731745961954563,0.178422658961558,0.692310387378297,0.0744030599884692,0.0770503436045686,0.0132320620215317,0.464404909726144,0.512291276180415,0.86679325058039,0.348704860949979,0.334218275513935,0.0737113367391442,0.412045722215731,0.37393240460421,0.311120325945211,0.433506429486756,0.291825744131728,0.370028848536026,0.615851694320051,0.792506203473727,0.108781418630338,6,0.668044150436041
109,0.304457286555929,0.28864646825511,0.0445720438098954,0.610092804993782,0.0562751106185009,0.0295081654260811,0.03675200629582,0.410104094020971,0.699136105541062,0.435324497793644,0.568222626681707,0.575417038415514,0.278461614233657,0.0972640295762827,0.539166131076574,0.168142334275658,0.417999118360797,0.00023429425927461,0.206183108381186,0.74031713773867,0.999975606664492,0.179143422785428,26,0.30485556610104
110,0.999852021087501,0.788579342164288,0.459947888342249,0.61343264463395,0.0290708116063338,0.039085493221741,0.00841216850452028,0.843607490796651,0.304677210689842,0.565209028360264,0.248184775032804,0.138794119954519,0.178982657365248,0.0389382293555922,0.111374889684505,0.127410624722199,0.311675126573899,0.339133302264392,0.281514835214913,0.938906091571478,0.760159857436538,0.0801476146108722,21,0.336640548878422
111,0.172191224604126,0.224604838420318,0.57542287737164,0.999996276009004,0.0324370239117087,0.0338536843691014,0.0806149860904621,0.188222633513238,0.451793032418308,0.92060891055951,0.246346959662709,0.201568964226555,0.0873604699926585,0.39788475707417,0.581058707598459,0.00190847093721536,0.194069091878247,0.267328520782273,0.181506013784676,0.805947356716849,0.740051346203158,0.211560003610542,10,0.479488485929447
112,0.350366847081716,0.29435455637651,0.0795886438422443,0.871721134287341,0.0575265029323638,0.011313314616685,0.0726918022656799,0.129269512233565,0.736954000358089,0.326233120132046,0.676003016643828,0.201665260032328,4.64802905591205e-05,0.461322213229425,0.629955478300728,0.406281904947908,0.376657808743075,0.471761372314985,0.386758972014221,0.79938075705838,0.999975606664492,0.249984006138382,18,6.59723176294938e-05
113,0.801152523937956,0.719416095813349,0.450457807456757,0.65500608749559,0.031881230657081,0.0484765977054971,0.06091036201846,0.634726832822018,0.730098107118135,0.591746565369903,0.387894576132744,0.275339472375834,0.332409734307981,7.76303646992892e-05,0.00019440235718619,0.305433708480372,0.244416214454389,0.288479888032444,0.193453785761557,0.629045258329209,0.651001665484367,0.162823332994924,25,0.347019819365427
114,0.616154750035702,0.447490698510857,0.434818043046686,0.576140565941854,0.0630136511539778,0.0953618540261376,0.0758536800250179,0.763005554356793,0.683220779195909,0.523519948370197,0.158679970424528,0.13125199884964,0.0419828054062441,0.291593303522897,0.367932439937496,0.292518787219867,0.154432365120204,0.465388230199321,0.469564921066025,0.648601995462722,0.831366762677994,0.101648542004899,17,0.626858432463809
115,0.882026001297825,0.521085526992254,0.841573519668884,0.704017984016217,0.0392452596136264,0.0302015921963698,0.0522637206444835,0.382211147834683,0.682821996679389,0.880242845271646,0.289070714423845,0.0001280288233119,4.64802905591205e-05,0.111280455482034,0.283829497556269,0.342911878694824,0.315039932818055,0.381996091780951,0.463169723113396,0.590227307405062,0.756503848221165,0.0624148711069445,8,0.347206315931811
116,0.999852021087501,0.59201980681809,0.240944213245534,0.676689857334441,0.0259112661560582,0.0677232077175315,0.0335212750754034,0.396183762284922,0.554080617746694,0.698430835207114,0.00020573198659345,0.0001280288233119,0.224391157243246,0.391294280646612,0.446723735210408,0.1187772590706,0.296107976340961,0.1697468961649,0.256319520440397,0.580381157280051,0.525136489586199,6.79376821854385e-05,10,0.571622585760353
117,0.244800263375834,0.460573677835451,0.688253835293151,0.670266879317812,0.0503302718328441,0.0111037147236996,0.0166935473752732,0.292656770925453,0.587967018231666,0.391456474513911,0.22884567274324,0.508254452093617,0.158317266810484,7.76303646992892e-05,0.220017798738932,0.372610602864132,0.308011970136889,0.18048331011945,0.438667063954871,0.777674086273852,0.719489919347025,0.155951534552116,15,0.597283848320946
118,0.659903693568483,0.339314444439594,8.27004485181533e-05,0.500063357459616,0.0772116546380669,0.0945322473848161,0.103542487645491,0.46514899584998,1.96226454502903e-05,0.544895948891965,0.454163851543736,0.255447073359872,0.219131652580352,0.0602801179385982,0.553091352402973,0.129214515591521,0.499858107997852,0.24320454745102,0.231893064234764,0.855174391110562,0.75654351229338,0.237772754792045,17,0.644502772926184
119,0.556573302095654,0.147089310567097,0.805620591869325,0.834611882406909,2.69250937448815e-06,0.0789973442223394,0.0191811253825881,0.999640291173093,0.830467885000793,0.863822002506326,0.0902744929892531,0.294632292834549,0.15118334098368,0.436832653473428,0.195822791461967,0.291451119888845,0.335006776062597,0.155413326711393,0.346030648529973,0.714821771903305,0.843130087011769,0.121192349938407,12,0.648349223384966
120,0.382179464558458,0.338677982279274,0.27455890203532,0.856342342607146,0.072279575523723,0.0624657842109912,0.0431976443524246,0.576829118746128,0.338760680455821,0.00025019704848527,0.352050019122887,0.136626868295434,0.142937507526437,0.0711801778792636,0.251692973901511,0.165366894712354,0.307005716829236,0.389066007773472,1.47106448851991e-05,0.78520617802955,0.631221983313201,0.127017215164496,19,0.0879499776381863
121,0.189850194816253,0.616771764382124,0.0423824092999299,0.500063357459616,0.0835143908393563,0.054553824407058,0.111045895337849,0.367784260817088,0.346006145207329,0.880044322808291,0.396192708196846,0.601222328871576,0.323612227448562,0.484697841519406,0.999991596603808,0.00030305628819158,0.316181302648658,0.173778132010588,0.218978345121727,0.529524931941828,0.857412478690252,0.0899564704019233,14,0.218522028904547
122,0.589471531023712,0.205712149572579,0.652124815494712,0.577441889507004,0.0399383266126322,0.020906751880227,0.0258192164686905,0.72343894642582,0.78200028449116,0.478619616125735,0.00020573198659345,0.0322587707281443,0.231103063333094,7.76303646992892e-05,0.00019440235718619,0.449931143962951,0.281765781882965,0.208248947944751,0.24820039319281,0.878972239223654,0.733703153399833,0.140218088454393,25,0.999297207634302
123,0.696572432743113,0.410380032480041,0.340320672459483,0.651665202758155,0.0684402754852373,0.0969633540899057,0.0755259188903178,0.693831928725662,0.75905060257304,0.999928297183826,0.0829935041842224,0.342022108265005,0.40361262539156,0.325104909499209,0.950802163842294,0.121096686920791,0.43312783507309,0.22193614034853,0.303228609091778,0.89000552135448,0.81676186320871,0.137065882736131,12,0.833510711886133
124,0.369599610709477,0.350647351742493,0.168523332285807,0.833573904335144,0.0784747551440009,0.0491880463971793,0.103690853184596,0.287627301647098,0.838608371128563,0.289706773362087,0.697758042899334,0.148800607576357,0.173581542580313,0.258910642871135,0.615991742222325,0.307131832564023,0.328556670174529,0.183427724137373,0.0911505235410579,0.840728544693809,0.702053848050974,0.137753134705505,10,6.59723176294938e-05
125,0.304606329298977,0.280678730804765,0.38727988762127,0.999354042518691,0.0587269484466355,0.0676286347865283,0.0571394797368369,0.650054190889728,0.470209443287651,0.470955329354916,0.20141076219602,0.124990637199297,0.0980418692939425,0.445123303975313,0.25515601232461,0.247882013796,0.247382065275892,0.483129871898586,0.0665214585907339,0.698239166351226,0.75521389419354,0.122528835466613,15,0.680400190201396
126,0.395179344390758,0.385931188245074,0.136074471449508,0.79724332540751,0.0666476984464736,0.0346003904800308,0.022462033771118,0.0673637123689038,0.93958007086972,0.999928297183826,0.0553219018314383,0.501635075469002,0.385294605973593,0.485305444929406,0.252725263475273,0.138145069872893,0.499858107997852,0.259064585527875,0.39383035982521,0.724001655067863,0.762161481354126,0.205784093108348,22,0.465117422416852
127,0.245433760048153,0.357218209912338,8.27004485181533e-05,0.739836426549746,0.0772439352445308,0.0471172757451439,0.097676722016802,9.12367616361007e-05,1.96226454502903e-05,0.666141243327968,0.299892855082369,0.0001280288233119,4.64802905591205e-05,0.624795788750287,0.305593968169752,0.176269630522041,0.413904342227215,0.315779785333935,0.292188873263075,0.849245582496581,0.7493489061874,0.185149316218741,3,0.5226074754364
128,0.20000829130345,0.294494089471126,0.470474496639149,0.999996276009004,0.0670042680497972,0.0375868103466389,0.0409417253741593,0.629560225184002,0.612129536541335,0.525988879762031,0.524827652316145,0.367458743197021,0.0417548522759608,0.234456808719527,0.581489523602553,0.149009222155816,0.0855388809643136,0.244670972353619,0.075366759682077,0.592927152710373,0.685226054462212,0.115915395386201,20,0.176888680057631
129,0.554553595444987,0.376163957595627,0.530333705409133,0.529359370893971,0.0530231467494665,0.111892767742696,0.0726632977184253,0.824130063159848,0.16445161961647,0.405431021518083,0.278489524932198,0.198884269384626,0.115024005051319,0.465614065627177,0.00019440235718619,0.292174161516289,0.215098786581,0.332026028800964,0.440151261585585,0.612184484907842,0.94094817019093,0.108781750710026,24,0.999297207634302
130,0.817121251377701,0.999963109878346,0.595668116914549,0.822012623559402,0.109017866286797,0.075917641522112,0.0881337670727637,0.984772834391947,0.514559419955487,0.438290213224079,0.0856054113049788,0.0001280288233119,0.323405517772121,0.43274790364393,0.593172510098044,0.00119853861919245,0.28392773956279,0.499992012141552,0.129328602326338,0.698026847197433,0.500132491014102,0.0303790071639952,9,6.59723176294938e-05
131,0.276198117676526,0.195623505710642,0.0744391840244147,0.633714243120343,0.110171949210289,0.0516450905122934,0.105202762607989,0.226323270467018,0.318183056487366,0.315413873046558,0.443397265888541,0.121054834494004,0.118615540513833,0.185718020834377,0.717359635120631,0.0749913483340472,0.311269556436131,0.318786813149955,0.272733501421031,0.957814658443503,0.500132491014102,0.000774531335549444,24,0.658901608765302
132,0.269096822106711,0.216652200505924,0.607258196388836,0.727411827309601,0.0589433417923397,0.0573123751053335,0.0543634685624103,0.999640291173093,0.969847315721847,0.87910268535452,0.00020573198659345,0.450194820097224,0.229659645749917,0.634293049257706,0.218424783193605,0.112809355856379,0.258526479844998,0.00023429425927461,0.467769379620402,0.576808032184157,0.999975606664492,0.183220377660092,26,0.999297207634302
133,0.589448000562425,0.426255603060277,0.229122341567965,0.970397920075834,0.0569877257152525,0.0552126619970044,0.040881616195474,0.718425633435102,0.920577786907366,0.946089294987833,0.00020573198659345,0.0383779839566556,0.142354124550579,0.554915651713502,0.42964786974924,0.00030305628819158,0.303703995222134,0.152529517545931,0.232521624020968,0.685959876363781,0.874111651196482,0.0394424446787152,23,0.768640278715293
134,0.60213961634085,0.477308521357152,0.905647167203746,0.61602709910602,0.010964711634609,0.035406514737603,2.35846800701693e-05,0.747526525993133,0.592208709084523,0.734726900360513,0.106906407396395,0.526910394841291,0.328530781025495,7.76303646992892e-05,0.0239985570528379,0.486599918675042,0.361424209892596,0.441284847947605,0.499559855764972,0.927731140585333,0.799455481188489,0.116700806554464,11,0.610061459267951
135,0.783934138362312,0.768210238617036,0.45078234250901,0.689726521826563,0.0622583388490902,0.0591050653908818,0.0760019874249752,0.642632232155337,0.317921805196407,0.342939911242274,0.219050127884876,0.0001280288233119,0.025915887547585,0.369604074292451,0.251918349091316,0.282380015737725,0.222957946601162,0.437445734479446,0.203792618506521,0.798369435364824,0.854775119229935,0.0950159782250552,17,0.300800283964451
136,0.00021768103810027,0.551482449823039,8.27004485181533e-05,0.783006415111713,0.107154796328064,0.0316801854574159,0.0569253445562395,0.383213283551674,1.96226454502903e-05,0.518683809881527,0.772059477616589,0.667330527008224,0.175175494756365,0.508075887511728,0.157584491606602,0.125592280824746,0.21184694907582,0.184419111626082,0.244903128663328,0.619527325169647,0.916126211148362,0.164730607093626,14,0.984888879962497
137,0.237440488735703,0.43910352284972,8.27004485181533e-05,0.720838500346067,0.0838997337564964,0.0638191722876998,0.0952772882535457,9.12367616361007e-05,0.390130925064252,0.999928297183826,0.920164809144758,0.648411021967896,0.0902228521621724,0.77926131233004,0.891625529785557,0.127633169280449,0.224725386535676,0.00023429425927461,0.227254539057229,0.523505695774077,0.999975606664492,0.205643949520571,15,0.566788745331367
138,0.685837637775518,0.679650819918733,8.27004485181533e-05,0.679879859943466,0.0714869384086929,0.0676764470978685,0.0666775102271543,0.588440545112163,0.285218316891153,0.390820611229083,0.391264750705642,0.116056379045846,0.195204270531211,0.363357359134595,0.144580215061857,0.209239105343295,3.55416661011986e-06,0.0732599921836109,0.497854835587956,0.533987558669909,0.744800019925693,0.0461054475082031,20,0.699364494231019
139,0.00021768103810027,0.471417671994875,0.51219254786214,0.881160462589514,0.0425279825783268,0.0701470192453843,0.0712681183782,0.736411834584274,0.820876254045651,0.121820598420289,0.289966993766835,0.594568108515497,0.302983994414942,7.76303646992892e-05,0.298975408726262,0.141983735727832,0.213497795053105,0.208484229438425,0.0819058695114244,0.703053888387338,0.582420302529512,0.041243111301452,23,0.387330553506119
140,0.535226429478763,0.455393898763965,0.321479330704048,0.867887993702153,0.0618888039364428,0.0524208921042976,0.0416227295071771,0.790864024452908,0.800896213777968,0.723446715992158,0.252145593935389,0.206051082918306,0.16821266118315,0.283682240858317,0.417185067463341,0.0366922389665215,0.253333471959512,0.207939227853798,0.159310618097017,0.502740916937038,0.653828821664781,0.065826922514659,16,0.527138923043238
141,0.452546089398179,0.688723670603006,0.51978249620629,0.926376142525321,0.0844056682314159,3.77011053683236e-06,0.0528633840893479,0.495534119265445,0.436020469808975,0.596157440696422,0.0606913928522376,0.24929654629801,4.64802905591205e-05,0.0764316290681024,0.0707776133566742,0.166938475964931,0.208916051620239,0.214529590224509,0.263275217374053,0.863929723980704,0.679418922898573,6.79376821854385e-05,18,0.736847588066715
142,0.49467736173155,0.565752327281625,0.0250142629569872,0.735266355233955,0.0880289706745122,0.0951373602919899,0.0622925329617134,0.2805985073639,0.669887602475786,0.929448385186141,0.203632844258797,0.459012773310895,0.239689078194869,0.298036232444141,0.78123421922198,0.136824520277977,0.38882357159357,0.283961635436597,0.320104882380778,0.629877022848375,0.875441440646934,0.0434350256202684,9,0.356897639053461
143,0.476913514423204,0.176100025157775,0.331395970440416,0.508952705785003,0.0532812896759712,0.0717706055047133,0.0743264720879062,0.520970759904571,0.819377856606093,0.771466043495595,0.458828709984791,0.237642760793479,0.324823118535585,0.253910955690363,0.999991596603808,0.252464381782142,0.499858107997852,0.0822699447215417,0.326227080511071,0.809086762375482,0.9218491755553,0.222707193943833,7,0.116016621873719
144,0.336461876086763,0.432927296760205,8.27004485181533e-05,0.79294057978012,0.0672703681202268,0.0458082153743959,0.102710359397895,9.12367616361007e-05,0.677964292485025,0.647275487195118,0.498701178621056,0.201285341119314,0.145151390122288,0.071772965416143,0.288378702264104,0.203919878587346,0.16600367964024,0.0961311079080555,0.0498084322660255,0.768323536390989,0.630043016786779,0.141351759612138,16,0.348233026989533
145,0.802649691030025,0.345745586888347,0.01577161942587,0.500063357459616,0.0294263977466947,0.0183901510007776,0.0129896726877948,0.592414324575652,0.0820912498969755,0.656717809338084,0.376835646791809,0.18862335934872,0.268238012279992,0.236428000709288,0.249237069101841,0.133455791199903,0.176126138165791,0.16013426201585,0.293923433030011,0.901407699567466,0.719441176802705,0.197372602335644,19,0.675017157617846
146,0.694526249985009,0.384832150720811,0.72770843378939,0.623680678439939,0.0248472705771306,0.043667226162196,0.0437147738651888,0.72926081755283,0.190014164760437,0.896818163135191,0.192510049626977,0.256934412479865,0.216569656487296,0.290865354529186,0.115923286227147,0.166467107385677,0.499858107997852,0.444669216615566,0.376449284825667,0.844429118139079,0.723050666774691,0.175409157510765,14,0.836068917858015
147,0.380281697198873,0.677943928950891,0.124916053011908,0.582453914949882,0.0762512520545417,0.0732291963811691,0.119995094177388,0.488163270487083,0.396550042048003,0.999928297183826,0.276704226492661,0.448235618675191,0.291668315049738,0.20609163357422,0.515234587971618,0.0181312426332585,0.499858107997852,0.246858977374179,0.176416160747652,0.751098983216828,0.778717054113395,0.0857021394800332,22,0.287856971374386
148,0.519110422187628,0.322636575925322,0.452928037965395,0.703745333353312,0.028983800488782,0.0499695655405092,2.35846800701693e-05,0.999640291173093,0.728290379130989,0.521505470182344,0.00020573198659345,0.351895081152639,0.1285015618347,0.0913831827538079,0.12109919052819,0.224398759548006,0.421736776525495,0.230544991675116,0.301777482945276,0.711623799435205,0.879685780007797,0.134478367402953,18,0.419922615119051
149,0.140261019202823,0.971420701063769,0.487423044886273,0.888510158923004,0.0786377920243116,0.0378699117931707,0.0140671575632867,0.806164827175379,0.999854110333847,0.614133523430748,0.305010690537322,0.727641522040141,0.337105264900586,7.76303646992892e-05,0.220745844815273,0.070296033148694,0.310997154326225,0.192718679693292,0.499559855764972,0.674150874923315,0.780950825838482,6.79376821854385e-05,18,6.59723176294938e-05
150,0.496662403653457,0.31783662646244,0.912988049379015,0.795906010256692,2.69250937448815e-06,0.0266089291842133,0.00332913263453314,0.565249071188285,0.377988599575035,0.292320165990015,0.0890994459888605,0.0678242317872024,0.519319874180927,0.294339625286216,0.00019440235718619,0.345770820717659,0.312643898112258,0.492262650756564,0.499559855764972,0.72972239567893,0.612534409984774,0.249984006138382,19,0.486860599981424
151,0.673964617987758,0.343126813897663,0.492798266072924,0.782165719912616,0.0438897439284639,0.097444345397823,0.0487692452274448,0.570017949485345,0.85407831274337,0.761755656475145,0.00020573198659345,0.0911502351676654,0.0711341795069589,0.316189287052549,0.123848960702481,0.281147827650257,0.28785086000279,0.263018513360798,0.252475166263067,0.709460942733234,0.755023712385258,0.0207394271889481,18,0.999297207634302
152,0.500304581256152,0.417243134211942,0.157832769410366,0.544069041512859,0.0649035456312442,0.0727124226736214,0.0462424213385265,0.999640291173093,0.698341497846518,0.685323804678438,0.0806030345948279,0.267557690477089,0.310751560181946,0.504950752614024,0.180323226550466,0.208815109297075,0.355933109516217,0.25848570277359,0.283616281054535,0.880387856165097,0.862348044077868,0.0418856402774465,25,0.819126370250109
153,0.142268712831221,0.0556056974245038,0.606381452433616,0.929787445661295,0.0554015016593505,3.77011053683236e-06,0.0982755565490314,0.44413293991919,0.519582073340355,0.56834249525223,0.0643373473652747,0.122479875149367,0.376076121717322,0.573900678203117,0.00019440235718619,0.0750199031199513,0.2985071983389,0.436422845737108,0.46057175609962,0.760341127105656,0.663220223955354,0.204703814735309,17,0.896683623802826
154,0.616161175870205,0.220541733513725,0.822277180964342,0.724822758950893,2.69250937448815e-06,0.0626925780638505,0.00508249932990898,0.999640291173093,0.609956643257201,0.328711284295518,0.00020573198659345,0.0291418781712533,0.297281185710723,0.135383891765681,0.00019440235718619,0.261521624630423,0.344346262487774,0.499992012141552,0.499559855764972,0.822451621650868,0.575546754971476,0.150570328218412,13,0.605264415231927
155,0.43466375306564,0.44075724624356,0.279027932345333,0.617890025083036,0.0941148172421589,0.106904114401099,0.119995094177388,0.321852813904332,0.286973272473996,0.284338020739852,0.00020573198659345,0.0001280288233119,0.180162179888918,0.442548218792891,0.649792796755826,0.0701254680059124,0.323906403553811,0.378922071657448,0.00599262550147384,0.836139041634459,0.813171776613708,0.0171103094853758,27,0.590358226145842
156,0.622841327301234,0.42149930072898,0.398276253330717,0.558737437813727,0.0512144271256644,0.106928883400583,0.0231060606362146,0.50120065603495,0.999854110333847,0.373084590021524,0.392329809673933,0.433912806159794,0.437956987323602,0.0891616952868315,0.58669684635393,0.445924289634015,0.333412396289681,0.309894025498472,0.499559855764972,0.999953931943418,0.754780818078988,0.0893673941549827,12,0.461133028699946
157,0.289418613159979,0.398027682153257,0.0998003179035113,0.89893101146735,0.0655587020224653,0.068878793804184,0.0453014429903766,0.274288475762723,0.202388381206894,0.405782955676649,0.800629845744665,0.416177382039066,0.142727769254434,7.76303646992892e-05,0.292439630202952,0.322200164956512,0.232407854777621,0.17083781825769,0.210613961345272,0.650721685401847,0.598525608865556,0.135158653418163,15,0.920808106525957
158,0.248749740560794,0.286760120524545,0.115357438750163,0.586855943076719,0.0399908725090337,0.0949670815280613,0.0330298297557535,0.801888830847947,0.451293414433711,0.405063468148446,0.388711948690109,0.472312446228151,0.313869605582463,0.271075358681176,0.260244468289943,0.166770238780746,3.55416661011986e-06,0.160503380671051,0.150715268878147,0.611806654861017,0.713709709292497,0.134857280122424,26,0.999297207634302
159,0.577272846980006,0.358248446104916,0.276420567663967,0.905095158207569,0.0580329482788211,0.0146771833686209,0.0233620459713415,0.633506581282726,0.946560689681206,0.713326779754238,0.319219447309356,0.25113895542608,0.0427211986378973,0.0252644915535,0.402742910281386,0.295055224518485,0.169002243701845,0.198200297146711,0.131896131866532,0.714394619181155,0.760272274206895,0.0192645415249573,27,0.0886585644396938
160,0.457030190521023,0.440077035648054,0.230995243779583,0.70810699136422,0.0439030244733814,0.0307763625613021,0.0119842835281311,0.535147081409712,0.600460012519135,0.733351348543276,0.634891731343914,0.470529006521427,0.257200075674175,0.239007466247922,0.320439241501896,0.273802763109308,0.0595902592298413,0.161938364483058,0.213691676071193,0.860522696242152,0.783558561784355,0.165513896073685,11,0.830538771158042
161,0.999852021087501,0.640567036205007,0.593365171356419,0.55174815998049,0.0522031909811658,0.084564623045045,0.119995094177388,0.943753987727492,0.254912681202331,0.27274972734129,0.168268082327972,0.0001280288233119,0.359272197231523,0.48154520213425,0.309704136611571,0.170317434637064,0.242045410512171,0.388021926413482,0.235645694185837,0.862985426759616,0.702899038146781,0.171216761889107,28,0.610229323333525
162,0.47496935161423,0.362056033885355,0.6583821117442,0.81784971474743,0.0606844775442734,0.00452270202673796,0.037966019321907,0.497781899686366,0.383415675254774,0.362280352253329,0.412099732510842,0.161422366322311,0.30402714303571,7.76303646992892e-05,0.473291903731969,0.181122739974894,0.305682707768637,0.315131670053914,0.313422442949133,0.807334160904025,0.577737364728222,0.0134498097342317,15,6.59723176294938e-05
163,0.654466088461664,0.493605973635938,0.802650276511291,0.548947100365659,0.0619681437534073,0.078375903845109,0.0851827015759577,0.733967347262802,0.813473125439649,0.999928297183826,0.136003667209473,0.386901039997912,0.193913391413333,0.372111138817557,0.760024450868613,0.144908822116986,0.191985644637503,0.253785621555916,0.499559855764972,0.628449111467201,0.999975606664492,0.166577295466003,10,0.986136712574139
164,0.311803551072745,0.338447503144607,0.361297342293985,0.759631115695518,0.096981031191284,0.0252913507803699,0.119995094177388,0.33716147168474,0.561056365707232,0.128124217546908,0.430246622646466,0.0001280288233119,0.165468524848218,0.310892872737817,0.00019440235718619,0.254597349472507,0.28926009457031,0.336526106513536,0.311675731458555,0.787247230731429,0.544725945113072,0.0704742476177141,25,0.482792990607049
165,0.442679914211361,0.413858591353743,0.43250568715826,0.855326910014925,0.0336650037915672,3.77011053683236e-06,0.0392092291797439,0.295950276521165,0.381535077734627,0.831657036242912,0.624557099315797,0.46976478886862,0.290889762191718,0.101894320084551,0.0340275454657777,0.125411321236558,0.201105721153122,0.134214607731599,0.499559855764972,0.814297279901822,0.591045479447819,0.155287923752132,16,0.508038455526806
166,0.915733295745932,0.288981846771167,0.214145727169252,0.577707593283574,0.0173268999046626,0.0644769962863542,0.0222438810688059,0.646339759678749,0.462570175507906,0.728399080855259,0.106661257994503,0.0870627738428355,0.269191794824596,0.401077238240162,0.206252654904743,0.306600671208714,0.177052299067073,0.324784428480705,0.322992916344415,0.976165219735113,0.775316658568288,0.088528541760757,13,0.81550441767199
167,0.373374333405626,0.56003776996484,0.466111449417432,0.957558500102916,0.0706501085726663,0.0252657288689964,2.35846800701693e-05,0.233166183758143,0.462823419855628,0.558048819146937,0.201949176791412,0.179431583992885,0.208525207529537,0.360426534430933,0.107900781422463,0.168239039574441,0.411109961050905,0.382325995094202,0.213306327825379,0.770523681950155,0.516095079816863,0.0632878772906211,18,0.525363912085878
168,0.376760019618259,0.390523891785007,0.423505895893249,0.832920818747117,0.055097251212218,0.0419542470602613,0.0607181914524237,0.565321060927151,0.466388304606525,0.667589677227589,0.33643307118762,0.418548782073215,0.217004021186641,0.265973596701156,0.343272836088162,0.0852859431152975,0.271067450948008,0.144047547115713,0.245992339223088,0.743704307886667,0.649093080116551,0.0670116758010178,15,0.902723240294458
169,0.645078332012096,0.644836348769725,0.188022410640954,0.808441926918064,0.114823315171406,0.0584607912149309,0.119995094177388,0.652757931783029,1.96226454502903e-05,0.166237058058056,0.538097844762681,0.224388343012892,0.113340318814956,0.274899138784373,0.454143108000822,0.0738488469194946,0.0681431770434628,0.482364126578526,0.233791895829836,0.838458421523867,0.709010927432592,0.122021593989664,20,0.255196892205987
170,0.329337522178503,0.188770513776392,0.208694157949757,0.703312591457359,0.0584770739836157,0.0876578964073876,0.0371749207464479,0.129745682221696,0.875631545686321,0.855413311895946,0.417365985833193,0.445298032846718,4.64802905591205e-05,0.248410890909094,0.540386038465371,0.257786501894596,0.420631541572654,0.21215944009872,0.251301185824612,0.838802644952681,0.821539525994116,0.112630879532063,6,0.587331164711712
171,0.66620592755108,0.511396035895685,0.398725686183676,0.653396486912968,0.0264960841085574,0.0435636728569703,2.35846800701693e-05,0.999640291173093,0.886921662817399,0.753447360247577,0.553458760839413,0.575732079761912,0.326791359497932,0.15787163928021,0.428666460010981,0.335027416699136,0.212879599926955,0.146251718072779,0.412216259871453,0.77685731424159,0.94691619938516,0.19055580688603,13,0.549139051099514
172,0.492552447463403,0.5308357362417,0.284242059942135,0.598785044749407,0.0661755168709328,0.112529703182324,0.00870709660465387,0.392593522102901,0.668615355422152,0.587142720059586,0.470850293237159,0.662084014203732,0.316982965486233,0.0546417524316158,0.00019440235718619,0.430325358006947,0.307764559485715,0.324974353032204,0.333548407378011,0.715696130907343,0.869341662721709,0.249984006138382,21,0.999297207634302
173,0.544329863494833,0.212759878459072,8.27004485181533e-05,0.704527296208932,0.0994185163365628,0.0866285935083911,0.0368275539568039,0.182725435144313,0.671793540141233,0.55582855721444,0.265032636413661,0.384240722155124,0.284117589703467,0.439563864073115,0.354405845323864,0.193470053690909,0.353645771054335,0.320406251653017,0.105062950610076,0.89845664759537,0.895931347073698,0.202700657308576,23,0.649678524968218
174,0.236150468462121,0.412336114352919,0.434200854875074,0.725408732301143,0.0616220580602645,0.0331307759854385,0.0763045836138452,0.28206054529122,0.477659210347086,0.701178036181418,0.477780566711141,0.262070741879765,0.057680686417811,0.223038500698047,0.874522927485969,0.314220739514476,0.304500428695827,0.115976044375623,0.179573223803447,0.813189964790158,0.887579771882351,0.128463384708067,3,0.330559921657348
175,0.00021768103810027,0.152979072559046,0.272937979357079,0.682605741599151,0.0305301622506115,0.0849071956230079,0.0934346470684365,0.70546635350225,1.96226454502903e-05,0.568455401273539,0.360426901568303,0.520289085751381,0.242216275254348,0.0898527118418488,0.615842353347474,0.0625820744940193,0.0790302901854964,0.261035792218823,0.279042196720817,0.72447277620957,0.717635665983989,0.249984006138382,15,0.965478931576682
176,0.466870018842234,0.0673730971118667,0.0449449230957831,0.67835274718007,0.0436592789164953,0.109676059801009,0.0620341256393177,0.369544594929308,0.999854110333847,0.773221836414041,0.241345473861606,0.491628930847811,0.0808987147870656,0.507476928971364,0.780683032971258,0.142021983543538,0.394921307883367,0.162110801281074,0.208154505472673,0.671637347631448,0.999975606664492,0.219497045693562,22,0.547102150202465
177,0.560359281196857,0.421180645742501,0.720274692554177,0.848791209692824,0.0536210936905594,0.0391000949286022,0.0656587634709427,0.609550827100592,0.306695420646494,0.423226850149986,0.659220227980711,0.493133383287536,0.197122557349179,7.76303646992892e-05,0.223551472697128,0.238914349668512,0.423750340293084,0.373390198647897,0.330685162067339,0.803908838375526,0.720691106137186,0.207870674060489,3,0.315212396406966
178,0.334295636797066,0.284188257215308,0.502062872960122,0.959405334279603,0.0931947315969381,0.0389719564357829,0.0550200533564032,0.42187822727117,0.560305319333088,0.521212052461175,0.585626176930639,0.440559303284642,4.64802905591205e-05,0.30018530473132,0.425806160472999,0.0666935210687973,0.357308638339085,0.391190713588073,1.47106448851991e-05,0.737049228735938,0.597599326504698,0.179259743721934,4,0.52804932332204
179,0.630640429057102,0.17810615602275,0.231540647508534,0.546554651164654,0.0254432262267953,0.0442350477077416,0.0823319576840146,9.12367616361007e-05,0.0372323186879983,0.0885064803385348,0.522613696481138,0.0001280288233119,0.304494028045781,0.352939041015171,0.00019440235718619,0.499989724523516,0.251858415631025,0.499992012141552,0.41545565650165,0.862174717092038,0.576562412075616,0.249984006138382,13,0.715399037175232
180,0.392655159236925,0.464593402252288,8.27004485181533e-05,0.793041485583953,0.0261046438693691,0.0708703358592598,0.0789740548308479,0.42838543721922,0.24618682922021,0.00025019704848527,0.273797621890013,0.135241923366448,0.474073528896585,0.254465136633077,0.00019440235718619,0.0468637831025233,0.108516653003138,0.293624307612455,0.0426479342542598,0.744901625681004,0.500132491014102,0.114273952134698,25,6.59723176294938e-05
181,0.53385162259703,0.52736066495563,0.0701258945337188,0.577756375724028,0.0816713743725148,0.111934108820626,0.119995094177388,0.23114217489242,0.143076983767751,0.0915134817573995,0.121906767703589,0.0001280288233119,0.0900653101312006,0.623682409973777,0.53835413725495,0.124260314050519,0.273344411050406,0.437634359039251,0.246393860734047,0.685792988987869,0.707299852261804,0.0976316562476259,22,0.491514143659865
182,0.379685797490775,0.650647838273647,0.123787952021054,0.620641887143188,0.0779244910796881,0.056598956540235,0.116484235248918,0.229972012313087,0.189539172474097,0.587343182819491,0.789389598670018,0.637184389871314,0.314995776017522,0.0812392650722395,0.367375496926273,0.239358633060423,0.129663166474601,0.422912636986369,0.284187463283446,0.874238299398236,0.786467894884646,0.199022966033021,16,0.509784305078337
183,0.403651910771641,0.140667004407308,0.282413135824427,0.824275609955836,0.0416087400351696,0.0316785856118524,0.0100162078893891,0.182948830051964,0.31524211365646,0.471166805763909,0.53554255793526,0.365211981699965,0.201071841262805,7.76303646992892e-05,0.604871629112522,0.139623478585094,0.355891050196115,0.356026109714179,0.225482967035653,0.784241890685589,0.532171363319282,0.171321844497915,16,0.332807150098174
184,0.593808687927871,0.323006185621367,0.599350338117666,0.871941055926303,0.0177425824727579,0.0773810858831176,0.07359083282053,0.681010136121764,0.94385083318997,0.525685908617566,0.202515314375245,0.218243625050036,0.142403967368049,0.250698107735897,0.00019440235718619,0.206365183137384,3.55416661011986e-06,0.386466778993472,0.468202585351466,0.500013466963832,0.715399821752017,0.208185970822421,13,0.801277754685966
185,0.152079722035999,7.64295788737945e-05,0.288477181743743,0.720347824622596,0.0540513567373189,0.043685800634921,2.35846800701693e-05,0.600328797776314,0.999854110333847,0.61252921574432,0.00020573198659345,0.473406103986801,0.532365284080248,0.159443431005417,0.430367656606468,0.0751264694850502,0.207200170192234,0.0855541626765389,0.488004881208707,0.564205583242125,0.915252882213149,6.79376821854385e-05,30,0.456892101880589
186,0.317055941196597,0.0874513150344033,0.158975014995944,0.602872672474519,0.0848437349564238,0.0694540953959862,0.0964937430317674,0.0891968941460876,0.675411385767528,0.471397958492585,0.183833204297341,0.228081946134589,0.471227365991451,0.263134565094442,0.611895417855907,0.166235602801914,0.434626975206062,0.120919099398701,0.31732033969386,0.712800384573599,0.739522514872739,0.249984006138382,25,0.651972312691299
187,0.290222357645832,0.117369828900656,0.962321163602516,0.79230868364251,0.000103080418285571,0.0324778752418358,0.0316264013003232,0.999640291173093,0.999854110333847,0.693390705796879,0.00020573198659345,0.430181767572302,0.421537756471249,7.76303646992892e-05,0.00019440235718619,0.264552972007213,3.55416661011986e-06,0.158978383611008,0.480258007909524,0.55421158068905,0.753300197561919,0.122310553774485,30,0.999297207634302
188,0.0467218832217857,0.296409855293508,0.302301783064696,0.665341338306681,0.0766730803282501,0.0941727400163706,0.0876869169847963,0.399716246297329,0.658576769734848,0.266177718672111,0.499667286015859,0.48551794939137,0.348212277473978,0.145591532549698,0.497762292370029,0.188531572160828,0.362423069178837,0.00023429425927461,0.237916822352031,0.719424903955616,0.952540512655073,0.15368002849858,24,0.43831600104972
189,0.650313234265424,0.263788230233329,0.296129082136103,0.506988880048063,0.0147476081867232,0.119998732919027,0.0336754928076975,0.426848976320479,0.270385084872389,0.976813851388888,0.321609205520726,0.387730130676895,0.302874864175324,0.186920137636207,0.335272886384987,0.270955696650254,0.499858107997852,0.243352893483462,0.222461686303371,0.739558359573551,0.670767410631391,0.192825344854262,5,0.580222724017472
190,0.268978171417632,0.433697737015552,0.391310549979952,0.569181190580276,0.0584112296068119,0.0727903207750705,0.119995094177388,0.00391954696352947,0.234307569317999,0.985618209560962,0.393541712948705,0.10319687365917,0.416332399883891,0.422643738930618,0.816482863226218,0.00030305628819158,0.408539936816925,0.281908112262277,0.40094369805824,0.706225873887282,0.507166072405782,0.183532194428129,9,0.114835769384214
191,0.555448019944217,7.64295788737945e-05,0.144292273246736,0.605477237591751,0.0305156003651458,0.09340287827342,2.35846800701693e-05,0.745666150577243,0.846578891003042,0.434765004902435,0.135181861765533,0.403194140088891,0.0695778559166944,0.26097258494108,0.818485919380002,0.37306001970311,0.303207747703238,0.300861230159987,0.226289793502453,0.837929222996776,0.999975606664492,0.202306226273147,25,0.999297207634302
192,0.44255879707396,0.423361717980824,0.341799524617415,0.597049248867385,0.0183126963884747,0.0598573272864938,0.0363771989143384,0.41971381319373,0.951119504702726,0.999928297183826,0.364675524332965,0.619090693525115,0.528598081637288,0.293412190026305,0.284050440025775,0.321638710130791,0.343902338481334,0.22941944369172,0.499559855764972,0.760785063800173,0.999975606664492,0.183298270129879,21,0.423533936363333
193,0.880625045341111,0.291694804821368,0.332632925814517,0.937449371735873,0.0498191716756276,0.0551428407589286,0.103975273873433,0.864005016818693,0.654460360023248,0.640356558118527,0.315547156667211,0.0001280288233119,0.116203509608237,0.425649517702588,0.551989699863525,0.119125846299428,0.199395549781748,0.499992012141552,0.126136862502273,0.709489190282522,0.670509196214442,0.10063886811592,16,0.269606040252557
194,0.793619463366985,0.522148845496857,0.281431392761466,0.51690884896111,0.0651642035141548,0.0991841408356622,0.0619918376909753,0.999640291173093,0.712871424383232,0.30680005289367,0.291290664269756,0.211908950982031,0.276645550683796,0.0466211526528494,0.37119188729343,0.22922629433144,0.293358473562697,0.329723466120194,0.139575946201676,0.777184281212786,0.651014933818209,0.157159386526827,16,0.0938428355533634
195,0.788507168112656,0.163824145285311,0.193258458911766,0.768746160912073,0.0281336936899289,0.0963693495679733,0.0198468454486936,0.389530971714956,0.64904116912999,0.870271358956653,0.131136417577551,0.0795050675020327,4.64802905591205e-05,0.220315601758358,0.278092204463755,0.247564905676691,0.295015310621704,0.272693252841876,0.234334985825136,0.86950197970105,0.640249677205981,0.0340170738254494,7,0.74014766889972
196,0.490014508209647,0.171567703852414,0.142180805432262,0.69585828632682,0.0404334742703195,0.0548405393519782,2.35846800701693e-05,0.296936260348713,0.999854110333847,0.283957973810962,0.138511958094691,0.414097788441142,0.222737048996606,7.76303646992892e-05,0.236902903888469,0.28099514136126,0.29137463422784,0.26470329569112,0.283738561438386,0.794933692175596,0.705640636247317,0.172109230606637,20,0.375060114154378
197,0.419133612718528,0.108913586512107,0.358630044773557,0.506876742070245,0.0396447041784176,0.104882155339512,0.0212184989828206,0.550995851999988,0.895796733192937,0.46891241138794,0.00020573198659345,0.460408435638876,0.103553956728174,0.103066323950814,0.388334613104284,0.229437620022481,0.499858107997852,0.201402870123295,0.151914379752662,0.877541100019157,0.807652895464944,0.190547674632553,17,0.750122496371654
198,0.0633569275556995,0.0664134087189319,0.339071765990737,0.939511234896058,0.0478474382627597,0.0571326007793257,0.0273818210408719,0.986880938372393,0.999854110333847,0.750698855901374,0.174234918344101,0.695859586107683,0.271855130334066,0.235665406090178,0.260681449161486,0.249967614473996,0.150322007500273,0.393692637786655,0.337916054348618,0.657118783605372,0.771818565161116,0.145059901092401,26,0.70763147908417
199,0.798518518114297,0.481135918642655,0.0712412423428181,0.677199164343903,0.0796812319812431,0.0681426286207628,0.0582105869720975,0.999640291173093,0.462574957317887,0.243021882198945,0.506285616657736,0.324164204987437,0.152011055984509,0.0240372861492651,0.27706618269734,0.00030305628819158,0.1007059556116,0.337420103469922,0.244903090566728,0.915440353413301,0.686416765653788,0.0436170138826157,23,0.359380495735262
200,0.565989183001331,0.672286057853789,0.353498226566076,0.769017231824006,0.0617602427128365,0.0270104100271944,0.103411136845194,0.428719468579938,0.370911109329914,0.530904974886323,0.488277908227892,0.333038977902652,0.0575364528323264,0.212821168368506,0.735761952715222,0.0864246399687218,0.248110832562441,0.405684744612121,0.191654647308481,0.772783511190857,0.999975606664492,0.142559631893757,8,0.0645468289438161
201,0.547386121708728,0.55792036154503,0.99998713443117,0.557673245035702,0.00105348649808253,0.0141105562378171,0.0120889716553256,0.999640291173093,0.666669647703621,0.678951748289882,0.00020573198659345,0.0979869332237178,0.522415544172064,0.144216919418457,0.0743125502629567,0.314817542945275,0.328819817334278,0.185556434106857,0.397228171919203,0.860141825588676,0.754675840214206,0.0657708359594748,17,0.528179781874609
202,0.767842305227442,0.794673839973771,0.792362514194957,0.785519440888302,0.0819526113043516,0.0569109715097938,0.103738626370472,0.427018777525255,0.644001300838572,0.959670262603245,0.0716253146563948,0.0767928394882033,0.320777375697703,0.330546931525408,0.783648665252261,0.032329731564272,0.327537278098422,0.284988353323086,0.314361035100514,0.773807063918513,0.680965099557173,0.0116776339587298,10,0.269863445806465
203,0.635618089914545,0.495590669214717,0.528932176305633,0.650013533784534,0.0605046100723084,0.0495726243828213,0.109535544492775,0.999640291173093,0.898629445010464,0.546056985001913,0.347720881707133,0.225459506240108,0.257217124010388,0.281196550914994,0.630532886146239,0.201741160289285,0.326854066020729,0.115683567495692,0.23466133125007,0.734768415716871,0.850652254678976,0.105191189546917,25,0.387625186740297
204,0.742644853535041,0.460181938554054,8.27004485181533e-05,0.71164850033414,0.068095189984696,0.034883883040508,0.00876705018096149,0.294468322571855,0.208449793890319,0.718320100899413,0.569579838454002,0.279966306712104,0.168136006754946,0.44881286468998,0.745133269549765,0.304487578287372,0.471020325684264,0.00023429425927461,1.47106448851991e-05,0.727460025504971,0.899338359911432,0.139874289347097,16,0.334506185394462
205,0.659777415170824,0.274154619643926,0.535311822764391,0.595208286136018,0.00822605002192262,0.0850214202556955,0.0620999877681151,0.347353762474084,0.577996899447843,0.999928297183826,0.00020573198659345,0.202773902428298,0.268531156650935,7.76303646992892e-05,0.891577395712076,0.0598337342085195,0.398941072131929,0.0560824695688952,0.242564982916857,0.745249683029602,0.759423056403072,0.179620000093889,18,0.311256829838476
206,0.163339857328072,0.419905051805289,0.476239777765619,0.820353422042721,0.0586797433728614,0.088413821752397,0.0712204569225217,0.508418143701229,0.532512588850598,0.201226874298456,0.386616602642907,0.00425495112246199,0.241245713430173,0.415169781078239,0.173573010189856,0.344348482124968,3.55416661011986e-06,0.394721143918173,0.443015656569067,0.535621744011726,0.586588497138852,0.1814542785522,13,0.78505729412934
207,0.398328417648935,0.422169340934574,0.299765858129052,0.59443485355548,0.0243761108039445,0.119998732919027,0.0601376206811836,0.42410168306271,0.83691527140192,0.612903050396283,0.321432978475152,0.402640000466939,0.247364202039338,0.146916887466059,0.0290471086116916,0.399058016078078,0.0359466026438759,0.215823763379332,0.407198289994741,0.672514902777632,0.737728749723858,0.146481652375989,20,0.76946029417415
208,0.616030497250642,0.35826458087823,8.27004485181533e-05,0.612473528339184,0.0329343350258415,0.0687770801030205,0.0439729228041898,0.530587807866692,0.524523588114237,0.373461357512429,0.414777638143088,0.197629518220151,0.0361561807702756,0.476714474167873,0.292827890127645,0.349390071022879,0.0126918939838772,0.499992012141552,0.261240802023589,0.747120917099901,0.893624590362623,0.184841728110037,17,0.35965239361815
209,0.280551403759242,0.551186276678866,0.279551200818558,0.530241724349884,0.0650513073613465,0.0828521889087309,0.102860999612215,0.0806579483510554,0.0588723322072889,0.74471366890887,0.25639789133806,0.36582965348442,0.461971432222671,7.76303646992892e-05,0.718021446437421,0.0831603396042741,0.499858107997852,0.15817546428267,0.401609518254461,0.71712033998161,0.524289283480474,0.0865773020373158,15,0.557789168729395
210,0.544325457063952,0.314008744891405,0.822147030977422,0.744825593056379,0.0478195695692005,0.0398660299160026,0.0467445313912269,0.950340316887906,0.999854110333847,0.999928297183826,0.00020573198659345,0.025995274691632,0.129125969338913,0.402285341548932,0.417047652452115,0.252839907711402,0.236552368931969,0.229890825499902,0.137295312065937,0.670390264765568,0.927803266337236,0.0567851083145091,20,0.999297207634302
211,0.0309120618211116,0.563520576881733,0.0268721703283196,0.828357686993956,0.0560519035449291,0.0308698204310833,0.0560993703368552,0.999640291173093,0.885996561631375,0.811504376856098,0.197278868786936,0.877348000522924,0.383878807863392,0.428711303817286,0.102855596986123,0.00030305628819158,3.55416661011986e-06,0.211065949111469,0.401919369601196,0.500013466963832,0.889962238072262,0.0848990409832733,30,0.681487200273156
212,0.878989345382324,0.403709902657106,0.601129294842311,0.701741451100902,0.0561458967065427,0.0220991808143221,0.0458643257267453,0.89083170324811,0.604603851459928,0.368429747704595,0.00020573198659345,0.171964625287034,0.0444706539992476,0.243761334702336,0.495705720191967,0.0341309721549864,0.208498052543619,0.416876582576146,0.318782345906881,0.771630459853839,0.818163530947255,0.105493622496034,22,0.514603739175604
213,0.151567301730052,0.705588964023463,0.396617832999828,0.769604638676655,0.0520185425745713,0.0332449812355749,0.0340768584087301,0.591611581915068,0.610446138287192,0.393067275516481,0.109683685703865,0.445426544291876,0.361377051928831,0.162555705714536,0.285236279699794,0.130017308039789,0.110594066166742,0.334568422188993,0.394132988781025,0.817953277269376,0.749125791155953,0.059610247454667,24,6.59723176294938e-05
214,0.703729495520484,0.593234594598112,0.309939910709689,0.781756768775944,0.069934987041673,0.0883701976443736,0.0159297022825189,0.645126902147496,0.572950379983348,0.614375753064453,0.125404388305028,0.182731124735327,0.299048734600596,0.373020902196797,0.15139817137554,0.0861324709207847,0.261834215802932,0.0526648737711444,0.274458380912795,0.588295636636351,0.681903787148818,6.79376821854385e-05,28,0.784411102611319
215,0.524562476528815,0.150517802232733,0.658389507756264,0.500063357459616,0.0263019056052189,0.0606413659300628,0.0826000619023962,0.506392606722189,0.664762547681013,0.852528898253584,0.00020573198659345,0.18241220099437,0.355114828365673,0.0206004547103616,0.0532717287849097,0.287912019575276,0.430605090749033,0.231491498004122,0.275219695907297,0.773718115342328,0.639294674977106,0.0302861703313625,13,0.788155760046447
216,0.101237140359259,7.64295788737945e-05,0.0124082607774224,0.99564269484342,0.0730976110037131,0.0596933001737963,0.0978788216219942,0.353642000304732,0.614429503156569,0.547906202670742,0.240373099679847,0.337329821797755,4.64802905591205e-05,0.192324917035773,0.329671479585041,0.00030305628819158,0.209717617681207,0.0279399214882268,0.0297860894609068,0.678381446801298,0.779832408464744,0.164152238749482,23,0.730040720560421
217,0.844889935142597,0.388107961895509,0.277099250409513,0.764055342186032,0.0652861470904702,0.0755900077448627,0.0127510130368496,0.764989828105205,0.576680137707244,0.696437540837976,0.558591926110046,0.220204830935395,0.312356717657738,0.576453246700048,0.926059208363766,0.242815928049108,0.499858107997852,0.499992012141552,0.442444662252733,0.646604954916446,0.868157598724783,0.220625651809243,3,0.0168589310190436
218,0.715263817609553,0.41457315214092,0.219675590179338,0.699624334848453,0.0697004841903508,0.0342980967679985,0.0293350123176073,0.913088738076373,0.297855537903927,0.594874092170536,0.709861089311074,0.363064354371554,0.145271377322831,0.506632083400249,0.436566638013899,0.0825408145298687,0.197701050544592,0.193229393580233,0.158815392831194,0.647430711854185,0.860453432688938,0.148633721274463,23,0.648947687516477
219,0.92160788498306,0.256063903137622,0.263125758480379,0.599028623192724,0.0986527783977542,0.102766211735036,0.0495457511724829,0.807473049598516,0.929990543287384,0.547843514737739,0.00020573198659345,0.129806651850832,0.0704439765832036,0.0712962073623052,0.847626339170686,0.0741177263587765,0.465242405913754,0.283484325081097,0.202415091058819,0.941686517747434,0.714792231900365,0.0354674243444926,15,0.271817941110225
220,0.00021768103810027,0.0021089223550198,0.330048935704303,0.723195458427144,0.067404837142356,0.0742534133641001,0.071672924740095,0.413040052950401,0.719947390073817,0.629056359873823,0.0620917353502019,0.164226470331581,0.465836075587639,0.459889161926499,0.461459650086309,0.192844149524322,0.482204399737592,0.336899320133574,0.214215993016449,0.680916436328541,0.693606033498139,0.207522236392679,24,0.769512252568171
221,0.420757543876888,0.108272137147348,0.300646389972724,0.500063357459616,0.0401529797464132,0.0226281285341326,0.0306269394518686,9.12367616361007e-05,0.242877960632868,0.767915377045811,0.0609951887162439,0.302833234529534,0.442881494047868,0.0504395019495856,0.718819159181411,0.150973592617814,0.450915589924574,0.195034820169177,0.44071813341714,0.999953931943418,0.627807506853122,0.247571248966824,12,0.988315689733712
222,0.202919453624808,0.18546779321177,0.347030946167426,0.625336745089277,0.0375802576660727,0.0948541938711722,0.075817891570308,0.116457881452087,0.620410586273475,0.193148625314616,0.419360412086152,0.282178332284382,4.64802905591205e-05,0.0169451040634664,0.236447985436991,0.464833973976218,0.2502738473102,0.499992012141552,0.187005951876997,0.717500015175857,0.708412275052708,0.112023517039244,16,0.506047497774175
223,0.576311313227307,0.380078186496992,0.228907760141204,0.613946978046518,0.0575395429410599,0.105047046005378,0.0696284911986958,0.262905373439756,0.883778256035714,0.999928297183826,0.103639912475017,0.2985317899275,0.293579916682329,0.175323782317504,0.541175582092648,0.00611087094696686,0.268647521031149,0.325477952412354,0.346408590811824,0.652239112570021,0.565648730740179,6.79376821854385e-05,26,0.933352822230158
224,0.444529545459737,0.627937010331137,0.38024540027355,0.653283010391006,0.099722784114529,0.0722970661566385,0.119995094177388,0.180989722466267,0.720043838037075,0.999928297183826,0.384061187056501,0.251484181485696,0.0885820142884879,0.232379821812654,0.440879796407732,0.317830987693252,0.447941696118352,0.219634455723642,0.274569188549719,0.775035889038352,0.800354120976587,0.0948831285754626,12,0.834614315200944
225,0.429264272481627,0.5950721327589,8.27004485181533e-05,0.912651852563791,0.0815978694340117,0.0135993953620919,0.0419456149946949,0.561734571669451,0.0415359026010067,0.573068415932163,0.513407657015074,0.371437140069869,0.153541460558557,0.646380185704173,0.274696341330183,0.126860420791268,0.331672491367439,0.359296198804963,0.115805486715969,0.500013466963832,0.788067831617045,0.17921491166998,15,0.533366782698243
226,0.56483397230343,7.64295788737945e-05,0.343957247643249,0.858070871144151,0.033565287474049,0.021382541201203,2.35846800701693e-05,0.173365691311445,0.999854110333847,0.999928297183826,0.00020573198659345,0.442138336229318,0.0649526693032041,0.0399995620520991,0.545640371353847,0.132812763287845,0.304853460679668,0.383807283954116,0.292917600184026,0.744484747934799,0.624840599274962,0.0878567757245687,12,0.57690437183011
227,0.417072083022044,0.236138108772243,0.517730718844332,0.673024479461058,0.0384099552216846,0.0699549979561372,0.0345823580114663,0.999640291173093,0.87952098104082,0.567184090956686,0.00020573198659345,0.404532295326083,0.26100846577132,0.353295435580918,0.0157557212833215,0.0150571728666975,0.277297962365738,0.283259482150606,0.482270627430663,0.664159453037786,0.785490129031039,0.0820284118115144,27,0.766206709020383
228,0.555001856045428,0.18653174715874,0.0646071146426433,0.566885328763358,0.102482430757019,0.0804637731459245,0.0981374459264982,0.0822389571280825,0.393887987829455,0.0874791467166424,0.185496194139094,0.0723788905776921,0.358633243302327,0.384201955155764,0.479379686013096,0.175415810092464,0.295147831418609,0.226841638390012,0.458032591092643,0.83713279393304,0.706982414940362,0.100243485962328,30,0.932307974313842
229,0.13362552905594,0.411415082888964,8.27004485181533e-05,0.698782889250026,0.0925369504789761,0.0669200789813518,0.0958362251278248,0.954029372351078,0.429846830106742,0.452921232538531,0.00020573198659345,0.363879858940043,0.362346523369976,0.497386268875966,0.259497776288806,0.00030305628819158,0.0685756865927123,0.21069816116891,0.164784304173242,0.507795413599467,0.781032261710262,0.066017385441865,30,0.790025260125434
230,0.376737597196472,0.336278190165448,0.241684304351437,0.766825810403767,0.0558038512862981,0.0931076861576812,0.0576390260158737,0.673490137863852,0.473749127702203,0.446367493287484,0.111308420684382,0.156864725943725,0.154054497228426,0.255937891340302,0.270073357738205,0.182883052578098,0.317190445358826,0.180559656514482,0.0113385520658472,0.877942658341521,0.696872059902172,0.0793811285523175,14,0.356033408565371
231,0.463843348528685,0.297518165358189,0.0146257949558429,0.919131373295064,0.0354263338950471,3.77011053683236e-06,0.00659764539642745,0.469469694121731,0.146648278758736,0.951272812333147,0.69864729853851,0.465909832962594,4.64802905591205e-05,0.24668916528388,0.695170646573473,0.195363439508458,0.250382911656704,0.178251218063998,0.295708078993046,0.891218251863532,0.793216329834857,0.181563549647313,15,0.527919263872995
232,0.582477972913989,0.390360885376374,0.594108550268609,0.823263799925398,0.0844020083612391,0.0925711686690382,0.0980892353814757,0.668693707986276,0.269002733890555,0.686432750970257,0.35718039056261,0.0339179848834135,4.64802905591205e-05,0.204820828713386,0.116514028913727,0.318453073204947,0.423300510663935,0.353687334199965,0.0478880371353706,0.859949275516533,0.588142073323559,0.0950389501663448,11,0.892659492522774
233,0.735080771585012,0.401368339317175,0.120342679814242,0.661625417576481,0.0493837725498665,0.0650828626223882,2.35846800701693e-05,0.608117916624327,0.496010216649284,0.424743808080948,0.73895780246192,0.364824040593806,0.369793675224437,0.27699643012075,0.153113698222379,0.185428778094181,0.313614586225446,0.182691465584611,0.182151200106977,0.782127530347435,0.527043856194669,0.217577475410186,15,0.599955415973638
234,0.382928439475607,0.517850501065085,0.861401621503686,0.697102324390831,0.0248395256447406,0.0362273575755013,2.35846800701693e-05,0.997622998375049,0.739210905331388,0.433736515810376,0.00020573198659345,0.0001280288233119,0.414287674009202,0.302245474357878,0.00019440235718619,0.373658794705529,0.377141183675211,0.124895440345209,0.254649452595232,0.572470121845392,0.674977587916094,0.059157823435799,26,0.499217663534438
235,0.175052521388095,0.399760277702903,0.0448774730764039,0.62493751417079,0.107028034677068,0.0640921358051732,0.112331630914985,0.799155912261275,0.228272815875044,0.73601168525761,0.747703879223266,0.702159744784004,0.120330167429592,0.23310821950275,0.671912785300775,0.00030305628819158,0.331420413100876,0.219776524461016,0.187744964137532,0.70327934730718,0.791096659955971,0.249984006138382,8,0.999297207634302
236,0.210390377945546,0.297285146807616,0.496124381016321,0.789995250505844,0.0307711721246165,0.00708963319269772,2.35846800701693e-05,0.218373086996335,0.47740250360022,0.443516924274386,0.32090311305208,0.697712959624551,0.281201188356192,7.76303646992892e-05,0.376425357668255,0.185234791799778,0.265505781849343,0.21737209375483,0.264241361888616,0.933653071299871,0.566142894842983,0.128104640141782,16,0.729247813294637
237,0.583085963941141,0.108369042468749,0.157666929001431,0.585246152043464,0.119087285239586,0.0507470214970993,0.119995094177388,9.12367616361007e-05,0.0689227148963287,0.00025019704848527,0.126219455351303,0.0001280288233119,4.64802905591205e-05,0.503767525713572,0.3639922260552,0.225033496994277,0.274326097996665,0.37532255669924,0.0140338162289091,0.852895297889795,0.822927558408169,0.171652552141579,20,0.773318002703924
238,0.361626693092633,0.113448566537738,0.631212403369759,0.723175573155065,2.69250937448815e-06,3.77011053683236e-06,0.0134351670819497,0.155505660215714,0.594606539219397,0.999928297183826,0.384179607361726,0.641918052743705,0.245861859429955,7.76303646992892e-05,0.344472644387237,0.0982947459019283,0.181147190382575,0.262244399552474,0.206596535167072,0.754706646618261,0.643920207544513,0.24760934251348,28,0.562411012704753
239,0.501931635890832,0.29095904030858,0.99998713443117,0.991060519318069,0.0144472321813174,3.77011053683236e-06,0.0839657581847042,0.868916148791675,0.856488913590857,0.79559899526036,0.0188888645803972,0.0903206286386906,0.190654000810849,0.254846073292263,0.0605622705337392,0.00030305628819158,0.22383120343468,0.425824507333096,0.397253663198567,0.500013466963832,0.549389070627104,0.166079828232516,21,0.181829813223565
240,0.895801017572741,0.648158816266708,0.154859507754834,0.657755577173904,0.0858358580038968,0.0615459503875201,0.097406228305535,0.629713682426583,0.17032680605612,0.660318824987549,0.276592312630203,0.0001280288233119,0.0639605697568638,0.512417280168271,0.143364238584931,0.196214236663923,0.367854316758397,0.174734550396207,0.123597512698011,0.881325453757942,0.686785780599313,0.0490908243158802,7,0.85778855277212
241,0.40418024096513,0.602839805618519,0.70206306903838,0.747384869044525,0.0434080249754413,0.0367667069757868,0.110781104163688,0.835771170849677,0.422528312148121,0.350235840789566,0.258492541059655,0.227825994600239,0.24589835933406,0.158761896964449,0.410928694271313,0.0958113408227712,0.115583284200501,0.249694701423214,0.441161721359542,0.666011670322737,0.869466567075642,0.136732333014618,21,0.299120152371267
242,0.531403394849631,0.616270313676168,0.217263025820998,0.518885210144362,0.0597830465829403,0.0372616927724661,0.0268868721661543,0.448607411828811,0.651201063941013,0.405043998673961,0.302338526490954,0.334830715822535,0.388948118311612,0.464069864325888,0.164474259402074,0.246062243526762,0.389562491116892,0.129195868458198,0.493334678908404,0.967953020692516,0.91330273657114,0.172451618235929,17,0.358162738911664
243,0.495394563795518,0.664764550560948,0.684555043396496,0.620474513684484,0.0480751815277286,0.0356670918068803,0.0494210362113316,0.661920224258999,0.938481692158857,0.306181961262497,0.252693465184132,0.38505466041766,0.244749159248336,0.169674081490364,0.339326292522448,0.220219479106153,0.289846676700993,0.0122882936078876,0.377017288766992,0.643902811110604,0.943690890469508,0.136470106663723,30,0.56897419820984
244,0.672871096867079,0.404709089608424,0.319408619960429,0.603434455227026,0.0246223445276067,0.0916859822200707,0.0393125003779401,0.999640291173093,0.809577826550369,0.681988286697298,0.693606258335895,0.751381464551688,0.266468536257548,0.0157224669077228,0.3715088584714,0.201674170054855,0.380089977974864,0.15933342714469,0.41880976877162,0.666169958640516,0.83561954215304,0.0204231626306448,19,0.434638864766983
245,0.325137734429516,0.569274056024771,0.891156635679982,0.726112559202411,0.0299965753215509,0.0856032159378135,0.0727920177932544,0.942319329524909,0.999854110333847,0.627889677188841,0.00020573198659345,0.450503636198896,0.528332561332384,0.0220750917860359,0.00019440235718619,0.20572291968808,0.430541738562278,0.128814549912557,0.416776765834365,0.500013466963832,0.701318204115909,0.0446956129795275,28,0.943875754015938
246,0.373450652927699,0.612333752008682,0.185724350818576,0.669202921596659,0.0958113037972431,0.0347926187627716,0.0769039352386995,0.427981387276802,0.651236577805436,0.533504464329463,0.7873154892509,0.338467044221132,0.188964221403001,0.480002578791089,0.412897642642298,0.373700642736696,0.225308483569594,0.189674094444504,0.410654641375141,0.592610757159305,0.832672436787629,0.205012760727127,27,0.70085967506015
247,0.217581901507098,0.583315456732063,0.0178894458445861,0.857040759682169,0.114544259486502,0.0668282526085621,0.119995094177388,9.12367616361007e-05,0.342409850327387,0.950898094261673,0.560391368674325,0.396786829859438,0.351972711459891,0.391716090844436,0.905958588233959,0.00030305628819158,0.36559654094485,0.105308704290815,0.22979177423268,0.702112382031154,0.500132491014102,6.79376821854385e-05,11,0.00309834150780597
248,0.321824883813883,0.285721003960856,0.651857206041618,0.8698680032545,0.0672912449364992,0.0248529904930948,0.0986210174127857,0.591249551713008,0.476287986617639,0.809091875615086,0.00020573198659345,0.0303954226641735,0.15192790853905,0.318321017746248,0.451858961011006,0.0713878284826007,0.312416886406524,0.229019208912644,0.253099581249068,0.693101712697972,0.72407310363047,0.109201860310885,12,0.423883743079127
249,0.577737014289602,0.596590658070844,0.381288329552177,0.715826971533764,0.119957540288265,0.0734269770898015,0.0889497013128759,0.999640291173093,0.495607434746905,0.470214725254621,0.10076866297205,0.131835511087532,0.360756620764053,0.483309070476791,0.360499436885785,0.00030305628819158,0.204518182186434,0.0895006149503882,0.0884570423830659,0.743192110518498,0.644765551027926,6.79376821854385e-05,30,0.90108360879468
250,0.999852021087501,0.464114776074528,0.301597206426802,0.623464199024495,0.0969887508421568,0.119998732919027,0.0663502577213905,0.999640291173093,0.189160500923778,0.660658555847976,0.0950838756006417,0.0298515014969236,0.189789909331386,0.40448415284155,0.336015459552093,0.0449704915083473,0.184863690542628,0.345904685374098,0.284881301755483,0.96785346126201,0.700303577858338,0.0268639031297856,13,0.995829712709486
251,0.416564245542655,0.527788757245256,0.0687303534589514,0.519555595531033,0.0840474121523914,0.0564642541668916,0.000320155303834439,0.91125241761207,0.774157750700324,0.669089698417498,0.289340166846385,0.536026508707441,0.193520368416146,0.496211068203479,0.447779400580963,0.499989724523516,0.309537734961736,0.266461788036388,0.283404154060716,0.741035388833514,0.999975606664492,0.0660262093921391,15,0.999297207634302
252,0.852818220748395,0.0559182126402508,0.637503293299995,0.785864210868618,0.0390924285326543,0.0566568436515169,0.0331436314755194,0.894676654001276,0.388245142653017,0.813593786137008,0.0225221814500328,0.115900828320871,0.0768225797539421,0.523194724911981,0.738981401260286,0.174805343568098,0.350540744840514,0.416514826452551,0.245470825190356,0.855774813076868,0.999975606664492,0.249984006138382,3,0.248903989040301
253,0.41858487311405,0.388633383156603,0.504887648583959,0.823358210805626,0.0145492221904658,0.0422436287867454,0.119995094177388,0.876808019016172,0.369719824536276,0.6975837902184,0.598336099041755,0.0750873387401772,0.293425335361148,0.323714840334155,0.171641850652443,0.018754487319667,0.251854722263597,0.271966199686321,0.163907121091202,0.567402715492824,0.500132491014102,0.179452185676123,14,6.59723176294938e-05
254,0.815493231585645,0.263409029859542,0.214292072043248,0.521113971403309,0.0663390957153157,0.0904845975825701,0.0466656397584306,0.408947003043219,0.337113425699499,0.609262499222553,0.356389153787497,0.0001280288233119,4.64802905591205e-05,0.407822942332772,0.574804923383139,0.410917566141809,0.499858107997852,0.125784733430196,0.0151395471958266,0.902752862674977,0.986315208705259,0.167914350074907,3,0.288745211412136
255,0.917004506573901,0.811292380305062,0.346905040658473,0.655065836462337,2.69250937448815e-06,0.0513850912111485,0.062387751340735,0.695825685693932,0.518903139977103,0.936962653860557,0.371622782787115,0.4731854325577,0.23631248242135,0.0774908201992195,0.359705695011283,0.078552615019598,0.232166166948082,0.352729638322059,0.499559855764972,0.789463674962405,0.804548171389749,0.195917784174451,9,0.283134654530829
256,0.171735014218081,0.0485716035474337,8.27004485181533e-05,0.78502286416554,0.0876658311716098,0.0631723389400992,0.11911843427478,9.12367616361007e-05,0.356019406465864,0.73080245608147,0.69322300052523,0.443062512863743,4.64802905591205e-05,0.387636974534398,0.778037711446937,0.0837952669735112,0.00446427671432931,0.208448417449574,0.200844205137003,0.890580204902652,0.753890591321429,0.117047960913438,12,0.486909417226922
257,0.420244403828554,0.380008433548515,0.145591522942531,0.619494832445437,0.0347350020096835,0.11642143175511,0.0609355688610212,0.5073987196526,0.479018961596616,0.538008514958532,0.358492413481869,0.282988414685451,0.231478269961271,0.264395610431529,0.388326424114657,0.190680356100631,0.33496655886465,0.279040053148071,0.269928698153485,0.879436152277151,0.739905826182636,0.172834439763339,9,0.424551873974886
258,0.872180148848978,0.932103305787536,0.99998713443117,0.621195031205207,0.00511889944917752,0.073377890754772,0.0891147724831581,0.999640291173093,0.491326708839585,0.742976991345996,0.103906014584377,0.275438131274912,0.542043932674831,0.16215151718062,0.33674481350897,0.105045973231417,0.225184940423845,0.241208297323446,0.499559855764972,0.531573696317694,0.686812219274046,6.79376821854385e-05,19,0.34376061381582
259,0.109776181445757,0.134067831224895,0.177971429301514,0.71023991945044,0.105053001259959,0.0300745610804287,0.0955369716666756,0.154278244177601,0.777466064989399,0.687396002634859,0.00020573198659345,0.411039775474969,0.0986724676925851,0.236202095519171,0.511459603548854,0.0589655327356856,0.288191998491593,0.219546376551058,0.248860396653907,0.61219257961916,0.789005180265946,0.155770014715577,12,0.823105449570182
260,0.711522598036679,0.632471170367361,0.443887079803987,0.725447610444394,0.0622579459538531,0.0391403345882317,0.0392361712420122,0.436065987953694,0.556329839406792,0.829820728944699,0.497111199620616,0.200343689855271,0.219598357096899,0.305799500343343,0.398157872861803,0.300427925951508,0.158362100289907,0.490647885811982,0.371869756208399,0.898355150318938,0.624080961081283,0.0594951903468903,3,0.281060032721179
261,0.0300557208610647,0.14956104408456,0.900439242498081,0.928033037553072,0.0404499221733481,0.0060904078362154,0.0450996730470171,0.989225560360229,0.72831758219232,0.371490929258361,0.0453370962790348,0.246919499120877,0.370817675465826,7.76303646992892e-05,0.00019440235718619,0.295664020476259,0.3214395313483,0.237050685461289,0.294909093824365,0.980145514817411,0.529015926238588,0.17000274054163,14,0.697463234935356
262,0.569287215082256,0.45048734554952,0.248063788810879,0.500063357459616,0.0641893131556609,0.0794875997305248,0.0348170699581293,0.197128850131618,0.373465299309908,0.76027306993386,0.257391627843164,0.376792260026205,0.00869746645097749,0.145718417227476,0.555178663156233,0.355963277359597,0.474717074988061,0.253448623633671,0.403235071440081,0.916729220409657,0.910570073676381,0.110774680033706,8,0.798277262922679
263,0.814746049899733,0.755931486106575,0.584236256960696,0.622133435492089,0.0310185064952643,0.0488102088877563,0.104954981756988,0.934004822556158,0.78513042338763,0.378053129903605,0.0539397830240402,0.190632590322925,0.241161383860792,7.76303646992892e-05,0.00019440235718619,0.218627009194019,0.13037231270366,0.352593991497206,0.499559855764972,0.535786315232262,0.674897639296062,0.0710069880933251,19,0.508411370538949
264,0.562733849972838,0.301092802624559,0.507642072702246,0.740320555753987,0.0576620694284525,0.0510303651212348,2.35846800701693e-05,0.668274304376018,0.933689432428256,0.859900416389147,0.123546602449777,0.440460152555524,0.361458317275625,7.76303646992892e-05,0.480025412613921,0.204753084214758,0.499858107997852,0.0982672802098032,0.206148627814456,0.999953931943418,0.666444916111152,0.0290534724253849,18,0.656631865644765
265,0.00021768103810027,7.64295788737945e-05,0.447792076746637,0.647291247791374,0.0547775422605276,0.0852786163134423,0.0766655851304134,0.48361242698589,0.756785919896301,0.449399039492616,0.0109856940184984,0.497209914943776,0.271905593893222,0.303630466205723,0.758235698181077,0.2200440367495,0.362271437067674,0.352631018952724,0.476303669806035,0.648383053330649,0.897181940349811,0.199031700527454,22,0.816773699302362
266,0.999852021087501,0.832844581399018,8.27004485181533e-05,0.639922350681525,0.0701082140408397,0.114501131800125,0.0552479618956538,0.999640291173093,0.448880862585527,0.621448793098206,0.555024338341278,0.0208395361788751,0.139034630333456,0.745892521159731,0.351044152851592,0.499989724523516,0.327298013307783,0.337569227710722,0.280268101139854,0.656776102127601,0.823706386232627,0.0517223572537423,11,0.480016350196913
267,0.310090537566936,0.55080348560229,0.266608293478758,0.616102813986108,0.0639862124956033,0.0894754036410806,0.0378192471035783,0.505828256444425,0.584342104009644,0.999928297183826,0.594002665639015,0.806874528995333,0.430989522200085,0.0498571004169963,0.489508888179302,0.250368743438235,0.499858107997852,0.205755125611152,0.365845526136915,0.798399888844018,0.721152432220749,0.181627673666713,5,0.670052711192217
268,0.284428443563165,0.445957406589375,0.230630821717965,0.744983179548238,0.0505934458902038,0.0391567549006839,0.0565577484185937,0.610669213855032,0.153442150202039,0.388398078586543,0.367007465541774,0.378201002543052,0.297728308282629,0.408556051777323,0.682412399765986,0.00394786103381234,0.44971263074464,0.412533982658435,0.309540866182701,0.668238891190987,0.731915836895913,0.200938106672798,15,6.59723176294938e-05
269,0.705758345915849,0.444219492082554,0.673597373195374,0.730883752710321,0.0790580378214619,0.0232421191074408,0.0097664368520843,0.820964574083282,0.637566112071329,0.331205054012858,0.273971417169004,0.249359794470718,0.356139839019634,0.179454238157805,0.214569193791322,0.245319467916423,0.099672492247521,0.221640489011221,0.499559855764972,0.78814723519032,0.72549924714422,0.0826221670935201,25,0.629643455216231
270,0.458486232323918,0.411188067530877,0.313172183115738,0.745200680456342,0.0965490651889925,0.0469168905011834,0.0666791707338351,0.0737762715454371,0.173548478674319,0.491318983138897,0.769044316594346,0.0652277288590964,0.144151572574298,0.114088861070084,0.46111408907953,0.287533526694848,0.235084047098755,0.196231855147821,0.15420812077817,0.963314623128445,0.500132491014102,0.193184971741067,8,0.493625393031136
271,0.319349424533727,0.398335225529537,0.393075272219174,0.746819030869232,0.0503456161565389,0.0907587291255407,0.0648639332774077,0.918162593784231,0.728113507106746,0.465268327736911,0.342630006136211,0.326537531364775,0.236409112022384,0.19096363835314,0.245222196787326,0.246105555828911,0.402888734846585,0.289529685520257,0.160073365219417,0.781136439057355,0.773536040705553,0.146038001945969,19,0.799305367404862
272,0.301124159081746,0.243012066039269,0.176098195603976,0.545003929214069,0.0382166350508571,0.02129279942567,0.0220346002372086,0.825709101357186,0.828859951868387,0.466970392037106,0.323800432684975,0.633882351692375,0.370531733216444,7.76303646992892e-05,0.00019440235718619,0.291186429774261,0.300630085449024,0.10494479934188,0.330676215202386,0.829618254970765,0.999975606664492,0.155382988152688,30,0.581015078835886
273,0.804916107778265,0.382796836544044,0.977891326286336,0.623901432254486,0.0234954154569517,0.0472140237730513,0.0529446598471736,0.817674491181327,0.612752907887553,0.694989466113593,0.00020573198659345,0.211721694368866,4.64802905591205e-05,0.00543610101329969,0.744691595660115,0.207936306652952,0.30548926386421,0.419821754725899,0.403661786391203,0.749452953013566,0.981605592193914,0.0119556107164679,12,0.646884308506496
274,0.575172731893621,0.78532792404675,0.78980157548448,0.777402366553216,0.0446890530881667,0.0124461358104772,0.0686786810423992,0.450711989036294,0.652689483209657,0.796377098751315,0.00020573198659345,0.198103955080244,0.345099170940656,0.199890219042107,0.0491324644304686,0.212754125251962,0.464069996792522,0.323109486197327,0.446339784127451,0.644500358064439,0.693601518242314,0.140342828837487,5,0.456738697200463
275,0.449154606606162,0.444933142575333,0.834526453848175,0.731615832479828,0.0248387872517277,0.0707122586121259,0.0265918038379146,0.946244914131158,0.999854110333847,0.721644737878017,0.0558552705923527,0.435469683133277,0.155369010127469,0.0870840586033033,0.534831867407201,0.263053900988588,0.387144502589114,0.226264499377814,0.499559855764972,0.500013466963832,0.961376212545061,0.0821684999805744,30,0.952490844480969
276,0.467872435212968,0.500195614700571,0.180044983391077,0.500063357459616,0.0566258791679168,0.0650979234148119,0.0926032025569479,0.0980753217966466,0.523953320836374,0.29397978033986,0.227819807725884,0.362648529913099,0.240840101859736,0.073380944702581,0.450591891935947,0.210462177227761,0.329617108975512,0.0796603026268521,0.384263526688326,0.83814759354655,0.999975606664492,0.182246746123533,22,0.432100514754439
277,0.690771936259298,0.698496734181092,8.27004485181533e-05,0.827812405053785,0.0755439289060364,0.0515678393353222,0.0179486269392461,0.999640291173093,0.781252690011739,0.691507322150146,0.584059033415256,0.511538236430269,0.404848886241486,0.458483075753913,0.00019440235718619,0.0632332845695765,0.154592581400188,0.314234218080589,0.284610241539269,0.595829302054967,0.876558327422184,0.0233454841901003,30,0.539289835349987
278,0.673833127146791,0.292737062192557,0.924780283536143,0.709686144587137,2.69250937448815e-06,0.0267075030488339,0.0527614517146577,0.457260713748116,0.861730095792538,0.999928297183826,0.248041818983579,0.571297558543824,0.0806890325297131,7.76303646992892e-05,0.554852054333244,0.113083131390818,0.215103398056421,0.183155810414309,0.327161923264707,0.61216811982835,0.739233587665196,0.207414134484259,21,0.263381922057207
279,0.876974698600732,0.679428854158958,0.0686913287451958,0.617810428243333,0.0405519541638549,0.0498229918260827,0.0428378466712069,0.708754469190894,0.572398404650564,0.683594437599523,0.00020573198659345,0.0598895485525863,0.0253341084177179,0.273940135081819,0.212372138015413,0.211403449584219,0.467312722775876,0.311308422715341,1.47106448851991e-05,0.891034511510221,0.80755704408477,6.79376821854385e-05,3,0.363885620369995
280,0.608761609205163,0.588810309738544,8.27004485181533e-05,0.66294195068608,0.0065184905159309,0.0833524022077096,0.101202411566049,0.713800826446207,0.218318411387945,0.588934127428382,0.211448908076655,0.542932616947669,0.641139245325167,7.76303646992892e-05,0.00019440235718619,0.00030305628819158,0.121650583847819,0.499992012141552,0.328331235200724,0.807001351529022,0.500132491014102,0.108798603245645,21,0.0177466190772392
281,0.491008577047171,0.506669337522447,0.944650560371019,0.999996276009004,0.0549191956843262,0.00271159400696717,0.012312788720407,0.661380606471543,0.589906403409167,0.99427654698951,0.0561620117671663,0.347541792385489,0.139422398909423,0.0467446847558858,0.359929213696148,0.144105141034071,0.357056326376062,0.220024368066888,0.499559855764972,0.594592143975709,0.601007049637996,0.0643710027847796,12,0.669239226913115
282,0.146783110366509,0.313977215225659,0.343490998765519,0.840862275420643,0.0583887371366179,0.0492937440394812,0.0947969587075235,0.405152989042272,0.595498252881081,0.745835040264627,0.00020573198659345,0.685149125692634,0.281238143481063,0.14191627954317,0.396012414902154,0.00030305628819158,0.178572004680935,0.359455902000069,0.426999780464481,0.680560716416369,0.777886125270029,0.127121554178891,21,0.712582635650132
283,0.518779974159869,0.167682840005204,0.731500387690519,0.781722321791442,0.0656692006698351,0.0448163259134981,0.0242731620168304,0.937234545050328,0.910658770421287,0.47721573195011,0.273092519414191,0.254981906793454,4.64802905591205e-05,0.306805738894288,0.0384447928414984,0.351512995409759,0.212997493955051,0.440061112273771,0.484997866407974,0.772887252998229,0.973552757658761,0.102322573150662,27,0.999297207634302
284,0.285646286614964,0.705730605624288,0.37749192787957,0.909935631928119,0.116506024842951,0.0410144639243192,0.0972646376848343,0.474561451138611,0.457372643091139,0.267914261764906,0.425893997308897,0.285806342816219,4.64802905591205e-05,0.309885574559455,0.753322930377296,0.06289720786817,0.357191075541891,0.269842027159062,0.178927190838573,0.714828103687934,0.840169160962368,0.0770145986376938,19,0.28137695344384
285,0.418504023547533,7.64295788737945e-05,8.27004485181533e-05,0.774356959606733,0.0417600027604591,0.0414943463365644,0.00161785625805438,0.413570819181761,0.683966927239886,0.781422996604794,0.376337074750651,0.397895886398212,0.274207130679331,0.314932410556924,0.333895691746402,0.342870459930639,0.160859967691738,0.184720128731187,0.297943692942111,0.700451262392852,0.76951117057949,0.167877145720745,27,0.749735701932656
286,0.379052961346936,0.20907097605005,0.863308594643972,0.774022965134388,0.0710961902034061,0.0413832722713537,0.101298105147822,0.607023751679393,0.898132546905319,0.662084782657564,0.212062035987434,0.0923006264539901,0.0634010271790154,0.390541488767736,0.230616194245325,0.00030305628819158,0.415418568486955,0.219573130179622,0.24146158104523,0.516025266068854,0.797755928033675,0.179934006642465,27,0.825748214696778
287,0.292319646957906,0.396705571845438,0.560935066443306,0.530406401185687,0.0507837162589766,0.0765473191184893,0.0987073228017973,0.814295373325346,0.709951934189428,0.631792530325119,0.564428885891489,0.581644305347525,0.520418977907254,0.317999765601655,0.344363687041181,0.267181118254962,0.276739874400079,0.146459877992519,0.499559855764972,0.738856374870609,0.915520576889799,0.223383598695791,22,0.59558444038996
288,0.745865656857175,0.735912407182265,0.116341615127707,0.500063357459616,0.106694690506882,0.104908539981391,0.102074066922233,0.183997893592577,0.278458806176944,0.682355335340337,0.900281650965263,0.263648996210533,0.265366678134403,0.0656169313282436,0.584203373345794,0.213239739356014,0.324666433815152,0.0628183939563209,0.199706184770736,0.844787770008779,0.644944142226317,0.1172567500553,5,0.234766012779852
289,0.0780899016985134,0.398762864454611,0.792261593062036,0.817091577651632,2.69250937448815e-06,3.77011053683236e-06,0.0361356678900938,0.28016026349354,0.877092897053101,0.592817640118054,0.135207246651694,0.473274158036801,0.491098866123382,7.76303646992892e-05,0.0828961884933153,0.307981656433479,0.152082698892571,0.338016099273765,0.245054525324153,0.856141897236915,0.500132491014102,0.174144950619434,14,0.769693935322479
290,0.581173634526421,0.2259869820749,0.741072523059816,0.727188076318358,2.69250937448815e-06,3.77011053683236e-06,0.0441308833331692,0.478087743646563,0.148396937602881,0.622570856817482,0.210701348648758,0.306490637806305,4.64802905591205e-05,7.76303646992892e-05,0.275737499873153,0.256722383746367,0.32154904992817,0.45837372917789,0.217750078853806,0.90510478871992,0.878959094973332,0.163542738164545,12,0.291483349685094
291,0.424063956253517,0.41167496808646,8.27004485181533e-05,0.929147395791198,0.100744202047075,3.77011053683236e-06,0.0575782757786776,0.358229849281123,1.96226454502903e-05,0.322412875837554,0.375871579511241,0.0001280288233119,0.332279229339428,0.48913644349956,0.345675752002949,0.00030305628819158,0.243691659788524,0.302527009764525,0.102533458191387,0.881458657558869,0.500132491014102,0.0831174412999314,23,0.60931824930954
292,0.166877232375585,0.185679596227912,0.1897865217888,0.64664878791664,0.068133524495227,0.052780316599994,0.0799144951496704,9.12367616361007e-05,0.487723734082101,0.612082315535695,0.205870100568018,0.446166305391512,0.407424292566447,0.000140009925503309,0.358644308244064,0.282551857207046,0.499858107997852,0.302346194533224,0.489370317991891,0.756195256169913,0.500132491014102,0.0700719100257463,15,0.098660329419072
293,0.168420162267339,0.211922165616096,0.710190499862799,0.931330544571145,0.0819469773114757,0.054631625143416,0.0681606868343319,0.770561549074774,0.666777020599019,0.439616447712486,0.23187824086658,0.167420588753383,0.16343824925664,0.273954455735829,0.229802661812941,0.105942273647044,0.301205097781786,0.122696876296268,0.285354122366709,0.777308990857832,0.762095825740447,0.0975503006463312,21,0.999297207634302
294,0.403214440996953,0.581794788152419,0.0203138949790307,0.730859845260704,0.0617840179312923,0.0648388798446419,0.107485710298677,0.167875538006957,0.593783090352999,0.41603763577413,0.317015202527204,0.0777435910088015,0.310559376511424,0.219512326519239,0.100021563880906,0.0253718407689501,0.203736166221595,0.0651699575343357,0.140866671848109,0.946945324608697,0.500132491014102,0.0612805913983618,17,0.0130120601769482
295,0.721504313441757,0.51504671638929,0.309906113637773,0.610607747918044,0.0422049550983793,0.0333640413199006,0.0714024590878636,0.291296408501629,0.565957538833885,0.779296001083962,0.085793101495964,0.19867389000796,0.0207069486211236,0.199883838489123,0.351098233175652,0.453225186973684,0.185794430029518,0.499992012141552,0.435995461516313,0.809785373005717,0.780409333772445,0.103594581262613,3,0.386321817938169
296,0.47934060437826,0.6669116428851,0.168995085572252,0.838324175358977,0.0417724617859725,0.0490522687206195,0.027748140242239,0.723469867218003,0.692223985433748,0.274988915144455,0.204604408769776,0.278543224877248,0.426240519548904,0.361198259201426,0.00019440235718619,0.0709722181592639,0.0827444210031942,0.31949643390711,0.362578431708768,0.579699841659772,0.64526986331259,0.049665324955735,25,0.126196947305002
297,0.397010316660025,0.0912885487217225,0.0927491997717668,0.702243164052642,0.00290936926520437,0.064962774919497,0.0314202303266842,0.446298610483142,0.993614308075289,0.672056492877422,0.619497851585573,0.425032821594916,0.341739870910754,0.242895373055003,0.00019440235718619,0.466189108638731,0.350247186092454,0.27374121694285,0.31757868697607,0.764717802868228,0.688183365502288,0.249984006138382,17,0.640495780404108
298,0.246166516456501,0.526742599400417,0.440092904950208,0.655588482389845,0.0626192338963876,0.119998732919027,0.107869074555791,0.316735714414836,0.999854110333847,0.303604481223887,0.0881440941138126,0.514292004352554,0.215479307452592,0.246505590480912,0.588634086528704,0.152887196656821,0.407026769912502,0.341622427741627,0.326448848345006,0.500013466963832,0.909426790596302,0.218656253274044,14,0.238386066171196
299,0.398213625556119,0.527634882026962,0.811262520079677,0.997953097132524,0.0571019166308307,0.022442338262753,0.101192023100642,0.779451777511711,0.768399835557833,0.999928297183826,0.0521516043791419,0.568748588051773,0.192344401143627,0.317159663468252,0.449574467040228,0.00030305628819158,0.165521632946604,0.389151750216208,0.394533886194206,0.662300073424085,0.768537656369239,0.00273412548630546,15,0.620188620418508
300,0.926837932751306,0.922184897378778,0.178763122764797,0.500063357459616,0.0599184827218961,0.0559257856727903,0.0309995324924411,0.584432306998588,0.462546501133338,0.999928297183826,0.674125784728675,0.477065681385797,0.140749549061598,0.378175414321413,0.422226490839076,0.20702557240745,0.152774131577766,0.151947416281749,0.499559855764972,0.68274371649251,0.857839064480387,0.125428319597829,12,0.693725492845559
301,0.96976130971069,0.537626926553117,8.27004485181533e-05,0.745916355568552,0.0849527519980455,0.0298651270359579,0.00870062760199052,0.250673400108662,0.466756749606236,0.61694085575534,0.403653646250727,0.0001280288233119,0.0560248949318419,0.404654756484083,0.533670923152772,0.213228334395833,0.105205301632683,0.153211845023238,0.151904373185263,0.782808082093068,0.721082451962613,0.0706813307958329,22,0.733144282346428
302,0.597239109030425,0.73746734359537,0.311670242915586,0.630756969954589,0.0455788039451386,0.00668144905105408,0.0460667306950365,0.189697949313382,0.526706525191652,0.849632767353423,0.452447907158961,0.34849798531811,0.490910041824046,0.335604681901874,0.00019440235718619,0.28753046397713,0.499858107997852,0.394234558982936,0.485449150489769,0.821306723670994,0.628579713711414,0.056880754064916,16,6.59723176294938e-05
303,0.273500309985755,0.311961972008201,0.300231706745544,0.644352523848374,0.0621632856077804,0.119998732919027,0.119995094177388,0.602147878191733,0.820594524022083,0.618759986718093,0.00020573198659345,0.0255633937514574,0.360647996464391,0.378842843091689,0.681098293899396,0.0451265520957128,0.354994796352571,0.00023429425927461,0.129767336047872,0.703961358411914,0.724542570953411,0.0950109997995815,15,0.340483737424419
304,0.862892963249707,0.999963109878346,0.0640850081846524,0.89651764127491,0.0923559146163313,0.0793930427889039,0.022346489062625,0.534787249135679,0.563578582149492,0.536909270633267,0.730179706182458,0.348002532213117,0.146095307215462,0.272331373957931,0.646733632207145,0.0592137420105409,0.208236271206121,0.361088959135453,0.213767034612444,0.583407947209108,0.741425370045978,0.02387131751596,30,6.59723176294938e-05
305,0.264383754169568,0.583101297638186,0.227764669085909,0.642870372632228,0.0643966717223705,0.0179161763722292,0.0841629388982275,0.180864304259278,0.409381256781506,0.788465330452033,0.800626383929644,0.434993658163414,0.229949625271997,0.245028710952628,0.565876767460459,0.186896084638023,0.255205559408247,0.0363085668708699,0.328774641323388,0.727063960703345,0.722457838434067,0.170867089221011,6,0.202557690756134
306,0.599977316762341,0.640368689978999,0.495065793913809,0.837741296693802,0.111768224326488,0.0437030095308748,0.0939543349693054,0.373526682667485,0.416379391029615,0.00025019704848527,0.2679726678471,0.000503711232382409,0.205855673325914,0.0283260301270307,0.487939839194369,0.0591950760292825,0.27163291693164,0.464672971980256,0.264431282420244,0.770246409195613,0.500132491014102,0.00518205942584739,20,0.325232875990873
307,0.536895944367917,0.0840913645504027,0.362525939994909,0.840575347008663,0.0351653249518719,0.00852712835143243,2.35846800701693e-05,0.54411033785421,0.850693347490956,0.617452456546019,0.00020573198659345,0.357832273628831,0.319742655071489,0.324071895340806,0.2288406764784,0.0354613087592767,0.499858107997852,0.248836638213347,0.26461642575398,0.655920069650169,0.677650446741067,0.162331629993334,21,0.338496660900702
308,0.25429957241808,0.130457312945879,0.445564050202272,0.779492604525931,0.00401014189427942,0.0455758447782322,2.35846800701693e-05,0.447486494222444,0.733467259241964,0.662300101551899,0.205906719644187,0.626474301726855,0.194367233770471,7.76303646992892e-05,0.517019673840098,0.330201021925732,0.143463328824142,0.180726646080084,0.223674533209772,0.626967838338634,0.845823791276913,0.220681357083343,17,0.559438362641812
309,0.586344765680592,0.31011917377986,0.445523426655415,0.718291606391729,0.0515976110279646,3.77011053683236e-06,0.0327506568093886,0.504711457502292,0.682651163307023,0.304500920045848,0.286001767002545,0.280906688728963,0.0285705572111197,0.0779080455335222,0.208898577989403,0.331272419904091,0.0414777596656643,0.473492717616886,0.403300488543226,0.999899163307612,0.814212219966567,0.196306076987479,17,0.530218051299008
310,0.975123990305629,0.497867902920451,0.137917130573547,0.581980384535578,0.0303763433771028,0.074593438479484,0.0439741747868602,0.999640291173093,0.35719242642953,0.559828328899695,0.763444889301898,0.414650402158447,0.38207272572033,0.421426564573668,0.0795332061258652,0.233567201354876,0.179186269916298,0.180050169399389,0.499559855764972,0.563093310641523,0.808559834196188,0.15381690679283,23,0.595650399447774
311,0.916729486044618,0.999963109878346,0.252164209865229,0.500063357459616,0.0714939791938911,0.0801003485013775,0.0689587274985167,0.744470313129439,0.330706887979824,0.962432413379845,0.00020573198659345,0.253513676161183,0.270378371434561,0.165896617576268,0.67229456554921,0.351598090472062,0.433718460231871,0.0707198784811995,1.47106448851991e-05,0.909906893838611,0.999975606664492,0.0967523284337944,18,0.999105205435317
312,0.692164815847724,0.297927806116226,0.313771225526333,0.754273501742101,0.017004622198758,0.111581555614685,0.0305929445708932,0.999640291173093,0.638596254271533,0.508508534686686,0.00020573198659345,0.417484095512798,0.348193245887731,0.250455785780468,0.262873624024018,0.228346366621184,0.430942066625343,0.43857127452165,0.364605593593726,0.725594768339305,0.879248520276331,0.166322135742917,8,0.269442750756166
313,0.310480023606206,7.64295788737945e-05,0.585975999081338,0.769495712275943,0.0174048966615645,0.0681278229251719,0.0302405510134584,0.378638150414872,0.999854110333847,0.644124375358093,0.00020573198659345,0.45690761259571,0.142544264707588,0.0551873875610938,0.279778100605945,0.320821695771444,0.254034860049811,0.0682826653263182,0.403911703308716,0.95497916778013,0.800946904176904,0.101252007411936,21,0.999297207634302
314,0.591664000554238,0.520133859583569,0.206118367127877,0.511720078378834,0.042158603591744,0.0958951949509488,0.0524360374184972,0.442859291055802,0.546746638895323,0.762352620078423,0.907189818562176,0.513708423931487,0.462396232203861,0.136175620336452,0.445267457960531,0.365212826045324,0.283309534186811,0.356789533204431,0.390167699614265,0.726724749244571,0.608938465291755,0.168131572203171,23,0.5136880453483
315,0.677007880440603,0.150659277562931,0.345051543473064,0.68596484655955,0.0614206369806468,0.0645490601568622,0.0239994474430337,0.702737361865259,0.853846014791544,0.56418920379511,0.126988148386246,0.34768746221011,0.0782138679700284,0.276073501291488,0.754301566415666,0.229116611679235,0.270981518924,0.156367021013048,0.329328502063206,0.789985733562642,0.999975606664492,0.149993543753099,21,0.96214638810756
316,0.535480064871602,0.924923345613581,0.260306237755477,0.854667394738315,0.0789881164547196,0.0523121156076088,0.119995094177388,0.150498276071766,0.482213283313347,0.414966128155808,0.535113195601659,0.221246501769103,0.181608774222204,0.174636762052919,0.237576432062612,0.00030305628819158,0.31570831522457,0.0484469052141826,0.159385511748826,0.743140398713539,0.522446154776878,0.034888137249986,12,6.59723176294938e-05
317,0.478918386903226,0.444582364522301,0.402124827179786,0.606221486001227,0.057712626756367,0.0818741350692385,0.00770960652681828,0.738134672256625,0.899950348207325,0.359738094650104,0.433011827236183,0.379477708945818,0.163300743909672,0.119567047574227,0.0662690790739785,0.499989724523516,0.221687664761039,0.159672561691954,0.480239379003808,0.733112104660242,0.841905171520213,0.0792879886866628,16,0.888517121264708
318,0.712055352363296,0.467759466689622,0.221262488992393,0.575373987088949,0.0476004676056434,0.0387690541409895,0.0273241470102319,0.0719782535781549,0.68665140845313,0.999928297183826,0.657107988776124,0.318111906356917,0.263262375587512,0.199213350455598,0.472052945985886,0.499989724523516,0.30060705902789,0.347598915727481,0.39670557329533,0.842736655523632,0.829251141005006,0.151234290677945,11,0.821365379661114
319,0.342704688904373,0.0910745700920181,0.190106563425304,0.697174766544715,0.0613817471067038,0.0830097322381789,0.0829865956129793,0.257926591275247,0.852731122668993,0.546632428434889,0.235928516179149,0.129220826406065,0.0845289178581481,0.269078594279568,0.456329315175864,0.237997417097761,0.257176453275773,0.398710375053587,0.15578925362886,0.776011883513326,0.769557097517787,0.0815664050657398,18,0.426854993469787
320,0.442680410176191,0.855000734583615,8.27004485181533e-05,0.601718275088274,0.0890062803564976,0.0512954151694144,0.0731490773112123,0.382775240241066,0.514555340310147,0.700604331123154,0.76707743105824,0.469573721510115,0.165528179756521,0.437361366568264,0.448217156438448,0.240236251269445,0.17032574916596,0.253782264742967,0.240535968295308,0.827518458987968,0.866031629888625,0.0646224250054,16,0.646282316750685
321,0.257984604466417,0.382296257229195,0.538393056959533,0.714550245940933,2.69250937448815e-06,0.0451643880763051,0.00681012224751296,0.999640291173093,0.7727402500304,0.155617960406918,0.00020573198659345,0.539856768765247,0.551942909055288,0.0906638124875878,0.00019440235718619,0.175368596072557,0.196465647388263,0.43360854998408,0.268574734957726,0.554769805430708,0.705569389093106,0.249984006138382,30,0.380279745070717
322,0.33930799059173,0.149054828598487,0.0929180296570973,0.715116206958889,0.0541850681844988,0.0793820298785142,0.0379958991225214,0.0329447660270412,0.524286939512136,0.445943498967186,0.166484422420339,0.285834204637273,4.64802905591205e-05,7.76303646992892e-05,0.548300393990069,0.260909799625713,0.499858107997852,0.0722831772285695,0.214992487685167,0.84922011831696,0.714042310734253,0.104426199222928,17,0.493634161118614
323,0.675958318620445,0.334300995739747,0.284468374815686,0.565672686782727,0.0668644945862151,0.0807736858021014,0.0514780918199707,0.074786082828512,0.49316435149319,0.999928297183826,0.294760152430719,0.0237984136853423,0.0242499707850065,0.322843035633942,0.315636537844084,0.301137432971808,0.411387569807381,0.258438759465884,0.0926480871906391,0.939206683005122,0.77109598684985,0.0754162627631647,10,0.835764913769056
324,0.37619480300937,0.556889831481315,0.946267379712666,0.906772302031887,0.0433323767982976,3.77011053683236e-06,0.0286199712359909,0.751027082143227,0.0119310041175295,0.845962179957569,0.00020573198659345,0.266286312560289,0.0485121823825319,0.32002432047293,0.358169165155593,0.112333067221685,0.281795515284024,0.283132557956566,0.191988898438419,0.822368043307608,0.924670744204134,0.159909548962767,9,0.999297207634302
325,0.702624524358935,0.757674799923311,0.767914472828957,0.631716309043669,0.0697452159724716,0.103131870795922,0.068581841536074,0.367292132182408,0.457816642393832,0.645705697148218,0.12209860076634,0.216513327606571,4.64802905591205e-05,0.287557241895964,0.534236715889857,0.271923491719487,0.137573819869609,0.459756649274098,0.210458131914471,0.98533929086114,0.956190971699248,0.1221844802833,6,0.700042767074813
326,0.848081071679385,0.561529858214155,0.804836745601856,0.618614457455823,0.0159121067547568,0.000183113151166786,0.02297447793682,0.543828842793442,0.642767841391149,0.971299678049848,0.00020573198659345,0.108017255531469,0.0323009389279954,0.25418686385719,0.00019440235718619,0.297287954694591,0.30877026213788,0.417615262224418,0.312903103143681,0.947639660209221,0.808031898204004,0.160056383878358,14,0.42159587596078
327,0.970476657948956,0.41095867490405,0.0298143914296903,0.787574905051135,0.0874132130541844,0.0849654147163855,0.0697119709255482,0.423463972077391,0.224399961260346,0.596643522304542,0.82152318710393,0.0001280288233119,0.0216670562141371,0.569447612649176,0.405771366513539,0.304493970636108,0.418569082291805,0.241134333594784,0.296206541527821,0.761727830507199,0.695149316243421,0.201786352983746,6,0.2697032416648
328,0.481157696873529,0.392299482109479,0.468191785951835,0.945374882588748,0.0560281412116649,0.0814203895775062,0.0670245296863839,0.530055850336942,0.466331652797811,0.895233589926853,0.547744737338282,0.301274256400386,4.64802905591205e-05,0.621967422952054,0.49218000725945,0.0979805543687528,0.435676300927841,0.403667683740819,0.172111572062005,0.816002811610451,0.872070458368773,0.211649024578505,9,0.384289326549548
329,0.00021768103810027,0.433606069004963,0.272966176715217,0.500063357459616,0.0613115156585358,0.0624950971071087,0.0340638567625003,0.160824414086608,0.386811753744093,0.38311483862667,0.454193107471337,0.6636262563762,0.402761841746909,0.290513528815893,0.4438362449647,0.263657578532798,0.489012034449349,0.174310972877533,0.499559855764972,0.999953931943418,0.785386954234895,0.171557671940252,10,0.566887989309761
330,0.0855019093220907,0.589089767719617,0.230494935387814,0.822420882271838,0.0809061915406106,0.0697517766061797,0.0440174716182084,0.935590175834543,0.999854110333847,0.421322394942403,0.201550865687867,0.763962034226195,0.224023628452004,0.189271873382922,0.0739001688457112,0.227318215482528,0.344265084769601,0.338197647275623,0.297402342450827,0.671299066149558,0.82016208771319,0.0599220368641354,27,0.270184831003186
331,0.614547791740721,0.409479399535294,8.27004485181533e-05,0.584633700777693,0.111540984900552,0.0752528254746243,0.070236302505524,0.912372115372735,0.600009203721616,0.415866821558144,0.254474566245648,0.28205593393292,0.0796999554530078,0.418701128322681,0.46648233104264,0.228840039086866,0.342414135885932,0.379666544044071,0.186783035051323,0.741216377880437,0.932219324042749,0.123323176414273,26,0.76268553668593
332,0.762963005111737,0.367820806126655,0.0888971065480666,0.566938861238511,0.0730441288251034,0.0699926934332387,0.060859038435873,0.557778882836835,1.96226454502903e-05,0.579836290745552,0.560906310947711,0.431915689064351,0.440085899930008,0.088930761819849,0.309275766216727,0.136409091929817,0.336707123508221,0.181629529043851,0.468090278436069,0.890472619147713,0.609053490105131,0.233073110848375,14,0.999297207634302
333,0.486797348567116,0.35739264183038,0.177795835978295,0.887228704205872,0.0814140122119999,0.066343117477818,0.102426720239225,0.296967391681541,0.675592309568495,0.935934397129932,0.403357531511876,0.195743902201624,0.240139788603638,0.502722160011443,0.38631475916054,0.0215532140424026,0.358785299706631,0.216538862920833,0.0649367064543479,0.692182075681048,0.713484822003516,0.146928167912786,8,0.0476426442379786
334,0.727015164742713,0.317501164186064,0.0797950198734509,0.641366340208969,0.0561288834360096,0.119998732919027,0.0616325955311604,0.481260080887539,0.356010455012364,0.999928297183826,0.619281336724038,0.314758732201276,4.64802905591205e-05,0.243023911648618,0.256637013350043,0.228191007248931,0.347233603503489,0.00023429425927461,0.206882683995817,0.750901624596969,0.822147439582417,0.119129451670149,5,0.999297207634302
335,0.387183034803948,0.52812346041337,0.346198468805088,0.620178400536356,0.0593918299344197,0.0470833336803514,0.0502082020572169,0.834269365150895,0.310394147879789,0.681219504507788,0.441531173283473,0.371702887950336,0.226051435096585,0.548923290432034,0.369877295466573,0.189232046845567,0.228242792921208,0.315260186468422,0.456442580806343,0.586227026863297,0.869447591875435,0.0751689357973892,18,0.72157096821076
336,0.55684950586314,0.751945059987751,0.416228746409999,0.73065868483445,0.0808081986897092,0.0897707750570512,0.119995094177388,0.784591976331047,0.776341981697292,0.999928297183826,0.425025636679077,0.429898124935233,0.327577958413892,0.3353623613844,0.999991596603808,0.0247956722570546,0.395921149130407,0.00023429425927461,0.0667074578586576,0.708839230690403,0.912260472840114,0.0898494189757993,12,0.235507822054523
337,0.547790455186439,0.228901519459906,0.523986954268713,0.751655444762851,0.070935907677945,0.111897590714564,0.0688854164542326,0.138847208992487,0.520778698415815,0.630010477570277,0.172446876782675,0.0493999598548851,0.0129874759815868,0.442450757859614,0.748179472775415,0.177128874686304,0.499858107997852,0.18760059520874,0.314948406629403,0.901383378707673,0.8219968691187,0.0575619200776079,11,0.563620724831157
338,0.89114601911036,0.77621701500798,8.27004485181533e-05,0.981113856634009,0.119957540288265,0.055593792696923,0.0925598490978742,0.689711476291659,1.96226454502903e-05,0.819405680720375,0.820254548036607,0.0489157651286329,4.64802905591205e-05,0.760002496233106,0.989184101413198,0.0933348826311453,0.309422247528189,0.414286480291693,0.0327788165858381,0.863160681874055,0.732159021624897,6.79376821854385e-05,3,0.236969853832312
339,0.185250103031882,0.382807333908863,8.27004485181533e-05,0.912864838937544,0.115294125816248,0.0427875056637435,0.0882200005944936,0.0181894751894237,0.434085871145145,0.64466411340402,0.120803831250101,0.44100578407572,0.201111171758767,0.406189042327462,0.601131404280254,0.00030305628819158,0.231043951455436,0.0593437853322134,0.205525027503954,0.725943356744556,0.809120284593983,0.110307740551534,25,0.270213326006246
340,0.305992623445631,0.827535294810954,8.27004485181533e-05,0.915743661556879,0.119957540288265,0.0665868165086773,0.0504601274360726,0.286501991081244,0.452236010317381,0.999928297183826,0.719011754054053,0.588744911967129,0.0861574324744075,0.827424197940483,0.669242713554441,0.157711671998979,0.368338139749648,0.0771102406975032,0.131182829130524,0.671290440358856,0.95972030838034,0.0514063427780783,11,0.932321726167077
341,0.234584590744786,7.64295788737945e-05,0.654267380889955,0.677660726263794,0.0222156034384211,0.081285115958257,0.0409680238731807,0.144631612499303,0.999854110333847,0.910433398292739,0.00020573198659345,0.296584081263463,0.361566602059462,0.292951831108332,0.305179928360855,0.11159322584823,0.479377679544098,0.273007896487043,0.499559855764972,0.751009843905462,0.761217319071351,0.249984006138382,8,0.53200393902162
342,0.536716499049347,0.837968538331153,0.0951869594410051,0.684772578743535,0.101571846678621,0.0602929152763048,0.0317430664205599,0.337573337777003,0.417781862654494,0.47883230185709,0.295401596421371,0.228828700514062,0.182759462057096,0.2945189522796,0.524935595986363,0.0137240856977125,0.482772075562659,0.328616804100573,0.165671105622384,0.64946365699696,0.560838987903502,6.79376821854385e-05,10,0.157375673022879
343,0.364181019511155,0.361841293843296,8.27004485181533e-05,0.809993719518648,0.0848140609596827,0.0297583645813146,0.0594315672482037,0.999640291173093,0.82677645934305,0.81554979682424,0.516969807972486,0.804165314502419,0.233666945347135,0.43839410348584,0.89896259164007,0.00030305628819158,0.110028755963232,0.113352439739276,0.408687498682076,0.644866970024558,0.999975606664492,0.249984006138382,27,0.70442358547226
344,0.740534733328778,0.440193656527334,0.463210752014745,0.795728343081892,0.0708992903492313,0.00115747958475058,0.0720566770392017,0.999640291173093,0.168716120437981,0.212100582237339,0.232384439613686,0.0001280288233119,0.00366937720630356,0.270042389387941,0.00019440235718619,0.139545454578618,0.473285473031094,0.26928199555995,0.234268627595738,0.649413024523132,0.780264514189036,0.151991083907887,23,0.483978006737534
345,0.428662345696769,0.309532464744547,0.325468035167829,0.567021566291425,0.0120647090138752,0.0201599298114035,0.00443982607262505,0.237776201068326,0.407590684988457,0.528715774646362,0.389208020149582,0.560938580159213,0.408858996763206,0.0325200228268336,0.336207852657133,0.14737253536579,0.0836712120540606,0.31792246374454,0.391789645456023,0.801590668375794,0.711225574719691,0.249984006138382,22,0.295588625086415
346,0.421591488749273,0.576134489112516,0.460025551332809,0.894013215217121,0.0772924521146997,3.77011053683236e-06,0.0459042411185225,0.999640291173093,0.73119372418186,0.683720112187834,0.692656606017977,0.388361737099447,4.64802905591205e-05,0.163995481908897,0.483176987076689,0.0346575151851228,0.388487429235062,0.362824971725809,0.177060358572052,0.586304800482966,0.685982968261868,0.140665256376409,14,0.099567398022569
347,0.476790825939314,0.720215059818154,0.380235984334061,0.751628501272721,0.0687688567653506,0.0895900863766594,0.077845278440937,0.62427447290843,0.648909545852377,0.341392995203671,0.390026871018298,0.31128447814657,0.322069415462295,0.205765658891384,0.2226179585998,0.0717641094511616,0.324185560978705,0.269829191282932,0.323165018134634,0.677045781232261,0.652478174936253,0.127877005272325,17,6.59723176294938e-05
348,0.612607059511038,0.46134029821789,0.66076230597614,0.682718635476259,0.0396416431444437,0.0269229601916259,0.0767105358929581,0.807436783808995,0.870959983774925,0.739890248062685,0.334849901224564,0.336081651695197,0.0171088428857444,7.76303646992892e-05,0.0360838720152394,0.150348957532554,0.318172608871655,0.0928699344302398,0.281899708224864,0.679538160665157,0.769491259081655,0.179317373684789,4,0.325595960679946
349,0.543139994493004,0.663479583542025,8.27004485181533e-05,0.654969988919397,0.0815995831433903,0.11571367708879,0.0499960234919494,0.56286022478265,0.655810199278003,0.598666454063515,0.860474506878901,0.486928531078514,0.260094021648235,0.28667214203817,0.114495820730809,0.25381331202363,0.2026966047414,0.132963640449803,0.469039479154243,0.704852773668339,0.77161662664226,0.0519231120022943,16,0.477073373114425
350,0.622749372355559,0.261915846022382,0.156690857079075,0.717706914611438,0.103152507236037,0.0601137629784078,0.0400682705788945,0.730492991364689,0.182647507642268,0.44653928041397,0.50301287337119,0.09375940883476,0.00837838266302221,0.649097684028058,0.00019440235718619,0.425847205666673,0.222928981153889,0.429305184950551,0.42412174737841,0.908229923018756,0.810790584637884,0.121606695422371,5,0.999297207634302
351,0.0857997435205231,0.260211895084309,0.283669991811771,0.865782160069665,0.0492798757581774,0.00639222582904796,0.0628486382350405,0.171325908425862,0.597237063000821,0.278499354434533,0.043145334385895,0.37989114716434,0.363091170033716,7.76303646992892e-05,0.360077768321482,0.0757037815289458,0.132931742169382,0.181895904787114,0.0669786172474252,0.782962049707904,0.503396050721686,0.091860796974271,29,0.14129866258367
352,0.52431220497984,0.188656124673405,0.43114112720821,0.683874113468533,0.0663624741165811,0.0860279693415537,0.0939760548603643,0.495213237169104,0.5725129070597,0.670215325477608,0.214987397205539,0.0687542741029531,4.64802905591205e-05,0.370193058626517,0.651235066457419,0.207001442866737,0.466134354761431,0.181782483633999,0.06606007804261,0.782957167774761,0.965865644352486,0.0318484470522439,16,0.490136472144176
353,0.999852021087501,0.369377066059243,0.246435941768663,0.75770442290375,0.063144690032145,0.0381517729775396,0.0210434919458499,0.557305843635721,1.96226454502903e-05,0.859297935009344,0.525795728202619,0.0001280288233119,0.0399680074838845,0.342417456838944,0.134898051442689,0.155016423696621,0.38940615194632,0.440085804264131,0.317981601758723,0.671324586952767,0.730357354285956,0.170173555348488,3,0.999297207634302
354,0.0599009524213493,0.525539059017325,0.267238137383615,0.694382068846376,0.0851823245491899,0.119998732919027,0.119995094177388,0.278583401050941,0.379966363735473,0.23316273560616,0.192334620086724,0.245646559374184,0.321779326113762,0.184894322311306,0.498629140164178,0.0538599749935154,0.373052286177761,0.239254732593632,0.0593891989755235,0.712538156000401,0.692117996161683,0.11294825145515,12,0.0339281932127284
355,0.248599729964762,0.475770750118328,0.648411294150658,0.684103563594124,0.0272048527615174,0.0180771558818225,0.0513181191410313,0.550836113782727,0.768534916294559,0.587067103234463,0.322931334989442,0.506247205687723,0.0997486018439242,7.76303646992892e-05,0.339488424099747,0.101525857214103,0.00759052463655974,0.359936530347027,0.225996270568,0.628288220551568,0.791635928762018,0.180381163324161,20,0.609493898638705
356,0.574192076752938,0.898356897283836,0.47833133785317,0.681664339694443,0.10130463320793,0.0459605599007505,0.0536546025646045,0.576609422527495,0.210761566325127,0.453557336302237,0.522253663284203,0.360579622055417,4.64802905591205e-05,0.0996609631236241,0.187444287114821,0.382527345720126,0.457383568210967,0.269556884186449,0.433357023426161,0.846384010597873,0.87716300165653,0.0577118421786608,9,0.735147321656342
357,0.536948711404002,0.329236449182379,0.180439462696205,0.500063357459616,0.0383335573862068,0.117101987909965,0.0290108111755952,0.462532751764711,0.862933963845878,0.409032259018787,0.423484535368043,0.104209404243272,0.307127180729309,0.496364061953796,0.0271691430264849,0.437255954283559,0.377130507220241,0.200783057638997,0.410761203583639,0.631784002393904,0.7943240418645,0.0677429599666763,18,0.74499953940824
358,0.361112090595753,0.610097740079475,8.27004485181533e-05,0.77462179940123,0.080561088749532,0.0332670990252626,0.0449951184113808,0.42937130714697,0.31928469439883,0.999928297183826,0.776242454275975,0.819065745024951,0.123436352976941,0.372234504774383,0.56995198051371,0.00030305628819158,0.428637314256516,0.0938724363475899,0.381049550799517,0.809476387885191,0.721881515633597,0.116290069592076,3,0.999297207634302
359,0.824216230539153,0.693823827392599,0.334068318543939,0.601644422021611,0.0302675252930899,0.0421929437714985,0.0646048584179701,0.484918787947067,0.441864651419081,0.547268558937873,0.142595262150409,0.116305863953352,0.226825285373606,7.76303646992892e-05,0.41789432023304,0.371002565371705,0.346299596734437,0.387740847115242,0.0928962890872978,0.999953931943418,0.590261167642619,0.165440902320422,12,0.48981729933625
360,0.828309829536505,0.507213049433041,0.338266157479685,0.5330685859482,0.0581438832182817,0.0589579919072668,0.0792350423504568,0.602198811968425,0.478724185923187,0.799545314071128,0.445738224641864,0.309500185341946,0.275782474236414,7.76303646992892e-05,0.00019440235718619,0.242344376618625,0.289817568603489,0.332683138830935,0.439603362137017,0.999953931943418,0.594024294555376,0.0980518525447159,11,0.600798448807703
361,0.410912290935922,0.631305280785292,0.260223911511274,0.887499678649191,0.0719782923340897,3.77011053683236e-06,0.04923985637776,0.0261195298157255,0.262547196452736,0.999928297183826,0.349407488644313,0.221060038530545,0.149253923554303,0.146781853639491,0.725679197725638,0.00030305628819158,0.342482614992225,0.00023429425927461,0.196358946254336,0.898214166653146,0.500132491014102,0.0311422859303656,17,0.142733338945902
362,0.469013461602051,0.622244544762714,0.647939738300808,0.767256539291381,0.0230465783997614,0.00193621424368894,0.0327825573885379,0.0566997089855539,0.541786790086745,0.537198978235263,0.137669778647008,0.271112546286777,0.0921665845011379,0.0840889232306546,0.462443716408627,0.344596329121664,0.251867399277672,0.499992012141552,0.421108999255985,0.713461490052444,0.74076152093741,0.125678790677429,11,0.228152468983173
363,0.416719092686951,0.265659891334224,0.34737463004548,0.629507908292091,0.0394206794948647,0.0608062412402128,0.0520632145063076,0.602316826072426,0.680532326123083,0.74837938515494,0.279757502098862,0.491566167369601,0.103711910853532,0.331163158579996,0.571572699131058,0.0783010853779349,0.433787499718107,0.0968884790722244,0.365315374879172,0.725210713250806,0.943276569813199,0.146728340173154,14,0.762220370676348
364,0.772379969035237,0.383750538966855,0.335030664011485,0.612969793396958,0.0708217010434766,0.0666355709087562,0.0520373432287668,0.805857986418302,0.38344573236386,0.335854377274081,0.371884791261465,0.0001280288233119,0.0070383381816746,0.374492564389131,0.416753416832245,0.413295790215623,0.374617409065925,0.163578005156777,0.180663391651952,0.928791017983189,0.820049650885187,0.0796704353062795,12,0.642542839490953
365,0.965061493857667,0.241958708912646,0.577511075783885,0.822008138721172,0.0097689582212173,0.091039510674666,0.0489655372099397,0.999640291173093,0.750275653609952,0.877452221083775,0.0407455703012017,0.321575775431183,0.000952164719921711,0.197592751860316,0.999991596603808,0.247698133639095,0.27518640454048,0.411634885697218,0.178454050713377,0.773123803961903,0.808635965111412,0.0857863720123145,11,0.449367665008969
366,0.2893002910528,0.344507059444329,0.383469892622609,0.95142837668956,0.00113894389769745,3.77011053683236e-06,2.35846800701693e-05,0.51910450995145,0.726121276887946,0.78819491846808,0.37721337418116,0.688636168719776,0.498480484709915,7.76303646992892e-05,0.0606536538418465,0.130667499841978,0.0332741950233078,0.347877839583107,0.379762668925694,0.792659634014575,0.656117398183319,0.158334762579693,30,0.113094647933875
367,0.425254430981154,0.299864402507031,0.134893264929331,0.702994258511665,0.01573427120154,0.114369602403022,0.0648849463661892,0.999640291173093,0.698345847334482,0.601145434955037,0.401073599739254,0.417003831410355,4.64802905591205e-05,0.326145279072007,0.424067444671103,0.220573429950688,0.199840881940021,0.291936381453518,0.206360632219118,0.77415492502767,0.999975606664492,0.112007364343501,18,0.409573414589813
368,0.466168277264926,0.474182743542663,0.99998713443117,0.999996276009004,0.0293165235416625,3.77011053683236e-06,0.0189935416928269,0.999640291173093,0.999854110333847,0.602090247338994,0.197125223681874,0.202467038235202,0.170541014047129,0.00636947353497486,0.196057668205679,0.276904417196603,0.402335799724682,0.199216324210533,0.319000467381218,0.708176050155038,0.652231496107468,0.130913946200466,13,0.011716752334428
369,0.446250387921208,0.304671145220371,0.2581131532863,0.700885390551564,0.0439240793723096,0.0736013738765302,0.00904601622126473,0.980038845663098,0.715015467290128,0.448803907851593,0.62235802401013,0.363662752273983,0.490312748223809,0.17010504983211,0.240282303632693,0.176747449728483,0.446659638632735,0.30647617203997,0.307064303035724,0.772071544800215,0.618706264084695,0.249984006138382,17,0.303388277090776
370,0.253342225368868,0.296828475351714,0.232509906415578,0.727461281112855,0.0426464245577504,0.0241885010367496,0.0514714211826218,0.699219800057325,0.448181446037996,0.672474489337966,0.00020573198659345,0.507480193600611,0.334440051569329,0.210701994947244,0.110666925757198,0.00030305628819158,0.293137208662193,0.193934375323743,0.459737236413642,0.83828619422833,0.721643282413239,0.0557339895314962,25,0.937545881991337
371,0.587359866769148,0.171211132978999,0.711949824739765,0.633375007755274,0.0314345808325465,0.0431767209088577,0.0553974149920962,0.676267243305669,0.707554999101983,0.312779585588718,0.00020573198659345,0.0001280288233119,4.64802905591205e-05,0.134654728210615,0.152296044370814,0.0655458748176701,0.151021115615429,0.436202895066361,0.169970789227506,0.7499127475909,0.693570517523347,0.172891453939487,25,0.598564487676523
372,0.738458908876365,0.346732855493235,0.715457447126811,0.527665702287431,2.69250937448815e-06,0.100952528833868,2.35846800701693e-05,0.878308059129331,0.938107072760527,0.552043861721928,0.00710816149239013,0.361722935801532,0.237469529071337,7.76303646992892e-05,0.266310848323391,0.393743374953158,0.141592621425833,0.331271826961307,0.499559855764972,0.908824286224113,0.731552325780997,0.158201219660703,17,0.65281910596198
373,0.297926725965128,0.124797912220404,0.511677588164911,0.687733184267614,0.0319193212024761,0.0260825600075153,2.35846800701693e-05,0.250922551878617,0.734780210008602,0.545528417679401,0.42703582229064,0.760162966025903,0.210399603275391,7.76303646992892e-05,0.485101602850788,0.243504516928883,0.480134305198241,0.256964368052989,0.0482172648734834,0.613030648814628,0.63016521218519,0.157675486394523,26,0.548285665073365
374,0.122890805073941,0.435250220356655,0.443599544315698,0.815139029363893,0.0730567056248997,0.0431242832286061,0.0551749681256892,0.568257509847306,0.381990381197586,0.745012323239228,0.349699983281315,0.363820443631718,0.174849794447806,0.332773683388335,0.277524274433989,0.0889407821720109,0.238765114058984,0.344354950930577,0.129387200819364,0.676515160295218,0.716719432475299,0.1723513294832,14,0.616941463315046
375,0.625501233461755,0.341180362643205,0.283782289343745,0.500063357459616,0.0337445609566544,0.0673525170057183,0.0197462741675734,0.471513785263426,0.676047417914122,0.999928297183826,0.0681594609427135,0.632093790118063,0.183630865783338,0.235018271674821,0.697614236664466,0.165113350511765,0.09149556425681,0.211442748933625,0.434633811961253,0.711609451586436,0.936436329219084,0.176833229890876,20,0.999297207634302
376,0.975257522495133,0.249668385916046,0.778952199721178,0.69836250206908,0.0265802187633324,0.0622453588630533,2.35846800701693e-05,0.931357450616387,0.56365952614549,0.666474292370189,0.330221678289407,0.0849239614796849,4.64802905591205e-05,0.379828147159838,0.00019440235718619,0.349547091438496,0.215874601705586,0.245903809337114,0.263116563402592,0.735766231349814,0.840629608186695,0.187628711365924,18,0.999297207634302
377,0.387979990689433,0.289255778650837,0.311262168528735,0.726843532634389,0.0376353681480874,0.0734444578198647,0.0525675167335409,0.696408789569158,0.525475296852684,0.570988455991072,0.561203434778502,0.303102614394865,0.0781387787755017,0.508123406841743,0.154309583436005,0.243560621765208,0.31168051103919,0.123780385221631,0.317566840797694,0.679637057346067,0.952667630453444,0.249984006138382,14,0.513997794564313
378,0.557713141790292,0.435565731163675,0.991942722395042,0.74868956038767,0.0191431126816483,0.0865519029797008,0.0635554121555314,0.956964700872685,0.885312240232307,0.614750065764329,0.00020573198659345,0.377508885226924,0.508950601680146,0.0443826061792464,0.014352657112484,0.242845533541428,0.102140156055392,0.292080591527884,0.499559855764972,0.562370059517089,0.757328260507429,0.0811675180177111,16,0.408288983574486
379,0.786291707710086,0.434092128970259,0.205242564613544,0.66819362549029,0.0421585964912001,0.108683850720723,0.0239917513668671,0.832145892671011,0.905728215186252,0.328167577438888,0.202626536639881,0.315657896700141,0.164021931407693,0.249646693929082,0.367371307635083,0.430811243915334,0.286453220663793,0.499992012141552,0.341574652555851,0.566621072598376,0.880723895586358,0.107591022551626,21,6.59723176294938e-05
380,0.392183054966663,0.222548727403964,0.344992220506969,0.804401323389766,0.0668477290024188,0.0685006054440546,0.0499846570569847,0.776653649325391,0.904350518306817,0.470132097276628,0.251812488316464,0.397162283968767,0.0470642770390304,0.286204141974238,0.119766592201789,0.297773110931371,0.4136315919962,0.167434048501227,0.279040755723412,0.999953931943418,0.92156299737893,0.11086799916367,23,0.359892554523067
381,0.737738841252924,0.659384408471755,0.239268080689753,0.829578325296511,0.0340436950327991,3.77011053683236e-06,0.021669170548784,0.689548269886339,0.317468646107286,0.598813286245756,0.443605159597525,0.525543148065998,0.178911048359172,0.0562238266656156,0.315897510906118,0.0143989870674085,0.190434926693118,0.366679060906336,0.164939265434978,0.537323371871261,0.69961360792395,0.0852833850539396,25,0.264584654937944
382,0.484146589595093,0.257835218802441,0.104756285648438,0.92824921830407,0.119957540288265,0.0588976174779589,0.0653151747729844,0.74138012369647,0.583396681203429,0.688380217384444,0.516790600317536,0.250813855307322,0.111853692161795,0.629556482602889,0.514777148725405,0.0604882161444867,0.426494432655881,0.00023429425927461,0.135763792361896,0.705356406513784,0.837213476125242,0.0601827322088752,26,0.493965788060088
383,0.192925440972552,0.0802691222903654,0.252458449009351,0.645397511040978,0.0812781291861759,0.0725922139800457,0.093990774478927,0.142063128555327,0.578877134765329,0.728553824286938,0.331358701745294,0.29220638994803,0.195534929099512,0.389077088494179,0.648469254261687,0.0133113567122607,0.312330214394974,0.229705095911157,0.261918479985354,0.925372728961928,0.788841344736693,0.138337976803282,19,0.517895774906644
384,0.691535291120748,0.349132742115139,0.190449687319289,0.656494021735102,0.0646854343911523,0.00337141289945375,0.0421496280652961,0.407626541589938,0.171761943615005,0.550715991143956,0.999795092571648,0.21770433347561,0.300318121144034,0.539446034047607,0.597501659941259,0.280780112435087,0.234994224273773,0.0428467023725821,0.499559855764972,0.791961149414674,0.714901480250162,0.163838107712583,17,0.440250829851831
385,0.172683980718176,0.291475206300599,8.27004485181533e-05,0.78521076509609,0.0723897514280789,0.0289085799416306,0.0339825254126467,0.28629295076101,0.82877225118608,0.42205441808979,0.495168730689996,0.75378089059958,0.157799350580032,0.120288162786511,0.757253913526385,0.161904825380323,0.0888184360961624,0.119208154174559,0.425064709510515,0.770479319631481,0.884468882614761,0.166437493251138,22,6.59723176294938e-05
386,0.649375752261836,0.72135269255691,8.27004485181533e-05,0.653218412894131,0.119957540288265,0.114575867002707,0.0929819006620727,0.245956722647727,0.353302960402768,0.494821729855347,0.32542388290653,0.0001280288233119,0.0980594681880969,0.303854230874812,0.700598687907187,0.00030305628819158,0.393472382039633,0.136980167388583,1.47106448851991e-05,0.729684145898822,0.500132491014102,6.79376821854385e-05,12,0.469517410588935
387,0.705297080296533,0.485437808245326,0.366165668202961,0.644431583713832,0.0646359560746361,0.00620032876412788,0.0992010332994172,0.708438297870186,0.569984167438623,0.630866424448195,0.196962667007594,0.401018082762335,0.257617237959787,0.124853996928917,0.444989557599039,0.00030305628819158,0.0550128247417371,0.283291352494551,0.499559855764972,0.575783264952057,0.691808283913647,0.151920478667924,26,0.566567446104092
388,0.901995296015955,0.339522176046265,8.27004485181533e-05,0.579242449306066,0.0530684219458683,0.119998732919027,0.106877396550895,0.230506093777387,0.656624253290129,0.805303131341955,0.340976152248274,0.264388658095228,0.101911067058882,0.453707161765544,0.963477132079175,0.298529050218791,0.209304058877611,0.479909703324947,0.29913987220617,0.856263713860708,0.999975606664492,0.249984006138382,4,0.837699109047287
389,0.261417693143131,0.32881602934713,0.353505101512989,0.906995777702469,0.0278187518308574,0.0649656454583007,0.0160938064043729,0.272326892630243,0.672658096508637,0.592941068207474,0.0814567347016325,0.416134555941616,0.268669462786511,0.239054659270875,0.157736928602759,0.220356241881751,0.416553977471982,0.296944738876792,0.333411059243975,0.762751322352559,0.676927354644738,0.203238007380835,7,0.558679511151227
390,0.340440871936218,0.0295241070158603,8.27004485181533e-05,0.650522054787301,0.0906035933564875,0.119998732919027,0.0825435411233544,0.405135346507702,0.999854110333847,0.938244812566892,0.529267358486864,0.70811399986778,0.145495013085255,0.171816665442743,0.999991596603808,0.245938567090192,0.399242707210153,0.141177988008449,0.353486292100554,0.793514423406712,0.925676467320019,0.155394767144625,26,0.559498517434912
391,0.40193291917879,0.566748201099687,0.709273078441189,0.561078869844701,0.0302272165964023,0.0246118432803233,0.112325775165283,0.580027022789626,0.330682695491748,0.782936377582123,0.333794215746857,0.121488211248029,0.154787499929743,0.0981574636903664,0.407729318681234,0.225977143586486,0.499858107997852,0.0150541384650105,0.300287690926061,0.709717721673134,0.838169944553267,0.152739733976462,13,0.374407007521747
392,0.4988796161417,0.502564558406281,0.537123053709057,0.960649509054157,0.0942214124029922,0.0209110694678196,0.046642819101403,0.999640291173093,0.0783907608693444,0.21949494131577,0.0586128593417655,0.143506749470582,0.170603089976886,0.204995029821955,0.00019440235718619,0.00255929504598676,0.215269635382712,0.499992012141552,0.219986721444853,0.672128153647288,0.501071110483141,6.79376821854385e-05,20,0.376693550475706
393,0.781830512511684,0.77048874679154,0.441089111115878,0.999996276009004,0.0774979377746911,0.0445591067906433,0.0550993627265376,0.177819468978495,0.268314298114596,0.999928297183826,0.133052397432282,0.141929766791685,0.142940647730304,0.336122728087959,0.541064546219774,0.00030305628819158,0.410939597843259,0.247322689524868,0.302447701665951,0.734649922013627,0.516780344869324,0.050172119461911,3,0.2380886111033
394,0.427455953291137,0.682602755004393,0.625508792808502,0.706303313712136,0.0341479994607136,0.0211443503407696,0.0443759833207236,0.504891391926516,0.593081313516398,0.999928297183826,0.480408921426485,0.638247192327597,0.131681236448238,0.434742023747396,0.530146631698014,0.239429692551313,0.219569991894551,0.280703883663656,0.288976659386316,0.868293122173803,0.999975606664492,0.155140303342668,6,0.432370092607543
395,0.795836727169177,0.903792800854498,0.344183595430623,0.732478778385555,0.0421258064032841,0.0801238501339188,0.0134395905702482,0.565680014125858,1.96226454502903e-05,0.614864582046655,0.348599966852529,0.0596668578363403,0.16483239663526,0.128309242452848,0.216898482061097,0.0563715575476648,0.160425579355847,0.286255986421053,0.170055638559906,0.734681453707583,0.500132491014102,6.79376821854385e-05,8,6.59723176294938e-05
396,0.226839162206961,0.0522699039629816,0.628677965241219,0.691910243831828,2.69250937448815e-06,0.056436911726001,0.0638796276027312,0.761842442490694,0.999854110333847,0.68494389322661,0.120712624397032,0.471734287926707,0.131791339001415,7.76303646992892e-05,0.160249766570282,0.269855243149132,0.263769072515241,0.287341107058953,0.337655867854798,0.669314189206005,0.68336460184589,0.182016017953245,21,0.434996577038828
397,0.747612361073255,0.275906958417301,0.323022556545012,0.500063357459616,0.0686284995399672,0.119998732919027,0.0757620310643981,0.37678796953798,0.929742099747786,0.998557968499034,0.00020573198659345,0.12470397834236,0.213365721394201,0.424974772796834,0.397603345829942,0.252504314505939,0.469341396864762,0.130774796654635,0.486780299413397,0.965918670315415,0.853721663704578,0.103722281582011,3,0.835446295919473
398,0.612818448493477,0.426273115013034,0.0444013661133446,0.765865237350821,0.0760795806432214,0.0352098397555545,0.0410497454631955,0.825534068838889,0.688481200577124,0.794621605103423,0.757102775364725,0.394239089433686,0.384350450077407,0.463413168021585,0.1023256286794,0.241644216657026,0.440078206243797,0.240017284533383,0.145834334161299,0.84697157884472,0.756459449929734,0.195048136698001,12,0.315818178948284
399,0.965757468738387,0.61349889629915,0.644528499321684,0.657755431210808,0.0142834686540117,0.0330709653119277,0.00497251564669886,0.999640291173093,0.59814560733181,0.999928297183826,0.0487827622744544,0.0955901705733138,0.361408721353295,0.275965128453345,0.337706499675515,0.302334605692873,0.258482583733875,0.210050333528776,0.385616709416075,0.981754759092181,0.678896253984215,0.0255768766712582,10,0.803784096139559
400,0.397991666862278,0.21049593961998,0.240228215481762,0.999996276009004,0.0877065791835161,0.0420055621029471,0.0819179055316276,0.737539852286094,0.810417786113697,0.243664731777284,0.288627851971379,0.208849824919286,0.200027204477675,0.0998795121385821,0.260014078104657,0.110542907206551,0.0925182289308649,0.326365570842645,0.182358035051755,0.63296634224747,0.500132491014102,0.045667239548628,20,0.161901347419567
401,0.00889360674140738,0.127656597085112,0.234837075135942,0.650471299343581,0.0584329076030974,0.0721197802201879,0.0233578935818572,0.363451137242935,0.852625664239246,0.281821803965195,0.47851056572882,0.531808436063243,0.241062277912148,0.364405966830601,0.488606502901901,0.225919932427527,0.145082526574557,0.391334709485107,0.37434830998241,0.793520959875359,0.794011705791858,0.249984006138382,21,0.536562311599305
402,0.518467402019076,0.479604278768629,0.741016129813902,0.577616138043002,2.69250937448815e-06,0.0321042941906549,0.0325588087764546,0.0543918931599716,0.725558452624165,0.702907985746088,0.00020573198659345,0.489768821663306,0.315200506565977,7.76303646992892e-05,0.0119639614477498,0.449590666025539,0.201884236691537,0.334756236218895,0.478297475541389,0.748670100833191,0.855273992203514,0.20090993811633,21,0.869906731537584
403,0.426637045108136,0.338097231069881,0.104563901735148,0.500063357459616,0.0966908249875027,0.0492203085708224,0.0691080004866105,9.12367616361007e-05,0.375411084464407,0.685183574173166,0.495616660197188,0.223513955961596,0.379954896549424,0.337835792709833,0.419806827270568,0.208027971207431,0.499858107997852,0.151509782922427,0.498753962003459,0.801578444278129,0.696639641226338,0.164431669093001,13,0.567965103743128
404,0.388765761496915,0.618833132219626,0.696719408700544,0.723832816231475,0.027527754015263,3.77011053683236e-06,0.040309371805352,0.508268917713186,0.105554590284014,0.427752533694602,0.291508798901038,0.343405076929255,0.301488017888126,0.0828961749213924,0.167250579378714,0.0951990788110308,0.365658103688573,0.379979171964872,0.499559855764972,0.848459246260511,0.602302532367811,0.212656628168697,15,6.59723176294938e-05
405,0.243477829639467,0.573387039318367,0.171295771816151,0.857417050466257,0.103717244900974,0.066257699441375,0.0856214025016596,0.377396837577745,0.6513637624814,0.368489387780088,0.343430818083513,0.289770607726463,0.331394025693102,0.418376691041124,0.603801059985887,0.145524185462586,0.102538875052329,0.436588916873715,0.314351045072743,0.772023857641049,0.770748440552656,0.157160061387386,13,0.519454725949642
406,0.762383224099905,0.388110341308721,0.733312182815594,0.700510596780604,0.0352217731730609,0.0503212208185838,0.0679574009062575,0.618701003068065,0.52371502458951,0.423315656492893,0.179686085411392,0.0001280288233119,0.137751947918491,0.240912989092717,0.0180796083004514,0.264770291720339,0.254252958435389,0.417718994819465,0.286672798255896,0.578276796886351,0.636562319572358,0.178354136892883,15,0.559081774556261
407,0.291425940662632,0.507541909169293,0.00965430383308397,0.90315755060625,0.0912077107236913,0.0654280436439405,0.0909684876545829,0.576793716542149,0.999854110333847,0.765786074873868,0.259860752787759,0.300390792880454,0.250572992328374,0.456918039156455,0.480388395393016,0.0391673884969064,0.178189229577135,0.00023429425927461,0.200256648301365,0.696119445379261,0.808414699832549,0.0989771785931714,23,0.396775286666692
408,0.999852021087501,0.948372257880909,0.294846892918915,0.591528610622715,0.0622408668975824,0.00402145903143851,2.35846800701693e-05,0.999640291173093,0.2564791616602,0.81459405824878,0.545908076651165,0.416878048789848,0.236234092804285,0.153610537258288,0.107867426984642,0.368949343720318,0.274099531061847,0.489261403976114,0.423189659968736,0.989695811819539,0.804325023813869,0.106002284555172,4,0.477457944461542
409,0.362475514880416,0.452193475676001,0.798239596691436,0.684648525265802,0.028782839006298,0.0442560502941265,0.0715219318720564,0.830268756398968,0.420849633817782,0.790442234109713,0.137872072579036,0.421394861502539,0.406368074344606,7.76303646992892e-05,0.493644794908612,0.16323020913585,0.380659770292904,0.105343306210576,0.0878394958111859,0.824422062242448,0.580697801545994,0.128751840011201,28,0.78552289000863
410,0.999852021087501,0.396694383326798,0.472984621673477,0.643450214682594,0.0585495131556641,0.0543375398661623,0.0408113612140006,0.784065410162246,0.27481971249375,0.683777640466164,0.224716296008671,0.0001280288233119,0.00917573649304312,0.321510825345801,0.263252801062589,0.264359169304358,0.258832641980255,0.337056691555894,0.218785090911227,0.977609587931247,0.796743996228079,0.0343979889737011,9,0.999019311745465
411,0.481481681620134,0.53734392278584,0.694938129081793,0.865618673873042,0.0193680210423417,3.77011053683236e-06,0.00759073034282488,0.405190882273673,0.509771157284847,0.534539656670355,0.31067698527425,0.0701611588949754,0.218992402216603,0.286759723487468,0.0889146337209384,0.499989724523516,0.257131779792229,0.492028606339225,0.499559855764972,0.861276024496636,0.689264367538327,0.207039130865388,15,0.562296484008761
412,0.55054607924103,0.547535011781142,0.341032754375736,0.554542826868976,0.106930598124724,0.00712119491208296,0.0817380507008276,0.158283622367779,0.572245392989426,0.647886474465933,0.0737822963463675,0.00523845369355963,0.128720948712798,0.252335111854184,0.284595643830948,0.187806074642363,0.420018031510984,0.061839096990115,0.3852959072504,0.906913872057639,0.597179109575181,0.0261344498003842,8,0.614420452597938
413,0.535598379876906,0.104400080436785,0.323291516766975,0.746614497223065,0.0882553698885604,0.0795495053499123,0.112333091583747,0.311296860782833,0.385258720406591,0.824443846549185,0.383310939827442,0.412453071428965,0.0797582216080287,0.26792479086512,0.94679240916329,0.00030305628819158,0.241067533642413,0.303355338082481,0.387481134028404,0.829872132975856,0.781905852459967,0.149370625676967,4,0.641728606610476
414,0.826868083944264,0.613312974852557,0.48940185506473,0.500063357459616,0.0565413077650025,0.074576985381188,0.0694467834591329,0.264686507779133,0.440802631591369,0.653210028734748,0.182187828650467,0.0001280288233119,0.163865025724509,0.273684433416187,0.265719356424091,0.256428159115209,0.496314280161217,0.420339864142882,0.157031276499602,0.999953931943418,0.650088168742122,0.14330828561812,13,0.0278570114821364
415,0.373027343699701,0.576257442299186,0.50008231256111,0.685781130773734,0.041686980164236,0.0513374347380668,0.0792943963722211,0.594319266633682,0.733559770431261,0.755734213230088,0.198909725509255,0.30384654681724,0.171461577382791,0.130803297692311,0.558156984217079,0.117025916807358,0.329054498844902,0.0841029475744035,0.18190115778344,0.645288657014148,0.958488884429584,0.173929987330601,17,0.268092587333796
416,0.485990155529908,0.215487810271404,0.203848551671977,0.761863314101841,0.0577313225144889,0.100298400040545,0.00547971361971127,0.999640291173093,0.844891425954739,0.281900940232207,0.215239016490424,0.275503125953151,0.237862002755892,0.202619741477652,0.00019440235718619,0.447657017485204,0.483725130408158,0.306841798036127,0.206958152174505,0.702283190452431,0.790402955647089,0.0912073514336376,28,0.58216418173423
417,0.775390123749895,0.495148797943882,0.533882135432456,0.500063357459616,0.0273441417343424,0.0835298170066431,0.0393129338481813,0.501660498695235,0.622266659830053,0.694712356415749,0.183588981332916,0.297716200461,0.443417414995808,7.76303646992892e-05,0.4554534240584,0.295114759985063,0.269713027648236,0.408462553150153,0.329662361955696,0.710132697242894,0.721157179654689,0.189257325587948,8,0.525964860892817
418,0.651016338031654,0.801894987120065,0.591119502138625,0.65534271676705,0.0524175427135593,0.027274738472155,0.0941438553163698,0.811456815289747,0.50704332648182,0.697076010723006,0.671977123772955,0.354403500790839,0.442731173429536,0.0689802525303407,0.5583900844272,0.231589038353277,0.167398033246254,0.306643643917004,0.245199156762204,0.704831904045343,0.618132080605178,0.11349273542482,5,0.468784942119957
419,0.430741567364706,0.351926543446813,0.598879097962461,0.669572230046618,0.0318252958161591,0.0292797268066438,0.0533182181819549,0.591351678068597,0.0663992505309895,0.814102784229453,0.285533265360886,0.398064120153889,0.193406197647739,0.231808629420631,0.551211333475767,0.169050216375138,0.257592280733882,0.384578277067464,0.293718833436664,0.798824937812438,0.798256831842688,0.223240801366206,7,0.736017021943093
420,0.663495311029663,0.627631929365314,0.885434631764815,0.87604646644562,0.0495272048005716,0.0189494452137448,0.0799338523074553,0.210849265441272,0.674456088954534,0.836625333403339,0.407318776011164,0.261054754504192,0.257935991847506,0.186930114760132,0.0561065661375844,0.29816354009839,0.228972794513169,0.413525914756957,0.292532758486033,0.57666371311473,0.646002370572637,0.101281911980082,15,0.461172865257859
421,0.418076561255135,0.594869414852358,0.436041724173508,0.7725253870711,0.0690142772132579,0.0527930482741171,0.0621245598823403,0.608946382508261,0.999854110333847,0.999928297183826,0.451212692636972,0.665875268453727,0.248445182638335,0.383095719584664,0.626105108852548,0.097953675739316,0.390124962597125,0.00023429425927461,0.372366183313167,0.602512018037744,0.999975606664492,0.214532753078497,11,0.319238150341472
422,0.705456243522136,0.521969525240065,0.373074507811653,0.701727870732477,0.100307718374164,0.110843854445361,0.0924709802292229,0.892138153084771,0.770535189230037,0.683934536136255,0.00020573198659345,0.130337018691044,0.151163910108382,0.65255234972347,0.246591827486242,0.0566001151639854,0.258456259069883,0.289295646044049,0.0697606766406063,0.500013466963832,0.895927020555419,0.00120078561200411,24,0.774138577928075
423,0.539769083068702,0.700871635475381,0.765266880653204,0.687885226068375,0.0342130711910003,3.77011053683236e-06,0.0236369018426891,0.999640291173093,0.814085316824977,0.681425283593951,0.669609543029907,0.5225856491606,0.43524643485089,0.00561700460276704,0.233849977561697,0.146386942119615,0.260768578702306,0.190817312046751,0.412855015382693,0.572134441671328,0.898553074657728,0.246430287235553,25,0.274784905381888
424,0.630200217256974,0.491852666769273,0.803955556318225,0.846076337568389,0.0834178625971499,0.0159229997242463,0.0851484762601546,0.999640291173093,0.430037012804838,0.276921641324248,0.105297143689069,0.0001280288233119,0.0931108059254743,0.312319353273443,0.0512121442119345,0.273200226740841,0.38336705979259,0.460659805386006,0.414133429510968,0.776671634679401,0.759301673045569,0.174582823965501,12,0.546368459637091
425,0.101448443370118,0.384951151466212,8.27004485181533e-05,0.721496908272788,0.0747232980423807,0.0416756253548149,0.0086498543838293,0.859566496234526,0.371331362816823,0.581268319161298,0.643205867753313,0.551222425046357,0.257778588143518,0.370863968079978,0.190300651201053,0.414413456126789,0.499858107997852,0.00023429425927461,0.209228410219095,0.946978464938373,0.798737035960782,0.084347346852889,21,0.774594053360909
426,0.682706174923836,0.558654904256716,0.102894140926961,0.82699344170187,0.0810842416048183,3.77011053683236e-06,0.0285648651664593,0.520962759634929,0.252693470146689,0.512924961713231,0.161782944955367,0.0959673762605354,0.231804528890162,0.446795922405301,0.00019440235718619,0.00030305628819158,0.0893554530789643,0.356753757747693,0.0808915797077183,0.753605545684578,0.500132491014102,0.0506285382883473,18,0.562131859167816
427,0.444118671581695,0.225763541143713,0.476657114193975,0.812777355052964,0.0324467475700983,0.0256563099084859,2.35846800701693e-05,0.490711703896994,0.479227862872653,0.342750766713446,0.362907436681637,0.287243808170563,0.0729704770277589,0.294618149598635,0.272639963882499,0.477556281013881,0.0841070011739624,0.469540800016821,0.29694308807108,0.670622433507794,0.83716282929738,0.209246038233043,14,0.897700919097112
428,0.693345439898968,0.309480777712224,0.00270429108919806,0.872986851390678,0.0725514082995657,0.0773269643584843,0.100967470609682,0.66127037960195,0.167151374479624,0.497025205791441,0.434371119569248,0.243898227260295,0.273477145090875,0.223728033536447,0.402167798186643,0.0731416558868844,0.258107895898661,0.426714532044808,0.225916357251245,0.76206334979365,0.639350635937344,0.118193481626044,20,0.267181347317429
429,0.386265324465134,0.228835754439685,0.265627538422738,0.779134871672053,0.0603655280634546,0.0581951847173252,0.0625947341256476,0.655322551454639,0.456689039891687,0.371700777566329,0.615300946614033,0.323432559005377,0.120276127799393,0.115411137706049,0.25367528696106,0.337993006128232,0.18421795667721,0.446095579842022,0.316500424836882,0.678176013122851,0.61303745478315,0.133587113664347,17,0.558868987190472
430,0.206026927967254,0.0247867165050477,0.11364481124785,0.821872727981497,0.0419423110742579,0.0562075552464676,0.067246963069148,9.12367616361007e-05,0.636422796073813,0.380669783096958,0.334172199023692,0.427125151052271,0.229735616602161,7.76303646992892e-05,0.0358647995717813,0.170666453763022,0.129032810977082,0.324894008318019,0.28668257561728,0.937131848653832,0.517873136943343,0.127628262820565,27,0.562424731848044
431,0.00021768103810027,0.205636971684079,0.152397823992931,0.722082563664332,0.0430799092086537,0.0780942780327988,0.03267596622186,9.12367616361007e-05,0.603817560733784,0.592570923369435,0.591126223184313,0.873030333825872,0.349433831010248,0.167034224989621,0.549102599520204,0.11337530714515,0.28307665862762,0.12422408264034,0.37614922270882,0.729092014102164,0.849568540436687,0.249984006138382,22,0.277258214188153
432,0.427002402605996,0.459664498519886,0.563469854193808,0.861622663900338,0.0486456438367032,0.0606423326339177,0.0850155513655086,0.736662121096351,0.768140587957455,0.451750812163779,0.00020573198659345,0.478570051883113,0.453517017160808,7.76303646992892e-05,0.00019440235718619,0.00030305628819158,0.160816945937057,0.482160397091533,0.13091892303429,0.66602034721274,0.500132491014102,0.122799180067611,22,0.306017875719763
433,0.634615869424758,7.64295788737945e-05,0.665315037789008,0.591600319695575,2.69250937448815e-06,0.104217238548118,0.00636540975262794,0.476199111372917,0.68484360934993,0.520145520067868,0.200999594219545,0.430788093068783,0.246397993523911,7.76303646992892e-05,0.683785194413522,0.220239171917159,0.134671996192784,0.43514419641097,0.460681419569756,0.626360860031743,0.728249578396118,0.167090529365281,27,0.569298873334459
434,0.534328736584912,0.387409314778988,0.273838850912776,0.669010069614575,0.0712178728871725,0.112555537897108,0.0827252464151698,0.444066345721849,0.845992111985262,0.489374649000044,0.00020573198659345,0.132383191404533,0.25931482148931,0.232824623039678,0.468715453769708,0.26892948582178,0.356732891110698,0.102061219283583,0.0479843914708094,0.927506192249916,0.789316017419757,6.79376821854385e-05,9,0.342650965871981
435,0.212338234206222,0.193769436477252,0.186206053882528,0.720453179793148,0.0769298894287583,0.0239462348398245,0.0333521154922826,0.893965103721392,0.688985349644524,0.544203490931673,0.441154492988456,0.600463346357384,0.115338765867053,0.345569277275483,0.594468662630492,0.0879687880249911,3.55416661011986e-06,0.132516353654099,0.408056148119223,0.56054806221612,0.999975606664492,0.156629305569725,30,0.725920111804687
436,0.527113700709595,0.550875135874216,0.0192217743364131,0.535754551720433,0.100992375844965,0.0932296692481422,0.114835245379381,0.179815075300812,1.96226454502903e-05,0.282450242137066,0.46859009113446,0.0768707619377407,0.274616758047896,0.33226985109313,0.817309198262878,0.127753824680623,0.321124113597831,0.247105632643047,0.201883077579126,0.999953931943418,0.727020216402587,0.158758869394699,16,0.807615187183085
437,0.0557393899830746,0.44296471611021,0.281859200133277,0.990823117151543,0.0569343649125149,3.77011053683236e-06,0.0108347937785324,0.506678236504013,0.588467255927797,0.268924446736654,0.145681258385203,0.540888235092342,0.277063127870167,7.76303646992892e-05,0.0309352730983948,0.122690248654882,0.0467426660545631,0.189334458556821,0.305263134464966,0.793919003359401,0.630426574304105,0.0591123588589508,30,0.113456966886124
438,0.58873966158019,0.893015213310744,0.839291067716005,0.549885941888425,0.0647445597219858,0.0611157396530252,0.0399127649191302,0.675462341962339,0.542671349774184,0.539241392156121,0.0188301998336987,0.0359556106158237,0.192205691331707,0.283624479968932,0.00019440235718619,0.418042599437965,0.499858107997852,0.329282133383549,0.0543793543639755,0.884400439920878,0.776813731738004,0.00545776430234113,15,0.520913531316074
439,0.645434939846805,0.434569889609651,0.378121111352659,0.650916430599538,0.0641274247181818,0.0743624951808985,0.106711396269796,0.272428412111352,0.671429684649012,0.606424548690102,0.00020573198659345,0.145616948683622,0.217973053677281,0.11495931312664,0.434388227498092,0.177750633927322,0.169652356037393,0.456803193847871,0.237140268916431,0.833435205592439,0.787157854621605,0.0474373480598132,16,0.905057744464403
440,0.467158024386827,0.341310678142572,0.99998713443117,0.845384210259354,0.0262895432552722,0.0677057475499019,0.0451413974706674,0.793098080770088,0.876835368659736,0.651060454619728,0.00020573198659345,0.0463490001375755,4.64802905591205e-05,0.192082016556674,0.36732801080169,0.18005047330507,0.278580687087788,0.317515658732687,0.277926923596552,0.784699142610912,0.775544597835159,0.0389019331601814,7,0.759184763155772
441,0.358972829450688,0.298082080982251,0.270079059590668,0.652840397091431,0.0165900658507702,0.0545379149991659,0.0489101467675678,0.858357606218984,0.413079606633078,0.56997810675575,0.269561751731376,0.731214805725925,0.387100074328531,0.0940580607223666,0.226340946758127,0.108921216819488,0.275646257207843,0.471747399374153,0.304626362479105,0.733000887747648,0.780540134534089,0.183613502743942,30,0.289554433859091
442,0.188418928552837,0.600550265152807,0.652555804717063,0.833411812009679,0.0476841502850307,0.055847595678991,0.0795304486156727,0.852478383401784,0.999854110333847,0.355375272507629,0.00020573198659345,0.335318843992065,0.198441817515984,7.76303646992892e-05,0.419220053661902,0.0326719676975749,0.256031303458457,0.192779427960122,0.00508124607503502,0.559830788228074,0.663555370412677,6.79376821854385e-05,23,0.335475446147374
443,0.669739738594323,0.653330887801299,0.345505100898141,0.784511199986998,0.0413385675414443,0.0122648264715693,0.0203156678971675,0.868271144142831,0.3122292852657,0.776712913054015,0.330860597115533,0.287160952460193,0.188825347011807,0.353217532434568,0.362134589091609,0.119015146079395,0.252423913694803,0.433535133372752,0.369692778612534,0.919835640732021,0.755775132009339,0.143697624889351,19,0.353287687930403
444,0.531139390427918,0.393969961291461,0.99998713443117,0.699448045085599,0.0119260956164782,0.063998912324623,0.000236929505849498,0.513549631646335,0.999854110333847,0.875802733202999,0.00020573198659345,0.318978285383304,0.0366281675629315,7.76303646992892e-05,0.237318460509599,0.178362518496179,0.182665764283511,0.166514113186799,0.335469413596021,0.59677240453391,0.743072484574268,0.0256466489012341,16,0.999297207634302
445,0.507243724901149,0.233185720398061,0.42417452794852,0.804698850733058,0.0635023164151367,0.0470327710582617,0.119995094177388,0.735764107918986,0.919610010655388,0.615837580064656,0.0958809158130431,0.0149391990569062,0.170377364363104,0.54369877740181,0.0698259165033063,0.147858888026135,0.312005844530913,0.403101333500861,0.240007028663861,0.874989947492666,0.799863387302615,0.173893012536338,13,0.451541173204583
446,0.999852021087501,0.999963109878346,0.99998713443117,0.713326454095794,0.0176761578336345,0.0896907504185019,0.0610301923262219,0.999640291173093,0.32359874937746,0.679070914429049,0.110617134473668,0.0754011196602828,0.0149779290594415,0.0923439240033783,0.106207939887464,0.259994381898918,0.186600042075112,0.499992012141552,0.321371181918679,0.500013466963832,0.874913907376779,0.130522963009581,12,0.620933569634189
447,0.651537019315352,0.560602838731741,0.620566378865734,0.500063357459616,0.0301984435252344,0.0287080459097213,2.35846800701693e-05,0.999640291173093,0.842911410000919,0.776069515616971,0.376227443613342,0.553956582501616,0.496456485294908,7.76303646992892e-05,0.173105717555316,0.416636964015584,0.120107458840714,0.318034426753226,0.499559855764972,0.747158055541319,0.68395964957426,0.139178246880563,22,0.74266480372826
448,0.469448436854159,0.151457652661437,0.547803276772376,0.640251615294916,0.0709411586468727,0.0408578003556316,0.0568322769857563,0.577875417694099,0.798571306787398,0.56793135286415,0.417643760923859,0.224031788522126,0.0667855993057859,0.317746223564988,0.809100536358668,0.393810671933993,0.451300155225574,0.343759719954662,0.238864048965554,0.823710308337035,0.999975606664492,0.120308974505125,21,0.515227203297081
449,0.398204365679958,0.52551077595489,0.607133634513751,0.555831161945995,0.0587324964913872,0.0214932054067682,0.045514042758645,0.727938145997656,0.532804913920336,0.639245421851367,0.176047915557447,0.515050318565413,0.303065577033859,0.15276958874015,0.404298047905039,0.193603414056435,0.435198427203274,0.428609614146346,0.40266178408652,0.950521537557024,0.848682439126554,0.0369570391258897,9,0.322018484638016
450,0.709773224140367,0.429258435400442,0.429990355472998,0.60202184306233,0.0909232854803238,0.119998732919027,0.109240949629693,0.147243103227398,0.715223688315331,0.359620285899441,0.00020573198659345,0.101845194918502,0.0966380824965549,0.101844167457243,0.710250904116073,0.110480206108437,0.226781680692343,0.286705073706932,0.0925741226576413,0.619700605943688,0.641073804784119,0.0732231385114703,8,0.999297207634302
451,0.713974323326701,0.571335755419353,0.475173801582243,0.70440470144472,0.0973545185340719,0.0534476401950246,0.0404740973223729,0.65662328813314,0.467096329642783,0.28932286285694,0.475744391672092,0.263005161927787,0.022952174740415,0.176063195713866,0.0763937920109266,0.404665265748828,0.358908974674847,0.353250784808909,0.485797995675931,0.745774860056401,0.701838832906914,6.79376821854385e-05,19,0.470181171400367
452,0.428615193639361,0.447084301493155,0.466709517618442,0.649698097274866,0.0287711685768224,0.0589677849040243,0.0988402550054192,0.34622287212494,0.719181373107457,0.643980562512645,0.00642852018937612,0.179962589582079,0.291676272995732,0.298479171731504,0.334375872450399,0.132471248584414,0.082373120207212,0.285750739769697,0.363866694247986,0.675907670554237,0.760114307659197,0.0842561126348316,18,0.71680515251415
453,0.854935528680731,0.444461663015501,0.58955092565009,0.686984160651279,0.00246947629184881,0.0409085753442517,2.35846800701693e-05,0.612295306725083,0.736990030721263,0.89458621296714,0.454127732227223,0.47808362437154,0.352005082819825,7.76303646992892e-05,0.630933991008403,0.193697770185168,3.55416661011986e-06,0.252113085401917,0.431225568521871,0.582091125850286,0.669372166417001,0.238622846545033,24,0.862199306100867
454,0.67514689803665,0.486694737544468,0.331009455911479,0.850150126404656,0.117202417178641,0.11736081001819,0.0555379132686209,0.791585672420752,0.999854110333847,0.717136126672034,0.00020573198659345,0.36479137960765,0.309957756950557,0.452281942427475,0.642980343592082,0.00030305628819158,0.245371090566676,0.0901969983350845,0.2811600534292,0.555443990819797,0.824312981346508,0.0120876115328941,24,0.989985145806529
455,0.401604476933803,0.385609809126057,0.404499907941489,0.855654711164201,0.0867082329452246,0.0269995401011063,0.0919377366876671,0.334928092082111,0.528928638096677,0.750155669582922,0.00020573198659345,0.158996225080341,0.400737257207651,0.499208069755203,0.579518854826403,0.00030305628819158,0.461508009911769,0.114981575876645,0.163352609667828,0.775138879254112,0.645441484301938,0.04492740324985,20,0.207015219209747
456,0.425197853030973,0.818736313088539,0.249690980676335,0.599529492307338,0.0485667621181458,0.0119811918962946,0.0841635261008962,0.696432147473898,1.96226454502903e-05,0.436115476783447,0.449094646850256,0.293948296378354,0.435436827238045,0.179784452677481,0.259497858720817,0.259756981163948,0.301632533394529,0.125363478658565,0.389624876715905,0.543862692311514,0.923211838119465,0.24522323909971,24,0.67282523458377
457,0.534797580158133,0.772884788312698,8.27004485181533e-05,0.567195981886712,0.0731502232505918,0.0490978296332009,0.104416632877895,0.471917305165793,0.476240043342746,0.645699292698576,0.727015863756995,0.429268663692624,0.139528222129838,0.280161887839877,0.553843004771428,0.250728744967903,0.252550025895341,0.130234531668832,0.359718070198068,0.756126176323759,0.946388270391095,0.176985410926028,18,0.441959428798624
458,0.447432996315585,7.64295788737945e-05,0.746327857234067,0.803098831915564,0.0213228765201219,0.114472284733035,0.0846207326202866,0.797064662098693,0.777598009870453,0.0967199066318011,0.00020573198659345,0.0001280288233119,0.0591540175729645,0.210474556088262,0.022558695155907,0.348520566034125,0.251949911304781,0.499992012141552,0.0775706824093793,0.828630597917157,0.860478869647425,0.168431713512408,24,0.964707184054215
459,0.00021768103810027,0.00270812584695174,0.147737001161724,0.795471952487507,0.0605359335846987,0.0433459931304876,0.0384632605501962,0.46485739042324,0.530250355728096,0.506081588196712,0.42321723157671,0.368935253149095,0.158491248752224,0.416141511944959,0.281897986797713,0.372501787527616,0.442332281140778,0.489010470136273,0.328892146424011,0.852344481995676,0.935153605770959,0.236286772971832,20,0.836897943409369
460,0.490080394853798,0.45805417335379,0.618891694956511,0.848143601532282,0.0606584008830403,0.102436399556823,0.0921893862925224,0.84037439479794,0.513598750345548,0.524227129284272,0.248600348944336,0.431583999187434,0.0946405429631936,0.415415873289941,0.184885351619189,0.247072724667562,0.368450200470991,0.38851508851198,0.499559855764972,0.645212663985667,0.889643845382933,0.0773187423756914,14,0.398675697165169
461,0.548912978096406,0.7226854188917,0.522880113341287,0.763709688775607,0.056006507060957,0.087030714175127,0.119995094177388,0.952668588475128,0.810612285474613,0.489425181522958,0.329866141903447,0.176671901600303,0.169762016869796,0.415053707253522,0.43571418305626,0.200858464641259,0.117864861869764,0.224063076555004,0.307632759747219,0.500013466963832,0.836248186203577,0.141976430166549,17,0.183485258031336
462,0.578268633148661,0.409465870089402,0.198794637271938,0.767614521597327,0.0366730958936728,0.0097396654971475,0.0479307299683373,0.444119500678547,0.36070485939791,0.59801023958996,0.650738607752446,0.616139499542065,0.0853733282578457,0.19144694127088,0.735587271660577,0.0430303941341933,0.230492871154148,0.480220021385644,0.499559855764972,0.767828094070996,0.747914980354859,0.0778663591876756,21,0.546419517899513
463,0.999852021087501,0.386421301343908,0.379631397140867,0.553277048169534,2.69250937448815e-06,0.0654788226652514,0.00400953304427441,0.988300843544494,0.472647694949292,0.627316446226008,0.00020573198659345,0.0990032707175906,0.342107270266085,7.76303646992892e-05,0.00019440235718619,0.37708149481889,0.468001573570457,0.486116929977947,0.165683139093505,0.807945574795148,0.587257789002716,0.207982503940965,11,0.525183702890793
464,0.153846539061138,0.342073261667287,0.103270656507334,0.783089826586191,0.0443662227243029,0.0620328404068611,0.0838146192855663,0.999640291173093,0.332870481609738,0.472787839266852,0.5868852840621,0.485583470229385,0.534644897392744,0.396181051462118,0.650570001310864,0.00030305628819158,0.242535441780313,0.202935297980463,0.499559855764972,0.500013466963832,0.68974092921813,0.146615257883874,22,0.202480338614735
465,0.570843991521795,0.463275920219011,0.738829185012834,0.676295107807606,0.0407588798354271,0.0690450601373206,0.0375479549519182,0.398290055074971,0.631728012523072,0.476352067923198,0.05563769717935,0.327327360890288,0.0950207438260471,0.267441974886177,0.369982167504068,0.285447374626583,0.439589676819369,0.461557829535598,0.365150981158729,0.681776114664669,0.825213781769832,0.149437832497544,12,0.182261795215445
466,0.855176526835362,0.679931067451503,0.335335595093757,0.647488742684349,0.050800184631771,0.0795314603462149,0.0907632741108404,0.605323197774628,0.5000211818007,0.885891216727091,0.275061083686043,0.39260165224161,0.384517957325568,0.238973318191658,0.297809181838531,0.00030305628819158,0.427385125831347,0.144131091965447,0.255548497033315,0.890706478402771,0.796385965440039,0.11616346203395,12,0.159630676318607
467,0.873022498449585,0.844070285497662,0.649827175887917,0.804087052752065,0.0332936285111488,0.0240978628377564,0.0359539497137951,0.935447800870887,0.282327900113346,0.776681834486711,0.00020573198659345,0.142238577226693,0.344919913525854,0.402597584405942,0.140558858056392,0.18050584503544,0.180138239616889,0.438655231408918,0.499559855764972,0.584441609226829,0.754891734973028,0.0986408772827093,20,0.868271324766101
468,0.549977911795532,0.23312086851999,8.27004485181533e-05,0.500063357459616,0.0509138828194437,0.0758795217517328,0.0615027613573528,0.38632253625022,0.406215784096153,0.72240580547787,0.249341860526041,0.164585771251491,0.067220501064937,0.199567928546857,0.179320427741827,0.325053465481321,0.40642802184901,0.275339728800936,0.324853109398409,0.759778269948898,0.857377967297316,0.13903757589643,14,0.816677312184451
469,0.255889398385244,0.446164391082248,0.452767025425176,0.804368961241459,0.0715973269398103,0.0289563912577513,0.0278447691078669,0.257905202294042,0.375710335396178,0.843746988040494,0.242427488134987,0.525858283729866,0.192803319489482,0.00862923145885225,0.367417847632077,0.0883039354145251,0.499858107997852,0.183319053312477,0.424642000000768,0.692612783314966,0.657411445450657,0.008829037668956,22,0.720715566665998
470,0.999852021087501,0.835979790084818,0.180714768057246,0.500063357459616,0.0239636948363048,0.0424938170226154,0.0495626313296113,0.785277430091623,0.0839566966880803,0.860407840928982,0.449504931311927,0.289653911427746,0.388199523313857,0.286868894816778,0.310996344866411,0.197601850429466,0.316935764515091,0.499197765556345,0.224033084180422,0.856897201700063,0.719193709142257,0.165921331533408,9,0.0198240836619293
471,0.530001098305205,0.396702552832509,0.639364102713062,0.758762480464078,0.0458776875420192,0.0790728360436652,0.0472589165417843,0.770528071372829,0.614050754166635,0.348362152042035,0.0723216194704042,0.397562888750155,0.234902738987436,0.379963552315717,0.763683763314109,0.00030305628819158,0.353708279756685,0.344958026105118,0.354891226191828,0.61831425705,0.862113256939835,0.0970440636845952,21,0.115106559908804
472,0.580706681025248,0.734890973234867,0.0712838703731538,0.64277920582338,0.0537378151004898,0.0777279881634268,0.0637914684331161,0.674226552309449,0.120864713683512,0.44252141474675,0.660105036692519,0.410429874878959,0.327784668252185,0.133263436693385,0.00019440235718619,0.499989724523516,0.484263652966776,0.440910116047795,0.382343044804743,0.72333787687641,0.792844361816821,0.214702434941062,10,0.558468867153662
473,0.0423192249771261,0.191156210536488,0.0252593890617974,0.571854499871035,0.03600852885391,0.0447503882106518,0.0601467102167382,0.0369615932915969,0.659809581452482,0.32906108572551,0.377862557503844,0.610544596302511,0.320265605036909,0.0115958422922599,0.446569515057744,0.44590280344357,0.426998725251412,0.258281096242014,0.499559855764972,0.918569631006402,0.916636708757672,0.149293476598804,30,0.701099035612412
474,0.566629901047339,0.0943380468038527,0.258838424241546,0.61495859248977,0.0563391034609426,3.77011053683236e-06,0.0614523659838064,0.207984225100378,0.806534048289869,0.763567856811091,0.190587592396119,0.191712583013068,0.0792566413067913,0.239103754186652,0.941615357669548,0.193386746553224,0.392130362628086,0.260459319753394,0.207995407697515,0.83420811294151,0.687596561194537,0.164726556807046,18,0.414220348665791
475,0.594929346927062,0.518505437755456,0.0596669119866393,0.670532291351847,0.0991577392759635,0.0509614124208799,0.0696547757853173,0.376979674849025,0.707338600803938,0.999928297183826,0.169086357257537,0.334836102756871,0.127908038987827,0.623939101423324,0.999991596603808,0.00030305628819158,0.394061054705991,0.061642867478575,0.382195803464522,0.800480153489425,0.987441648319,0.0504890201444473,3,0.41882352470535
476,0.695992023835494,0.783589461337279,0.1372663691025,0.767560408020522,0.110881090090531,3.77011053683236e-06,0.0700684563680577,0.192039497470014,0.309284203498987,0.673280141483247,0.501830075588714,0.382156441786205,0.175290439543038,0.265500869773607,0.374787655254204,0.120729771200521,0.104569656648307,0.173812628789598,0.461369354673018,0.850200686546575,0.76047510007995,0.0242242978066595,15,0.383973319589937
477,0.527193553282121,0.454838696803493,0.00115233153964933,0.569704634593672,0.104718354646826,0.111036246822184,0.119995094177388,0.396366081003132,0.658456540779585,0.725754505601344,0.563867020566673,0.370256571045057,0.418359230387503,0.538677216728689,0.575428428745038,0.00030305628819158,0.0741677833638702,0.29877367425061,0.452902643981764,0.765428910657937,0.695612121993323,0.13004837239047,13,0.559303292239956
478,0.622176160741878,0.550945588548873,0.382784270765819,0.547729831367994,0.0342087865738332,0.119998732919027,0.0824344003226574,0.325224161324845,0.68589307950188,0.925228607051813,0.556058414801163,0.37242700613227,0.269993746635213,0.243908950916973,0.502711525031103,0.241426227706406,0.334303039077788,0.118031637237178,0.433352748862772,0.637322959791279,0.827161264616773,0.145695180168953,5,0.713414884413833
479,0.549612377330404,0.204634397345673,8.27004485181533e-05,0.764796911857522,0.032674072026959,0.0428567525871285,2.35846800701693e-05,0.22324313431885,0.999854110333847,0.999928297183826,0.168072057903814,0.857559682528195,0.163970686960036,7.76303646992892e-05,0.351587320774892,0.378411760975967,0.292790153421943,0.333380630500994,0.499559855764972,0.792950561066055,0.93019533388922,0.118581836448745,25,0.59428814990667
480,0.23006050694284,0.562057271839292,8.27004485181533e-05,0.805702326041973,0.098597964909708,0.072882110923249,0.105011798727857,0.161954314354806,0.460001658832795,0.334982631921685,0.889028433209404,0.508043283880939,0.0977691308643191,0.213002067102188,0.749480767208666,0.23064899256388,0.285452966350613,0.0976606349243745,0.298484379340989,0.75022794125789,0.79598973552481,0.205977809650001,3,0.189948596141397
481,0.439974572487597,0.56690087421841,8.27004485181533e-05,0.741029811965265,0.0859171862757561,0.0934174078815728,0.0486495493423897,0.291015863444776,0.563863051234098,0.461297324906683,0.645025529791356,0.466106556603215,4.64802905591205e-05,7.76303646992892e-05,0.316107015811384,0.0905751281642839,0.3015033482665,0.00023429425927461,0.158291409832959,0.500013466963832,0.711773165982416,0.0538210407311091,30,0.644967769387189
482,0.440673321172347,0.40697521027116,0.474664624714981,0.658306164648928,0.0221059582669188,0.00429590275464067,0.0120753146152546,0.674638456786402,1.96226454502903e-05,0.444631798471851,0.321430032554852,0.507003201493756,0.380468539131861,7.76303646992892e-05,0.00019440235718619,0.240602140275737,0.327887447591542,0.292175361983274,0.499559855764972,0.726515612107471,0.500132491014102,0.117833720770082,24,0.554143704296101
483,0.680426704157632,0.275017002619404,0.819403222452274,0.790080133018783,0.0699116884263481,0.0686105525872034,0.056368451808912,0.658440630796243,0.999854110333847,0.827542374969485,0.0447203210341121,0.279086897170306,4.64802905591205e-05,0.0663475653080275,0.588157239396665,0.0509258066905462,0.499858107997852,0.212739920980846,0.330751991961891,0.78485261725339,0.781995836002506,0.141226753631968,6,0.745243481260821
484,0.16889158457326,7.64295788737945e-05,0.510547585798148,0.757170011034113,0.000426560404080574,0.0688714960484073,0.00115668906946282,0.689906274389033,0.423317029262911,0.688474835780441,0.687090046630745,0.500776157762666,0.109786912781049,0.270711195348954,0.00019440235718619,0.330906942851191,0.450695388390266,0.289214610526156,0.386963615263381,0.978418173596511,0.684794992415084,0.223237583625099,6,0.525086982956948
485,0.209769872267623,7.64295788737945e-05,0.62847439647617,0.920986024464939,0.0270764556303657,0.0429578497211789,0.0451560029153614,0.400856843617926,0.999854110333847,0.765458502758674,0.00020573198659345,0.278699241720879,0.0471172351278928,0.0012052994062294,0.209344123059169,0.127897737040118,0.173944529305244,0.39874098942683,0.279472541596123,0.550908195681131,0.657264122753105,0.101467053912788,26,0.813129283996907
486,0.327469432395603,0.484423220483612,0.388679173581866,0.855828310838684,0.0779317115547411,0.0787389347096616,0.0986699078139713,0.851217789223995,0.351316658278699,0.339365938043982,0.00874088064466538,0.392338223545783,0.408897663343899,0.067957092523928,0.303483458315586,0.0330942470232331,0.483858033764259,0.287664596642976,0.189965813081512,0.626350620855495,0.659160074966266,0.0553495205701662,18,0.437784145192734
487,0.490683456594834,0.853292320813327,0.760750310269635,0.806473941071249,0.0637364447088066,0.0281037205156232,0.119995094177388,0.700329727156003,0.16027997780242,0.746802965340206,0.00888920497749174,0.0001280288233119,0.436849689313015,0.535433144575132,0.0378603990807765,0.0629492611470592,0.288253352222738,0.405289054977011,0.300193132179713,0.712105422398959,0.624289592929768,0.015252275354734,9,0.393840765408672
488,0.519776606547699,0.675142496919644,8.27004485181533e-05,0.670674008570671,0.10666580415867,0.0950799889319923,0.0942119574659009,0.434554430147224,0.515290933378651,0.633781935075801,0.940660389656303,0.248815415579912,0.19109685907817,0.488190882006399,0.472025510065502,0.152249788200899,0.250461036012503,0.164284813716072,0.123210904048222,0.872554045581086,0.757903255675213,0.145724733283563,3,0.359386738860183
489,0.393242771926823,0.559327946093641,0.817479422574145,0.892703257062318,0.0592997611891793,0.0256675531214048,0.0612233941781545,0.837571287556437,0.999854110333847,0.797250640442186,0.0699032859726949,0.280422399043639,0.0966760439136028,0.150091532648444,0.170942653186172,0.294203203977118,0.292796753791518,0.265970933123071,0.388283023785793,0.700179461957043,0.766780355536552,0.111265403041464,10,0.594850608964639
490,0.521308778531736,0.799963967544078,0.0619955311127336,0.635080759086415,0.0858183437244696,0.0579434005860416,0.0248578662741501,0.242031916314564,0.576416346139477,0.79282069225038,0.572634285615871,0.283889775573924,4.64802905591205e-05,0.22204446234776,0.559191997964073,0.455121384116681,0.234841756223654,0.106288567326655,0.177553471809454,0.741852291802563,0.863072286646452,0.0723941716958446,13,0.585642371084695
491,0.623160794982176,0.551115802473253,0.0281522726193271,0.710620151558244,0.0738689655112809,0.0522572780616907,0.0955410453249083,0.771474574831665,0.174019902628358,0.740326887596462,0.37673958796643,0.296936817587429,0.108443474851652,0.345760241753569,0.50844638897817,0.00030305628819158,0.0875256269657146,0.329533219998317,0.122619352072351,0.811633245853809,0.522302989511559,0.0139682789742301,15,0.627089838493158
492,0.535417954370235,0.271976940851763,0.284220426671768,0.880596142665257,0.119957540288265,0.0578433065707283,0.0322752379760635,0.887934406356861,0.674636388846612,0.604050684962885,0.00060252393129806,0.254301439355886,0.266577047378012,0.471947037929425,0.229628316932691,0.171378062747673,0.381209504647673,0.415196660071414,0.299179518514021,0.637820137260155,0.7651455073997,0.0571693322576807,24,0.803827862874671
493,0.172436223280617,0.650998428764806,0.464111981186016,0.730454500972541,0.0242265268658023,0.0187198444731713,0.0484269647262688,0.812650726807693,0.222276695399579,0.51430801346664,0.290095709590942,0.47972701810482,0.585784851320027,0.107536403233444,0.125017382339361,0.183691246378757,0.0637436157522981,0.329214669611851,0.3525563331516,0.875342081239079,0.641071075349075,0.156318920332976,18,0.372343757573423
494,0.969088407574551,0.461326794989256,8.27004485181533e-05,0.862617785694665,0.102194076502326,0.0325209000243195,0.0226182870263289,0.0011084086284554,1.96226454502903e-05,0.733267131359842,0.228796155088991,0.0001280288233119,4.64802905591205e-05,0.847842716967172,0.288036529129127,0.0506458498304825,0.431204075001825,0.397836176093397,0.108969876822225,0.81005045536516,0.854075096304931,0.121851448634521,3,0.821767201673996
495,0.188150084171849,0.332230081848974,0.487428562992639,0.63307670842762,0.0243925449252225,0.0673780769335957,0.0170005062091661,0.677801997756671,0.869100206867916,0.138462757468125,0.336947531126403,0.506808692112562,0.347348020788588,7.76303646992892e-05,0.0918918122744292,0.351645780764608,0.181426683313432,0.197875146261222,0.424885713090707,0.529683453856362,0.709132064961746,0.133732522410324,30,0.431299958021
496,0.497032417181826,0.414800047944242,0.626463466264618,0.962854751242932,0.040222008506588,3.77011053683236e-06,2.35846800701693e-05,0.363799020189362,0.0997560855536325,0.706089342654559,0.00020573198659345,0.24644627784445,0.0719348116768451,0.0808954402727382,0.369979494723937,0.205905215699051,0.347000109257508,0.468211114440188,0.243149392945697,0.709521921524596,0.683801618368836,0.039589870048366,13,0.324155861505994
497,0.999852021087501,0.300243574615781,0.738919927638367,0.585649102389029,2.69250937448815e-06,3.77011053683236e-06,0.0313500078380732,0.955997843928142,0.640574070636532,0.999928297183826,0.159350546601227,0.34861861638287,0.489225078602966,7.76303646992892e-05,0.204391666895457,0.366550997899656,0.0864168329701035,0.303072332972543,0.499559855764972,0.884991800112338,0.532439131404745,0.199617246206482,23,0.565032413461451
498,0.255403459497425,0.269008932151147,0.0596279701792644,0.884958492627917,0.0744509102985579,0.0740682452543941,0.0913136260286778,0.183572172415169,0.729320770357715,0.642709339285976,0.340355082623127,0.342980389712152,0.185147574129238,0.344104098245976,0.610646764886801,0.109627268577868,0.129432652016716,0.27679490900642,0.0893596193472829,0.607048541443413,0.815421756413323,0.193219938550225,21,0.146886431251036
499,0.526661184419962,0.482493451792977,0.60881051152082,0.862007084022566,0.0365858531474555,0.0605373225835121,0.0785191135352288,0.762042371112904,0.624689820148494,0.403288659449768,0.369821522554422,0.0516338096284568,0.298864486878891,0.00487770846197411,0.00019440235718619,0.224485345226393,0.123543914013124,0.256901229398037,0.208420714879641,0.500013466963832,0.532749777814242,0.154387449642004,30,0.740155278020686
500,0.93893284249415,0.0523384346449368,8.27004485181533e-05,0.783660717043646,0.0507710146310633,0.0457229200587991,0.00488294314442301,0.999640291173093,0.686085418121499,0.706465263118165,0.467376047617923,0.17497315628605,4.64802905591205e-05,0.447479823615153,0.182715005594296,0.344410737343552,0.191008093787478,0.346521481058194,0.336267599463996,0.625711739960304,0.827788928394535,0.156431642510476,21,0.592819547640213
501,0.979924174924517,0.625655386961007,0.872639688532097,0.683282263946924,0.0272788723071089,0.0253379845323654,0.0611232127243197,0.710521692667843,1.96226454502903e-05,0.863426074815538,0.260010760865668,0.182190219663688,0.296864796372815,0.00294380948285691,0.288925343092941,0.119221095912143,0.44061643107775,0.362932166898184,0.389640667221063,0.542106590335013,0.56810863490638,0.128023851267866,21,0.646166583257271
502,0.691256703754378,0.250437771655895,0.73040346987761,0.535854801727827,0.000910254946682683,0.0999913974077007,0.060911652433098,0.698791139289609,0.381472252808452,0.733555565553937,0.00020573198659345,0.126938152388223,0.0995294324123231,0.0991108889781797,0.268931289072432,0.189306047651425,0.15157794347667,0.499992012141552,0.100754997037165,0.75711387414386,0.854373351151175,0.206727373960865,17,0.999297207634302
503,0.50852938256439,0.0878192902055987,0.564203385022833,0.777494579285292,0.0375042950930551,0.015420905501074,2.35846800701693e-05,0.342389307538753,0.687393830305449,0.852991272005,0.00020573198659345,0.175421436896878,4.64802905591205e-05,0.44702889201292,0.153213940119565,0.198787237522005,0.233906935214177,0.174755807993406,0.249400716239159,0.822102013377401,0.881198234417708,0.111419704748727,3,0.821768465678691
504,0.935438525524158,0.662219123444528,0.227897463106567,0.681454037247458,0.0554006932747804,0.00224430980561451,0.0425069550023577,0.241877908747658,0.0724933607282236,0.999928297183826,0.00020573198659345,0.0001280288233119,0.292029344181839,0.401951292654697,0.640250094522709,0.032770620438369,0.368684462810632,0.499992012141552,0.183901155579107,0.923737903368382,0.500132491014102,6.79376821854385e-05,14,0.86816498692985
505,0.735315683663811,0.937704981104982,8.27004485181533e-05,0.566982369436668,0.106216342016066,0.119998732919027,0.103241548672891,0.177397667979018,0.224494046219248,0.6243687892313,0.570260076594923,0.457182762655689,0.297796152084206,0.266694883992854,0.538897110982489,0.0391597827792,0.427701962612812,0.00023429425927461,0.132742236367855,0.784664585258619,0.950757644928447,0.0966080580873754,21,0.219643215135817
506,0.385388357919985,0.233226479372917,8.27004485181533e-05,0.691275858777951,0.0932795196002122,0.0526403971965342,0.0184491970326328,0.0646342787113178,0.658094281610293,0.747802242286512,0.999795092571648,0.490257789898503,4.64802905591205e-05,0.330586605592174,0.605563164224897,0.499989724523516,0.35076114799469,0.0509489239918405,0.257343768087752,0.961774487963176,0.997528598493301,0.165884396277607,12,0.623793114518097
507,0.614577774713693,0.0779270405493911,0.560214918180415,0.629454861354367,0.0219956415953443,3.77011053683236e-06,2.35846800701693e-05,0.203375695390222,0.402695222853365,0.489636353329342,0.0825851340721336,0.0001280288233119,0.208181577936636,0.178007258461741,0.00019440235718619,0.471113530537134,0.252462946003311,0.224198505661756,0.223350568699909,0.876571400841399,0.811785943276894,0.180982389325378,20,0.647316856284408
508,0.710328302104571,0.599976301813885,0.317038682626059,0.872022867244258,0.0431887989967079,0.0297718663506068,0.0410291201389649,0.450358543160886,0.579575552722581,0.413864636773089,0.537814309472729,0.313049538449546,0.100172350402662,0.255825044957596,0.393281137258197,0.198189554478819,0.234146936043861,0.30737579695396,0.322439828391018,0.999953931943418,0.664133758352655,0.137071053971816,14,0.118145664360037
509,0.443579466643061,0.492106712101954,8.27004485181533e-05,0.519502334479822,0.0734892185338388,0.0618121452499647,0.0246979700422084,0.356821310053448,0.387987415491854,0.632945129405535,0.421494318158805,0.543630350289837,0.0274369473675665,0.66664563694871,0.655721643025817,0.145431197161414,0.158408865092883,0.491389858725207,0.445174586432986,0.688089808955607,0.999975606664492,0.0946906617240295,12,0.913293604799944
510,0.62039081748614,0.852376591567667,0.466231621632791,0.594161468755271,0.0854086610724442,3.77011053683236e-06,0.0833639594958608,0.203611412462116,0.349927432201136,0.581392629504929,0.45637850143492,0.13864590345054,0.161663838507977,0.127569986916219,0.53160285534605,0.0382479939788449,0.258584467892302,0.251779234561308,0.224213349606004,0.799305667302038,0.646541843930273,0.0722528517556193,9,0.108288766205328
511,0.319172107087859,0.20623942827678,0.165959221307924,0.70148271123576,0.0809777528110919,0.0943335057897292,0.0382147249605595,0.132608934475043,0.350776817145966,0.896065194479323,0.228504397369272,0.169868442957203,4.64802905591205e-05,0.297722351962144,0.802921201980738,0.294460244723563,0.108175107536473,0.344424710212749,0.294511812481913,0.890387454888686,0.923924202681506,0.148775034392172,5,0.999297207634302
512,0.43532348206481,0.555814351323305,0.0825562250505833,0.645829247898672,0.0704153436913326,0.119758396692946,0.0835977581700348,0.520261497546584,0.967892933021781,0.999928297183826,0.297901555465913,0.480352014780588,0.490153421604579,0.413596241259896,0.762094620583142,0.0996960948067809,0.499858107997852,0.00023429425927461,0.360784787012661,0.773299057433765,0.83762416000763,0.0332079792315958,20,0.159312325405366
513,0.372088862294512,0.656336740459248,8.27004485181533e-05,0.880187009738641,0.0664435476530996,0.045903334869683,0.0894089770036023,0.449826861230328,0.300690920013502,0.992225208868943,0.910361678660457,0.541826417573518,0.00198618502212244,0.422532280972245,0.64122181237108,0.0793709949523614,0.322259847959354,0.119763203304379,0.255844099024929,0.500013466963832,0.928073030510704,0.123878664436628,22,6.59723176294938e-05
514,0.916515654540566,0.875483144235317,8.27004485181533e-05,0.663879142270628,0.0436238147492538,0.0881433931143108,0.0268883717478454,0.739734324179959,0.635771574949501,0.86661582133981,0.674386402269962,0.73610002082785,0.252542387403869,0.158012844423582,0.120424360367541,0.296499181779361,0.0919570054758397,0.428499239988369,0.244654345022347,0.71076542188723,0.868098362952513,0.102919438453716,18,0.246715707915336
515,0.282332279973355,0.268062720625283,8.27004485181533e-05,0.916299833662,0.0841456328713314,0.101220994544486,0.00957610644021419,0.933745371209882,0.885974712447655,0.728231818529364,0.33578509618198,0.560758412823138,0.259857418651312,0.595552212941429,0.999991596603808,0.0304643272990329,0.486488268515595,0.184677377528368,0.155204815763339,0.540789861613252,0.967882799314208,0.0443547105443318,20,0.299393914536775
516,0.635469717358793,0.696345866426283,8.27004485181533e-05,0.885775780737508,0.110193993940524,0.0223014058745809,0.0739417921999182,0.710318697278575,0.23958131014094,0.370809077705095,0.553192896509981,0.271451155590709,0.0290093981739939,0.382515018836589,0.600063687579172,0.142092177990084,0.251522858934881,0.199055920193433,1.47106448851991e-05,0.519981702338348,0.748429214559043,0.0701045178381512,15,0.496838725428862
517,0.642135499865438,0.487909599007209,0.10364848867958,0.766514934295284,0.0700569927876372,3.77011053683236e-06,0.0315581975199481,0.818273466539058,0.514980576401165,0.617571674128864,0.3666816281693,0.462451950809486,0.18398339436999,0.205571911865347,0.544666752719221,0.00030305628819158,0.223216118868711,0.157621227011495,0.233941009920887,0.778767025376928,0.716185325013763,0.131764583283453,17,0.507013578700884
518,0.404382710956934,0.28275695890938,0.372382488015085,0.685087930248322,0.0591826608733885,0.0555512593731436,0.0418766347798073,0.372594066988904,0.561573743606174,0.835750868459274,0.132962159033557,0.182787432525847,0.332101812060094,0.408873175059035,0.800144525702989,0.11812175166882,0.33471610973624,0.215680068490827,0.142599457210646,0.999953931943418,0.700310548516621,0.113789668195832,12,0.445068444459627
519,0.965609493632466,0.778793520313712,0.459679450111803,0.500063357459616,0.017144765545615,0.064846849922685,0.119995094177388,0.689141161679785,0.190382363615848,0.529706368390008,0.284365166287963,0.0001280288233119,0.372438642266424,0.364161879924003,0.218338775574614,0.278821532062131,0.35564024722183,0.469833493612216,0.192773639447476,0.815061565596547,0.773766021518931,0.224920746053713,14,0.0406139463032552
520,0.336413776859809,0.350924375077261,0.50228892774389,0.607112071196856,0.00735758379805266,0.056709715657598,0.04254294451394,0.956430250803298,0.95928678116473,0.560417761520268,0.130494177965548,0.390552332635933,0.543125110555234,0.329199451211277,0.00019440235718619,0.24586856098471,0.290396563540109,0.33455587616021,0.499559855764972,0.657162152105612,0.898721589629225,0.217247295621036,24,0.845654658090446
521,0.787999343894173,0.821963591077063,0.0806731837574934,0.789129946011785,0.0763882440647609,0.0243054520150741,0.0500022410272431,0.515412571438355,0.593602552279651,0.742523672859851,0.546914729783918,0.5759644917917,0.196312452661892,0.191179869997331,0.579694444059058,0.00030305628819158,0.229250366289555,0.0669546234217454,0.236433243593299,0.810544892871517,0.672809337007993,0.0655417363601537,16,0.474970960447643
522,0.609354562768454,0.223150415994759,0.422631023398551,0.665637062076694,0.0231659931507182,0.0352307823769474,0.022818699287719,0.00405094763902514,0.597314074894857,0.516490242044022,0.132358056125673,0.096302601344931,0.0621149161367656,0.261060032122262,0.232189065183947,0.279551248445306,0.284906677664839,0.376277947982055,0.228588450224919,0.843206541149727,0.787800575310281,0.194029579366557,13,0.508656899367387
523,0.731745661442942,0.489243339090888,0.0855368600302769,0.530116033802019,0.02211402777023,0.119998732919027,0.0868954557238602,0.629275593152425,0.841286791557251,0.74572199358771,0.608208311740379,0.656331219702752,0.438295525238401,0.047576230077274,0.275878816668532,0.027541315627921,0.279310962595163,0.353145608578812,0.279732318192446,0.709841224912714,0.724900050973908,0.219000904676878,30,0.364919394733077
524,0.31128008075449,0.213909619017746,0.342016095473117,0.863602305380384,0.0552415251745135,0.0549860868795313,0.00175975128636479,0.999640291173093,0.32472843062167,0.0493781372908922,0.00020573198659345,0.0001280288233119,0.109758068253124,0.359404635078209,0.00019440235718619,0.231582070588924,0.248403550817853,0.303011346701927,0.198259300618456,0.575296325388705,0.717815800719909,0.15922289064867,28,0.562671905749678
525,0.202470278887193,0.257271134846195,0.547304053142724,0.77924369640873,0.0749189731134006,3.77011053683236e-06,0.0443060252501291,0.0265355203544272,0.358022433167654,0.82215271792485,0.117720124746891,0.0001280288233119,4.64802905591205e-05,0.52357465089373,0.495389406927862,0.228811410915674,0.499858107997852,0.314950733645752,0.224380771638373,0.999953931943418,0.808157826617647,0.117487388807686,3,0.454310034632067
526,0.784789294566717,0.636210219266823,8.27004485181533e-05,0.5381502616415,0.0791508804941347,0.0410720950097699,0.0381494178735921,0.652729799133044,0.674865641186266,0.999928297183826,0.896055294352349,0.811949000648599,0.0984167466802933,0.572357827339447,0.798972513830769,0.167158286841399,0.217196572605754,0.0179649374943659,0.499559855764972,0.785968201145226,0.999975606664492,0.183743163653352,15,0.799460546972405
527,0.461602577761728,0.40650388173654,0.113655818508773,0.753592112171444,0.0820592894292957,0.082938098252493,0.101754630958974,0.293770388862099,0.274139897887065,0.999928297183826,0.272620240387595,0.315649819219626,0.0604979815449773,0.484136809578172,0.346936220907164,0.00030305628819158,0.376189491998175,0.107239863501518,1.47106448851991e-05,0.551255469809858,0.733996078427885,0.175341985697512,13,0.616225524382795
528,0.279043236713656,0.314946819470919,0.51066342983676,0.897071431728407,0.0536549680081604,3.77011053683236e-06,0.0260092942582012,0.2368191198874,0.702005980329435,0.444084363953023,0.788419544174816,0.338273324245708,0.291680417667844,0.369456754835375,0.00304131093321275,0.325217792490545,0.369657087797576,0.458014236474591,0.346584216549236,0.99400323620085,0.646004174138086,0.240279724430178,10,6.59723176294938e-05
529,0.00021768103810027,0.52660013845191,0.322547431971658,0.837036132577965,0.0601186106217473,0.00170285767964874,0.00900656507597622,0.490559116735022,0.535186741298949,0.22820196010965,0.230391687428979,0.582178404402327,0.13687860836791,7.76303646992892e-05,0.0638287417432377,0.0928318481298329,0.369517831966489,0.178236079745112,0.264598698139971,0.898862505865407,0.65177699616794,0.0343899326134266,23,0.171720856039447
530,0.999852021087501,0.28667488520749,0.201523341721596,0.587426752925375,0.0453045214930659,0.050492208176098,2.35846800701693e-05,0.999640291173093,0.812374847471385,0.663129043778867,0.148320505736604,0.0001280288233119,0.231506580313047,0.590448053475702,0.00019440235718619,0.322446138150165,0.350089593570095,0.321191631190176,0.348657017228382,0.901531545520891,0.834096214084113,0.139670127068814,26,0.796208112631143
531,0.634585580517338,0.488659295401505,0.663758878784085,0.854591631549276,0.00475076475164644,0.0547632616860587,0.0070208442895369,0.999640291173093,0.608555115267651,0.437874211120161,0.0206839271211283,0.28226557541287,0.206832263951943,0.256794887806601,0.00019440235718619,0.243186847410393,0.2240764935245,0.3157803480258,0.233249211467249,0.588773394532519,0.852504571484747,0.12589454390629,21,0.338493019743597
532,0.702579158175742,0.0371319087271929,0.361593668776978,0.891452526713483,0.0409406557585248,3.77011053683236e-06,0.0229366357549925,0.987331406715346,0.868168138164217,0.79470238371766,0.416312465986256,0.0484501351073687,4.64802905591205e-05,0.447366091909893,0.51368710694178,0.149214495857661,0.175170215841934,0.105722695340186,0.379756861202708,0.745997419014316,0.710797498206673,0.0748108382902469,21,0.642936241681737
533,0.729539608410415,0.449000456750805,0.122141210238209,0.626934921283404,0.0415121443357798,0.0750513811833155,0.087997202132008,0.764105338697433,0.418775153329449,0.637326941498946,0.529095965021029,0.334600417149528,0.214397958947997,0.299199044692982,0.154908797522848,0.238045786803405,0.499858107997852,0.323616847659515,1.47106448851991e-05,0.668492387754797,0.634733370730166,0.218926025385483,19,0.523883848118609
534,0.43940825644543,0.392026256501149,0.410521006906722,0.6525201806515,0.0438296933159836,0.0531245918808359,0.0466966262504959,0.754598324023671,0.138515072675209,0.394755621270432,0.34933007688903,0.440524662983322,0.278657198776744,0.0808330454862158,0.210805851055277,0.228869566562625,0.332082048745002,0.383790233532779,0.353618980245011,0.849894444271299,0.719073792921566,0.177945351721865,11,0.899101148549703
535,0.353279019315908,0.446054969472277,0.329925600342353,0.780642601618548,0.0411578820672783,0.048946393812168,0.119995094177388,0.999640291173093,0.632913122678388,0.432735675766125,0.117909265810498,0.161008046518496,0.291038372585745,0.343787743411811,0.144941228758866,0.0753345634256362,0.283204514100247,0.443220789002132,0.0085302133194165,0.620484768423229,0.725769039112742,0.152715003968063,12,0.299562356986581
536,0.597774625250828,0.345087235205661,0.574010644261131,0.765535744382343,0.0349272538224487,0.00181184845277835,0.0212498629114253,0.519340452562584,0.768784453363253,0.92298460265112,0.362666201310867,0.399032295522837,4.64802905591205e-05,0.391494870377968,0.557098671589077,0.466744997597434,0.244178940391317,0.165684955522413,0.255271747426095,0.79781061022025,0.999975606664492,0.228068588180303,7,0.933799259668857
537,0.543093473329585,0.243327748430919,0.68189192215779,0.777393757211855,0.00174905660937107,0.068220242033528,0.105583011955088,0.999640291173093,0.191542677035704,0.512738395100853,0.105712301439241,0.103270810896535,0.0891480999540888,0.160734971769114,0.0024427614957252,0.0848321231460652,0.405221944511986,0.499992012141552,0.214633346456293,0.753985549840867,0.750816020113891,0.0851768922801167,21,0.594079609766066
538,0.415780804427959,0.4534012591987,8.27004485181533e-05,0.595019297557311,0.0609447130106582,0.107798124215836,0.105354478897096,0.728993111149242,0.67856015200482,0.699691822858498,0.560037895910961,0.416511970203624,0.351679574336051,0.250213501574627,0.272419508770734,0.0724406719507956,0.411753091444417,0.18459489617057,0.0858637273064342,0.675415338048761,0.500132491014102,0.0231055346630609,9,0.193415720974567
539,0.0200639962322322,7.64295788737945e-05,0.259568448341047,0.736611736410643,0.0167115761794608,0.03854615802397,0.0295448271389114,9.12367616361007e-05,0.365137172003425,0.614122600958607,0.663591109975946,0.401659576863391,0.300313714838932,0.129454529600553,0.45899367758036,0.33903556965714,0.499858107997852,0.304050169647005,0.275784635109673,0.964994295950782,0.541497244375017,0.245075426261644,12,0.345081506583451
540,0.548840999708765,0.516881739291344,0.421802590468638,0.9133927244875,0.0905934987407244,0.0335276794903799,0.0668426900264,0.999640291173093,0.338151386400783,0.63303068157707,0.0786590565042367,0.195930533350292,0.043459258158692,0.428275317921698,0.559725189463395,0.0883694976317932,0.141895066456714,0.468669291518942,0.170583327645324,0.500013466963832,0.842534561102742,0.116350433186671,21,0.734965591802622
541,0.566887183005686,0.444887520047097,0.274996024146521,0.927323538437879,0.0530783676762372,0.0527082102073943,0.0864286595866014,0.994404001626963,0.730543358372334,0.358669054874782,0.263736559015952,0.0001280288233119,0.35589380595277,0.511880314719965,0.00019440235718619,0.083699368057472,0.103936461080912,0.0726245833381866,0.275991498741135,0.571476923159903,0.638786132012897,0.0368974506554096,23,0.224575777517332
542,0.61798415331975,0.705346087754072,0.323487106054857,0.667206837767471,0.0563751537206055,0.0627774695122857,0.0818917461691851,0.699255000057864,0.556284133282906,0.999928297183826,0.449677530696983,0.494427410352678,0.364587247204721,0.203018017868435,0.398519879225596,0.187557386302503,0.0353053225082865,0.154000773388099,0.347685985705407,0.571923202826026,0.814253713658219,0.17397756172248,15,0.999297207634302
543,0.800830154926551,0.35157626638417,8.27004485181533e-05,0.633266929010864,0.0742071537865649,0.0548355620455918,0.00503426067013073,0.531231483779064,0.359785837110091,0.111710634815097,0.750929865255642,0.415473467727371,0.279517271138811,0.344641274074574,0.00019440235718619,0.131750500092267,0.0239837922450424,0.25293653467458,0.303697814067836,0.999953931943418,0.67592430892512,0.14254982456775,16,0.52078821908053
544,0.566293085817174,0.467048315138594,0.329062527455365,0.87166848294078,0.0612643178892819,0.0233633620346331,0.0774995222776958,0.300061436955929,0.748981712536866,0.773962631985733,0.107413243369819,0.209274219290968,0.144777316939655,0.302338964441905,0.277901866736816,0.244339984483653,0.348692366874042,0.286029156834093,0.11385377183635,0.892340776274589,0.590628121579378,0.0955138885978494,16,0.476749631251258
545,0.810378079267658,0.660168979377485,0.0764432452692321,0.714887584803269,0.0887493504892438,0.108970899692818,0.119995094177388,0.772460657686128,0.435202830416025,0.682363453217284,0.0789619259025571,0.0395684371793952,0.136411919440274,0.530812153386981,0.472636385422012,0.107547924517044,0.233119215681019,0.299640878823875,0.182594781004073,0.564756484534314,0.955456377215023,0.16508375626361,15,0.515386463633027
546,0.671388593257576,0.356744000137266,0.650429904656864,0.63345714690237,0.0158335054664814,0.0480082931979176,0.0641995754721958,0.806280228708521,0.734391102309566,0.999928297183826,0.153268088837814,0.475064387047349,0.158186612140185,0.201604703043645,0.648570743130736,0.0375504045137461,0.383691125392004,0.261820882858297,0.399200506257826,0.861246740979619,0.784193786578236,0.158707315186735,8,0.194264336616124
547,0.635976048750909,0.336153012280937,8.27004485181533e-05,0.78924332335064,0.047970655477685,0.0390152859960071,2.35846800701693e-05,0.415235762367599,0.20089180476708,0.87669975066716,0.350915003612602,0.103826391258591,0.207771210336457,0.513945959019877,0.341544614444531,0.0344876547346293,0.39319272985968,0.169904735272145,0.196517565921738,0.68562832471576,0.744492168452024,0.123169600962495,16,0.537284449743082
548,0.419822250163844,0.227308190025988,0.029241251471663,0.678373712118452,0.0927648528038187,0.0673650210213656,0.0700780855928057,0.259411834773697,0.460833302853004,0.43286601886265,0.462902069845305,0.212381813253586,0.296913033981752,0.416516176802831,0.464051204771819,0.119233540889618,0.378746892086195,0.249453036124893,0.268934472903687,0.663883867955113,0.793257698926533,0.173968680932113,19,0.543963235127597
549,0.660287066753456,0.546896939554737,0.371144489259473,0.835873643578174,0.0758268101082314,0.0142543520100561,0.0833896264289446,0.730810815550662,0.0489261689273465,0.318827879726956,0.041704906099397,0.0001280288233119,0.262034655841763,0.302514631689842,0.142495249484872,0.172119448325647,0.308393748078636,0.374293340470814,0.0571740072474321,0.917383381969852,0.637215536992342,0.0363795692790344,19,0.683736277092176
550,0.788262819751527,0.764026934422616,0.526929367124996,0.500277924735669,0.0937097158778451,0.0893906933953023,0.100024125030819,0.6291333650409,0.8234645545202,0.0766413971236575,0.116288209002446,0.0250644381008818,4.64802905591205e-05,0.202424140851549,0.338474077620193,0.382289032503521,0.460599864809738,0.499992012141552,0.177242952422679,0.719703906216666,0.931628406579622,0.102203371771905,16,0.528070232504879
551,0.1112753704959,0.728570766068034,0.253595527734506,0.543141606639555,0.062624017394223,0.0654307985296711,0.0792927442834891,0.405097663980366,0.479775390054257,0.605401270045294,0.437687714616654,0.706206059435523,0.672911944794234,0.141370321711348,0.304795044382185,0.0659079219267418,0.438713912419012,0.0198723661294796,0.324617199250468,0.679919344804253,0.670701921735474,0.043163405903859,28,0.55454817356393
552,0.0301685483526685,0.307330429117602,0.780523165258883,0.842376667904925,0.0362616649020889,0.0175563268586408,0.0351252186033713,0.999640291173093,0.918915275935184,0.660817137346867,0.195680342338037,0.728395089575465,0.239889541584845,0.0270032545802205,0.093733037319226,0.00030305628819158,0.287821515254313,0.191651473794984,0.499559855764972,0.766764495906739,0.943585993506921,0.0733870103062046,23,0.345385704314065
553,0.648393007068562,0.979470905624187,0.465037839363819,0.723084660878931,0.070182554258504,0.0688587784111124,0.101060720743771,0.748973240181606,0.925563619518002,0.546717026767146,0.237510997596708,0.251702705605607,0.18548416185509,0.212286931250791,0.00019440235718619,0.214590711694873,0.0858875773941154,0.304290412855742,0.242371498510577,0.806987289770692,0.66416842235879,0.116185686836984,18,0.507476954425603
554,0.654647248945296,0.373120843450175,0.666625857662596,0.614699231162344,0.0642921253009982,0.076260071371071,0.119995094177388,0.651688725864833,0.584303759379338,0.999928297183826,0.286670651253621,0.0001280288233119,0.344371882417896,0.492570728856747,0.391203766766924,0.00030305628819158,0.0472634140692802,0.391857245817872,0.265053586374698,0.893659470967416,0.597788304831636,0.151345517915974,5,0.956638550725431
555,0.125207743241026,0.0721513567380895,0.545146442645111,0.785374260890085,0.0227141556251801,0.0359877167210978,0.0478399849707216,0.416414966561462,0.75231610165696,0.649511828079888,0.183625132927273,0.624295550990188,0.204722599825989,7.76303646992892e-05,0.47508350734465,0.0958073955315767,0.259006185496112,0.263062514096818,0.385012020074984,0.572117390622048,0.681003900814477,0.249984006138382,23,0.289724305826393
556,0.406952537344676,0.755071146908568,0.595147089653489,0.616582530070404,2.69250937448815e-06,3.77011053683236e-06,2.35846800701693e-05,0.600750047514255,0.173511761364057,0.566957954883899,0.751911675591892,0.700455934112198,0.470926333646838,0.0374065733876546,0.490867435853417,0.259460323156357,0.264268064858995,0.499992012141552,0.46867844098404,0.753111410681942,0.746071044147318,0.249984006138382,14,6.59723176294938e-05
557,0.879998325839926,0.660108813456324,8.27004485181533e-05,0.757498154043856,0.119957540288265,0.108788936053571,0.117158459626906,0.812677138806666,0.434469361344962,0.00025019704848527,0.554100904417465,0.0001280288233119,0.20365890682217,0.524010214833461,0.0654503565408202,0.300180289053257,0.387612043762228,0.336498931465875,0.0752963524975928,0.867292910392994,0.683091305366802,0.0370609079390516,21,0.00526235115369345
558,0.4484515403059,0.410341364470398,0.415630424613502,0.999996276009004,0.0905378296389086,0.0605415414449352,0.089435146260462,0.170977122809878,0.856015168020091,0.368278788884952,0.221672091079416,0.143533926471097,4.64802905591205e-05,0.210071196089733,0.676781464134572,0.0266778661574139,0.196172077174111,0.225935655340079,0.173486899181425,0.682024642155408,0.741499782638843,6.79376821854385e-05,21,0.178210232495384
559,0.477600975700553,0.565659941891355,0.649256981403365,0.729141816653054,0.0476625703595961,0.0442894054161317,2.35846800701693e-05,0.512630723002905,0.621752228152088,0.608467192152903,0.19017922659982,0.352801003209083,0.202291137911405,0.202893412697616,0.261977273174973,0.422998163886279,0.486708236709032,0.356090232673976,0.267492392430245,0.620968580679784,0.681295324234781,0.0698528998383916,16,0.463579744228143
560,0.371408102240755,0.584535020077084,8.27004485181533e-05,0.961478224397861,0.0943488789790665,0.082237174568397,0.086434695582731,0.612242075309499,0.226717878136663,0.734328479090136,0.399900718940654,0.42182582739348,0.115523259458846,0.444116387780801,0.722698561443512,0.00030305628819158,0.348396248349732,0.0325609362954106,0.0074565483876578,0.500013466963832,0.80419959195703,6.79376821854385e-05,22,0.107075025423356
561,0.527940190097189,0.515859577763462,0.632193434316484,0.67965589333303,0.0127043337962757,0.0742310133227068,0.0643477181954379,0.658380105818541,0.648661891344324,0.524795891811795,0.22872998401034,0.410499746632653,0.287104158357924,7.76303646992892e-05,0.108727162928995,0.253729074557555,0.284632067340957,0.374547283057914,0.333165558081211,0.516628829320161,0.73808198892577,0.184946001481913,22,0.594008127666886
562,0.648884774173943,0.533990724528212,0.348295802699033,0.946305734134151,0.0924189525882786,0.0142516907321219,0.0552300305093825,0.805582800080441,0.757365776845527,0.640502909281955,0.00020573198659345,0.14541034721507,0.151560888049646,0.286856809360582,0.519871585251491,0.267028783327105,0.20190009746106,0.231621797141698,0.233326196437322,0.970071546305316,0.797927776648391,6.79376821854385e-05,19,0.592063024589752
563,0.47673504382684,0.354236066989199,0.0353695911992024,0.785062017117855,0.0714914085819004,0.049366252280993,0.030221430780697,0.430049847831691,0.786798939903788,0.47286159383864,0.539533051282391,0.300188549460983,0.0622375508991198,0.347454321059573,0.273255403800561,0.246174734596354,0.410945543942655,0.255851861065913,0.197781217074683,0.907111251374435,0.701140455183095,0.151887294473472,12,6.59723176294938e-05
564,0.428657145829415,0.44699288296864,0.133318819310463,0.592754439949498,0.0962435856379292,0.0746050100481494,0.0910380955370947,0.444332850459793,0.845233189474208,0.702017734561231,0.216793745958415,0.294519528943987,0.0788827592567564,0.559422017716275,0.559379306811204,0.260475116818897,0.499858107997852,0.189016050485991,0.180689614790731,0.642505426393242,0.999975606664492,0.147835218442899,26,0.901461630411638
565,0.602551756735959,0.475303808714375,0.52919457738672,0.741191015798885,0.0753048289156937,0.0777236644094369,0.0247406720421341,0.88694664076105,0.684526253889162,0.664331626350169,0.282201872360173,0.272739346485416,0.0515888493331619,0.0825684437350222,0.648649333176827,0.133603119026458,0.468312125068669,0.180756290363406,0.125385697025952,0.792282045572115,0.803009947828259,0.076940214774077,7,0.397581909481666
566,0.350307534675867,0.323232728921412,0.895589620406844,0.723265588788573,2.69250937448815e-06,0.0368367297010458,0.014426982943178,0.511904450529787,0.936697771820381,0.852893156718317,0.170526794256495,0.39408385144432,0.308130278417018,0.193424228589917,0.201332638804969,0.311436180574598,0.199742985857793,0.373525741755806,0.499559855764972,0.562663476802639,0.728101161990553,0.198823715120487,16,0.537531294275401
567,0.792264977199102,0.735574158453102,0.296092147100838,0.803611874974259,0.0707186412011896,0.0293800393785224,0.073479899047062,0.864008232851766,0.575907543461193,0.999928297183826,0.58168058996674,0.52814199638918,0.455686677642084,0.116267235541738,0.287427150720101,0.00030305628819158,0.18503186967565,0.343978916745803,0.498659619810948,0.504424013205915,0.500132491014102,0.0697753073268333,21,0.707090956031411
568,0.698733543276147,0.513641865031238,0.254971076392308,0.778823739605173,0.079671356310902,0.0932689630909552,0.0178232367377539,0.638115892280169,0.877257720887797,0.279416676421749,0.29645668304972,0.382703900656972,0.193241849854809,0.147995856594709,0.409635138353603,0.355650504508555,0.352962899111827,0.362731408146029,0.28023220170358,0.893232061792555,0.842144786079771,0.0634621810691937,30,0.399755569471637
569,0.579161475900796,0.479290276161416,0.99998713443117,0.852937867397576,0.0179032792115282,0.0437940321513615,0.0713058166514007,0.729669065464051,0.489285056217794,0.71757410107067,0.00020573198659345,0.00345981652771898,4.64802905591205e-05,0.181316390604754,0.388102867884286,0.225068229147551,0.133084551967262,0.344780575698663,0.231821568294887,0.860779747205086,0.587718650446206,0.101976593483771,3,0.170909270773551
570,0.440452793138536,0.127775471318614,0.148893710338582,0.53319455332933,0.01270664294355,0.11597544890806,0.0741572687361722,0.8222233661365,0.576740659826481,0.657259743751987,0.0354544149295149,0.262023963079924,0.332051021058319,0.362508442772337,0.0697897123827434,0.272834961691726,0.412710545329118,0.307382132217126,0.202173794296558,0.694676070277657,0.918702603598535,0.249984006138382,18,0.602282334088528
571,0.487043548374867,0.280153817422788,0.215974539061242,0.668428748474302,0.0345598538649417,0.0900968028732189,0.0587108195965908,0.728982373901224,0.379047744712491,0.607698805705874,0.566849793787084,0.319039904133362,0.219474998272444,0.306320604595926,0.00019440235718619,0.231754970864724,0.0665773360113125,0.244246400341095,0.489083812015138,0.734651411142798,0.695160218899994,0.195793414212701,25,0.762185571604749
572,0.956745138932266,0.668765225595125,0.167913586933472,0.520219562027631,0.087233749814879,0.0742350073739433,0.00414763442360221,0.863762788077127,0.754912936220459,0.697429285255603,0.106909745366594,0.128828992795403,0.408662181987815,0.31127049938268,0.00019440235718619,0.323060381698486,0.442572850129909,0.271475493243894,0.0983238090893779,0.83003353594404,0.75999732451276,0.0397976473682827,28,0.598890514425277
573,0.638336951699809,7.64295788737945e-05,0.618377099820675,0.723996480622142,0.0133449469720774,0.0447873611836643,0.0068334926352796,0.392881094185115,0.545028269487858,0.466003136253054,0.213201484521708,0.0370542428132976,0.0938605009674613,0.0400027772591906,0.232937213401156,0.267788297884312,0.499858107997852,0.0991545383412523,0.176173966328075,0.676780593115966,0.523544520183073,0.126661379386395,19,0.501885097762312
574,0.72082781553211,0.215664539027159,0.0664806545018065,0.614091888176678,0.0356641001930409,0.0815671482077843,2.35846800701693e-05,0.516591853943684,0.643185543200325,0.999928297183826,0.716538104456351,0.496046036961764,0.194250875446706,0.169110240852939,0.64179420006765,0.499989724523516,0.471164945390437,0.178262427209579,0.220720690720102,0.837442297673253,0.842389663769404,0.142011991471458,13,0.862000833215596
575,0.86093123844679,0.376428726051813,0.803665165259451,0.578274916797987,0.0255725659401455,0.0708124472384177,0.0313413054537392,0.797511357151941,0.516817280589906,0.830215250271084,0.00020573198659345,0.185254291821547,0.0527613565293391,0.31972030161014,0.391513661308071,0.314398172946461,0.459811031063984,0.42659717994099,0.499559855764972,0.880771467433082,0.910104327883783,0.102142147468246,3,0.999297207634302
576,0.394718082381218,0.330104206402116,0.137445696779685,0.650872815488891,0.100763487699493,0.0988892300827777,0.10075765476717,0.156452103294321,0.578845403171983,0.204722225156555,0.150729583359033,0.22863785687256,0.0474757494291632,7.76303646992892e-05,0.64903135788989,0.0847578054367556,0.373510330187782,0.0793279783950446,0.192479526951626,0.844323480710047,0.796844817161135,6.79376821854385e-05,18,0.699707449863928
577,0.497755880080643,0.709676193550481,0.635118018440922,0.52423884970041,0.0413526913581058,0.0626928731855883,0.0669066670639898,0.386219319480284,0.501237940246024,0.430625041896056,0.160214404580533,0.240274203974765,0.245150674282676,0.124735453865048,0.127291471085215,0.342399827652514,0.363484231757866,0.312298101833961,0.294565254220242,0.902769866943822,0.759667366652254,0.140910760180452,10,0.498737682344036
578,0.999852021087501,0.732672216842984,0.18146932847088,0.817168078789327,0.105311261449968,0.110537805690768,0.0694555474236219,0.999640291173093,0.630709006101222,0.450373588015513,0.47051748978352,0.170127634954257,0.0127633532635285,0.575873681835374,0.00019440235718619,0.221573209602124,0.428204210646688,0.46275453052172,0.202452513090951,0.681452319772514,0.886617190139703,0.123431546363436,9,0.249640416546278
579,0.630439204507916,0.438400206984845,8.27004485181533e-05,0.869587883784952,0.0684457591387457,0.107570320826369,0.0560824735773852,0.0676227692291484,0.504793109802615,0.740164777100679,0.346320993012955,0.0415702208048532,4.64802905591205e-05,0.521236116038614,0.381013627657198,0.230569027954409,0.296056074922165,0.144474843915189,0.0951561013848755,0.530718565528135,0.630107885627877,0.107676748280685,20,0.693481331014787
580,0.889792365118061,0.501269490889166,8.27004485181533e-05,0.749944341341902,0.0518567968258322,0.0426861069852908,0.0693320226404095,0.887711656729195,0.889712679558577,0.954349671534605,0.360104314743194,0.422785371308845,0.205374638569589,0.426779333872702,0.867168574853207,0.00030305628819158,0.162242817038112,0.23036011927084,0.272806579864623,0.690161554170315,0.677788568256276,0.0175160538469467,21,0.505035215664138
581,0.999852021087501,0.660309612329318,0.650982489156507,0.663468992057571,0.0272512184360229,0.061130802344107,0.0579719304437002,0.815781999431387,0.132227300709666,0.701260665139557,0.183421622097102,0.0001280288233119,0.231269869012138,0.614714976645357,0.528959468507986,0.109049714810447,0.246388600412099,0.410925682535517,0.328699273597089,0.941647000479672,0.865285777907514,0.188408697064884,6,0.70970249201155
582,0.576805556479241,0.414582635130033,0.440895161483143,0.776506539155059,0.0365077257353924,0.0729963528704773,0.085362968569455,0.304133896339036,0.876689776473516,0.84549134017071,0.280686401008828,0.371816087502947,0.427072326624519,0.0631931892732787,0.62727590356846,0.0179221320620072,0.173742270170409,0.156153775658176,0.192120245579882,0.679538392882648,0.635484929955615,0.198801659973376,19,0.59516555008992
583,0.598126646117273,0.680622648769054,0.079873509512192,0.58975805083364,0.119957540288265,0.100629731452026,0.10368146582458,0.554410904240823,0.394538958763908,0.422988103955392,0.707476829000478,0.244863872692521,0.247542000888013,0.516310758885639,0.635602670775978,0.387540570682313,0.367207318586194,0.321485856677638,0.313514481697656,0.748377949805384,0.81252491370681,0.122033006385867,16,0.69180478934021
584,0.191242672295437,7.64295788737945e-05,0.481300142699657,0.500063357459616,0.0222392396173299,0.0773403271717344,0.0471408023999641,0.553187330072754,0.999854110333847,0.698796348174931,0.00020573198659345,0.585405525115023,0.478306672261731,0.108713382742919,0.48368339983331,0.210375308163668,0.119518888753224,0.227346678425927,0.499559855764972,0.999953931943418,0.885358110759728,0.150424368441705,27,0.64996933570559
585,0.718002360148747,0.612061752322857,0.470281198429829,0.815020981775125,0.0392687672820429,0.0672767567021362,0.0681824381326235,0.689475705735337,0.259260786649331,0.558261667917078,0.4366958265688,0.250392192633778,0.28982302411222,0.236665944799176,0.31729850381385,0.0993164543034527,0.425083323549563,0.41678598685473,0.399763391667885,0.763890305274462,0.596532945604152,0.127914332725487,10,0.364598056310326
586,0.693444552192677,0.468015636834678,0.362465253408239,0.547105726213735,0.0676791785984525,0.0256448533087762,0.0319753061043896,0.248530071589035,0.999854110333847,0.999928297183826,0.0515541384809101,0.0001280288233119,4.64802905591205e-05,0.556006547540736,0.367776945937571,0.338129916657038,0.33776656363539,0.0986008419375255,0.341475495262419,0.811380844560485,0.966865571751822,0.0855922088631549,8,0.597541146770746
587,0.529466573470953,0.429816955152176,0.741434327758773,0.967486204269301,0.0568213559586669,0.0159269834285946,0.0156204339083693,0.960748628685195,0.999854110333847,0.848607800414453,0.0216680839410706,0.466055529465136,0.104470349621791,0.488769171019243,0.514238697857098,0.00030305628819158,0.240130290257312,0.247698197306483,0.499559855764972,0.67014155974998,0.712486288495964,0.146320418819884,14,0.747864937851071
588,0.245818515408017,0.730662492063194,8.27004485181533e-05,0.632195925469488,0.0607885690694909,0.0841101420533006,0.102076499639215,0.999640291173093,0.368368010363492,0.596226455346577,0.241335371768839,0.435910529022239,0.468018571609821,0.741098223683978,0.465889784574023,0.0539427494521078,3.55416661011986e-06,0.169168142741752,0.232963571861745,0.731695920178136,0.968099560611912,0.0971066673338608,22,0.718117016735784
589,0.904697112865296,0.725478358056117,0.123811264698868,0.6297414534698,0.0790417228562147,0.0759737868698766,0.0616836098821558,0.688596899095282,0.548517102967368,0.538728942005148,0.184552952205597,0.151650155724977,0.192467167375454,0.228362996675005,0.229533905268182,0.185586276679711,0.433239424198095,0.29558430140316,0.17020602553365,0.775462432540597,0.759955542287361,6.79376821854385e-05,16,0.597307972243639
590,0.366672230726969,0.279382715701004,0.482186380282304,0.584557096556852,0.0844583859236621,0.0301069785007252,0.108152136221467,0.736946400236117,0.736577076751341,0.559748065181184,0.418049573236594,0.31538148599504,0.189878112301213,0.229191123925972,0.226740183017686,0.365798257684006,0.430095694364802,0.215794617332292,0.366141244136289,0.843600055618961,0.897069454803599,0.205351090965133,14,0.659699096146134
591,0.780416347084033,0.159124358793819,0.211425567248676,0.516652952963718,0.0662845743024687,0.065389439196239,2.35846800701693e-05,0.367972011999952,0.999854110333847,0.916928502086942,0.201480301573613,0.467424638220901,4.64802905591205e-05,0.255267127723554,0.585976487817954,0.487998641138465,0.499858107997852,0.0062420751909576,0.409422132067516,0.897847599620044,0.999975606664492,0.163892573053581,24,0.999297207634302
592,0.588779351320218,0.557401440727388,0.0571284786504406,0.71038263756197,0.10732178576819,0.0205200337423389,0.00783296004316443,0.299957439368804,0.302484930376735,0.571198567232189,0.616628414822327,0.229270061537827,0.210494341765401,0.406290709977078,0.301104087659939,0.00030305628819158,0.300141823228166,0.28142050713508,0.18057957343626,0.944214079115672,0.769061323168952,0.110838564079481,20,0.453322430712264
593,0.32092522805371,0.353108053310197,0.738956623324066,0.621497752559846,0.0299905324405273,0.0546790626328315,0.0448146841805082,0.839130470889375,0.29567184735093,0.573449385351226,0.627648254267236,0.27930860555968,0.0625295473572902,0.0147421832451602,0.00019440235718619,0.34276016199684,0.262360442630534,0.352369824047631,0.02268147114558,0.703449733242141,0.726480168086475,0.203180719893804,13,0.838824675926981
594,0.503351748695899,0.475985123093339,0.323014837803259,0.599575282409664,0.0163600538839494,0.119998732919027,0.0673967183271074,0.716101519563745,0.441174990262322,0.577462962517303,0.483731691739359,0.308983139730315,0.222373938275893,0.0397226355273417,0.00019440235718619,0.379876479266597,0.21939397509736,0.368875086756849,0.150943392145305,0.67737557098435,0.67589660263799,0.150610757191296,16,0.595592908904271
595,0.578014528101062,0.674236540280411,0.895262974521809,0.651112826495238,2.69250937448815e-06,0.0553939654751096,0.014274214836669,0.886781463295169,0.607719764317685,0.749137850993431,0.00020573198659345,0.0469960331851234,0.109517220079159,0.36399551291168,0.00019440235718619,0.499989724523516,3.55416661011986e-06,0.495368663504771,0.244864230026754,0.672933257360599,0.939834311775935,0.122074065117677,12,0.991475711754817
596,0.76490985780631,0.462708892349473,0.25490648898091,0.650692170504375,0.0564994006615377,3.77011053683236e-06,2.35846800701693e-05,0.626773161614326,0.651500999793099,0.861316939436397,0.698339496071908,0.452948614855139,0.264336205361594,0.20253858083945,0.209710955986065,0.337447844939658,0.246970600954882,0.341177014726124,0.349760266090318,0.906519176399781,0.806237804705507,0.173908942090307,23,0.545226169545149
597,0.303327020296439,0.0637379034034394,0.471156930523451,0.551970129094705,0.0333916303020834,0.119998732919027,0.0724420233950805,0.62001295843074,0.999854110333847,0.96606487413888,0.00020573198659345,0.517789790484001,0.417989386565624,0.193051535059004,0.413422302369137,0.186419432149342,0.219091662377995,0.199507951475371,0.374324578054624,0.869500937428712,0.831872090090949,0.0425602674387558,12,0.835750565433033
598,0.428173684010078,0.815035290291561,0.436717638588647,0.6485359556155,0.0646153227558414,3.77011053683236e-06,0.0684689714515214,0.442897786963348,0.0277695722639082,0.542052636898666,0.646056419804085,0.433292501930727,4.64802905591205e-05,0.187407467330704,0.00019440235718619,0.448549375514526,0.199485170146822,0.210349086631048,0.24593345903844,0.733331429459824,0.893705144436607,0.181787758312518,13,0.955510292703581
599,0.460891720178241,0.650092629542789,0.495362279952022,0.856903479429063,0.0726575696472654,3.77011053683236e-06,0.0139617887173875,0.74789468988241,0.78008461108274,0.06898499623341,0.621159039991894,0.307298237493472,0.353193299831135,0.0715704690160552,0.15641845143623,0.274308897420248,0.0849636512853404,0.404323810403074,0.44042997392399,0.552824613675809,0.508306508775374,0.0963040759723311,26,6.59723176294938e-05
600,0.501693928236264,0.446963632579953,8.27004485181533e-05,0.81442607308312,0.112263179795456,0.03717969455412,0.00634387150950178,0.0651821769002282,0.628445156513808,0.678561395731269,0.448519216374595,0.486231508303342,0.0938796087177518,0.363162822152806,0.664347301092711,0.00030305628819158,0.392399660233483,0.156162665172842,0.068449027815137,0.763721448777116,0.778667278315988,0.0262702926112339,21,0.640159719848932
601,0.267692720929848,0.598481373537758,0.739173205143568,0.850445253641606,0.0851275693807539,3.77011053683236e-06,0.0691770241985191,0.770819518554337,0.497870403091474,0.870816187231086,0.199795891387854,0.225414453438588,0.184516493891077,0.388197208941478,0.174899839475419,0.0135982573873825,0.499858107997852,0.0906151960062896,0.238193502697828,0.809935895881319,0.688705557243432,0.0678779414094904,15,0.439704449609849
602,0.741115164114855,0.10607781165863,0.118897394895845,0.591436895880236,0.0751922437508163,0.0615878432453,0.0881398371345715,0.00425223267509334,0.899595696267645,0.999928297183826,0.102395698240532,0.0001280288233119,0.154794676458533,0.519332538970214,0.633092457353606,0.254476360026667,0.468670803526241,0.322220617516201,0.331436045260689,0.96192971213169,0.9730018674833,0.201760227404529,3,0.413071356666244
603,0.829162122132004,0.659852126693536,0.879114451437923,0.643744205299703,0.026059842688905,0.0298590643048153,0.0445558435778769,0.874776796867687,0.565073735032739,0.703630648138971,0.00020573198659345,0.0001280288233119,0.234706098934347,0.171054409330878,0.116490327257079,0.101672643509926,0.382150637115626,0.278451690788172,0.365207894442908,0.720352595616816,0.656487996773215,0.0417546221417732,21,0.363158684374372
604,0.318648787885889,0.414236177541017,0.426962586559411,0.751180202499604,0.0868525206856647,0.0348269956901325,0.0580511781503018,0.384511794748569,0.672863718244418,0.517565958081095,0.277214906794816,0.0747881768229141,0.107613071456246,0.188136979878974,0.148126673807111,0.23567580312616,0.259986132242692,0.0856767787873076,0.126910820308839,0.752630415142859,0.500132491014102,0.0122859601364798,22,0.511667671763095
605,0.726918030491296,0.956617282449429,8.27004485181533e-05,0.728958781518094,0.0835580483979413,0.0974467488854335,0.0746801666025291,0.999640291173093,0.206952672716464,0.746840291048087,0.421995232582827,0.338258617785418,0.229005563695999,0.633808109284919,0.506781743481501,0.00030305628819158,0.283478571272078,0.365152629965985,0.158734168406485,0.707441301408988,0.795142519699652,0.0994799860408243,3,0.151089901191046
606,0.432357505042868,0.246170215837097,0.101659520069009,0.500063357459616,0.0362768886222164,0.0614672006859468,0.0297498272792063,0.694583304461738,0.70599698661735,0.608301423239077,0.271840901989502,0.49452134867038,0.437197196517288,0.140821129614964,0.15052788141634,0.442357188202795,0.201472310323517,0.280773689937272,0.351255411389651,0.788874039549949,0.764001267161251,0.195026364387766,15,0.540803636072116
607,0.737906497114137,0.565718438988802,0.508094872498156,0.587371866528454,0.0550245676440929,0.0346871697126896,0.02063606919885,0.999640291173093,0.999854110333847,0.545619751809221,0.00020573198659345,0.361635568959495,0.542091489351162,7.76303646992892e-05,0.0614437920515081,0.3367274329273,0.333949021601078,0.232563798990817,0.499559855764972,0.818723446959755,0.746566375617938,0.109021064585987,26,0.0599269060346554
608,0.478551795504423,0.512730768578971,0.773346024741484,0.692215145131825,2.69250937448815e-06,3.77011053683236e-06,2.35846800701693e-05,0.546055791278547,0.496802714767551,0.69668151582479,0.253591377831233,0.425923039970448,0.125430978793746,0.234371395934991,0.277461186122431,0.27568014113155,0.144193610559861,0.487405594575819,0.499559855764972,0.75164456968498,0.762639838606818,0.181419124373153,14,0.241962298232837
609,0.55739110447143,0.474789674808554,8.27004485181533e-05,0.640253167371024,0.0863473054155893,0.100037755810016,0.081055154671751,0.590378556287271,1.96226454502903e-05,0.571848769075389,0.763608096004797,0.332851135320825,4.64802905591205e-05,0.310380594452665,0.905316763498878,0.0962342173205416,0.293185528363916,0.271164123116725,0.11952521672513,0.854731940354338,0.887571108412155,0.16121124110681,8,0.641998777651695
610,0.396657146216073,0.509220000057803,0.199241211671556,0.685166927035023,0.0736034698671159,0.0368090498402696,0.0632325852143695,0.349990595235555,0.0586629546973884,0.481568695872382,0.569359812750986,0.37610488060121,0.301956286390426,0.325634908715089,0.517643930710925,0.112771202863646,0.198481917257897,0.395444071132236,0.109038030896843,0.653973440994221,0.773720143439301,0.148323283891045,20,0.444958163356841
611,0.699617665719656,7.64295788737945e-05,0.69028857662329,0.705724061942146,0.00727861232880801,0.0519268996846112,0.0284703191771123,0.460915196455889,0.999854110333847,0.860089619234388,0.00020573198659345,0.0001280288233119,4.64802905591205e-05,0.39029071549242,0.229992231581448,0.415970469877626,0.0532365786675554,0.496601858438136,0.375367252260251,0.862035809491502,0.972069677690276,0.163981602850458,13,0.947894943983089
612,0.68836257272218,0.621690191952143,0.391236949940038,0.710366967813559,0.0553759017853832,0.0752511904378802,0.047246466172058,0.367966028350448,0.910614369485981,0.672435506447678,0.258924720112389,0.518980177452979,0.0985770646909209,7.76303646992892e-05,0.534181882017547,0.186655638070756,0.261363358830915,0.399461534391351,0.327359018807732,0.992218099724699,0.794301380609508,0.0713307879958438,20,0.361113981032539
613,0.676355393788852,0.516058433094715,0.244714808455668,0.81370755123385,0.0904384521848516,0.0213374394534265,0.0231136718760374,0.681837938355505,0.426585632834593,0.00025019704848527,0.0376676824427973,0.0639358919825303,0.130821843870023,0.232375665494377,0.116176316356315,0.281849804043184,0.33773500710588,0.499992012141552,0.327688682058709,0.637355168178631,0.702108819972588,0.120707158276884,23,0.0508082737076389
614,0.825523479733514,0.482295520650903,0.625003815113956,0.682402188703306,0.081323900271966,0.0702963096929151,2.35846800701693e-05,0.730312619210859,0.862796035213642,0.662832015216446,0.416415846575054,0.380361151574575,0.0262243709296703,7.76303646992892e-05,0.310512219391322,0.281573617393424,0.38558631948089,0.165514460825488,0.275948803184876,0.802327825724124,0.812193695782961,0.0835956161739685,11,0.523922297072792
615,0.162229456045369,0.136273097622347,0.17385002680722,0.873802537202054,0.0686639015979923,0.0195927829225304,0.0827658376750481,0.172468120556489,1.96226454502903e-05,0.239972573287933,0.0475894363961503,0.0879182811391755,0.0899344409651351,0.348275649650453,0.397405314766669,0.136802844962442,0.398863624776192,0.380526920394027,0.12054193558019,0.999953931943418,0.731493278196359,0.129424728783042,11,0.659484742357876
616,0.515161228717292,0.160469870997039,0.599491727868327,0.545463320742097,0.0402012888086852,0.069013791147395,0.0749336125827234,9.12367616361007e-05,0.666435751633634,0.841725920376697,0.00258880588817006,0.0001280288233119,0.161012884108381,0.611407720348963,0.651421678528035,0.353705923421444,0.253799765358039,0.372045506950446,0.360946422586105,0.876666780338263,0.999975606664492,0.245842218905339,12,0.915060256004865
617,0.408387463544836,0.772098285457192,8.27004485181533e-05,0.679737808823569,0.090824191161221,0.0733992373658043,0.0662089034514102,0.280591744926217,1.96226454502903e-05,0.982515295433394,0.780816865700512,0.631118740631158,0.266521744563449,0.4228627835954,0.740338372744601,0.00030305628819158,0.393162092174247,0.035372110279921,0.111381750323448,0.730612600183652,0.731239038361156,0.0613619835339001,11,0.371946883827747
618,0.0952424761016566,0.435310792871016,0.646240855897822,0.719783867171644,0.0751773865133778,0.0807093662968821,0.119995094177388,0.542249679028528,0.370134672902971,0.313208819840311,0.00964916725592924,0.0001280288233119,0.220660962226799,0.367603839923548,0.342719111730031,0.105342540807544,0.307529056548409,0.251299351811025,0.218009589740747,0.512069549648645,0.670866417426368,0.115462623339799,11,0.733801644898377
619,0.999852021087501,0.584278125000995,0.873228513157253,0.61038608808488,0.0271621111591227,0.0154589458521213,0.0316461512957277,0.792105469572321,0.493673915241854,0.927651297459075,0.398583688218795,0.244094235129926,0.131713076153866,7.76303646992892e-05,0.147589203018444,0.281730893359322,0.441876469594294,0.334518981132076,0.307122147125939,0.999953931943418,0.573355465696323,0.136512397224504,11,0.578698455528264
620,0.387269052151367,0.36777940974298,8.27004485181533e-05,0.578098749903132,0.119957540288265,0.0907871041635947,0.0907988362081112,0.096619069157593,0.150042722863293,0.57360799253269,0.502930616456595,0.438714593883998,4.64802905591205e-05,0.316568252275721,0.85119491499883,0.0218382208567746,0.416470992114522,0.12832245594725,0.254044593720896,0.935029130356887,0.694794696906429,6.79376821854385e-05,23,0.999297207634302
621,0.438947721637497,0.378119307211881,0.723366342027745,0.737077910603542,2.69250937448815e-06,0.0558899945762848,0.00143199530432649,0.810693860937453,0.888741832436462,0.999928297183826,0.220994046569651,0.863055173832173,0.263219366937718,7.76303646992892e-05,0.146434971756626,0.179848507589299,0.198356168380516,0.158470232204766,0.47707674533105,0.57479555510133,0.815415987686994,0.154036187293172,23,0.634561193996157
622,0.0690980850212627,0.384698180064151,0.958700645429106,0.760636584124579,0.0600873642288786,0.0411715374429234,0.0518988901734656,0.975022796548563,0.74702277621882,0.3014288091529,0.0181061593963641,0.495804148771188,0.209326803883351,7.76303646992892e-05,0.405245177892675,0.261184706885763,0.261113243407798,0.491087681004917,0.371647422644821,0.61998092615783,0.901656201866748,0.204165929974973,20,0.780025648194311
623,0.275359259971076,0.719799352837148,8.27004485181533e-05,0.569894455362737,0.0710663468821408,0.0469463769438071,0.081003805547338,0.137502281324705,0.451290792609387,0.999928297183826,0.460257018843778,0.790594231909163,0.507009740547053,0.424646606647772,0.562538531327363,0.0768208915048545,0.496150716645309,0.0985857652831864,0.148333967231051,0.988752870771774,0.90412073315366,0.134420988266666,9,0.347566939437918
624,0.773543126461683,0.0701845522168714,0.386867468347186,0.771111925019137,0.0354071166266332,0.0322470011045478,0.0359760427735717,0.223981886387637,0.724895987610979,0.555773715752209,0.00020573198659345,0.0438225854525209,0.052610595101953,7.76303646992892e-05,0.00019440235718619,0.364910767717431,0.302039726056561,0.297656110064536,0.403047250397714,0.961804496738124,0.55466908378285,0.0559030931219514,20,0.691619457301164
625,0.464194181942446,0.417790787682665,8.27004485181533e-05,0.662044747754438,0.0775923082010609,0.0296418719495088,0.0247345665539219,0.631636672708545,0.165908733995119,0.606282876200983,0.750864888062862,0.614118668628536,0.112715052478441,0.338576890342041,0.517045510815841,0.181905615063646,0.346958753204001,0.157040242108726,0.192224913123879,0.676062458910612,0.999975606664492,0.166882928184593,23,0.312288462016462
626,0.529984791053253,0.136791784641692,0.424942600219951,0.726237872207533,0.0341023814997834,0.0150954160198587,0.00587292931072074,9.12367616361007e-05,0.650768642792298,0.573171888471704,0.00020573198659345,0.231755565213868,0.129516185369449,0.0351654218994801,0.378309834686693,0.230276667461521,0.298703617534862,0.411759662730322,0.227040943207939,0.747229078650339,0.799947368779403,0.172061446427712,22,0.574630750171623
627,0.426893459095263,0.0839370883069527,0.186536555909758,0.671676876760405,0.0525598609922294,0.0602351223772792,2.35846800701693e-05,0.62655674462713,0.215919870757212,0.528469087831145,0.427891774675582,0.290826245624366,0.29361932894278,0.476945530642295,0.240347698983569,0.234231672642468,0.178594361238498,0.417825715309784,0.153918955960604,0.954175291393771,0.729764435237778,0.249984006138382,10,0.999297207634302
628,0.472133185899926,0.507116400849778,0.515009361894679,0.910868040583721,0.0746613910706842,0.0224756319571607,0.0440551148339802,0.477298366453058,0.719524401176905,0.999928297183826,0.141656249038731,0.157239633423273,0.128244111826001,0.371791068967723,0.545879691150385,0.207801459818404,0.437349926161362,0.438860434995511,0.155207680754559,0.844678310564643,0.677619099225003,0.0255368273629439,11,0.588259154908408
629,0.846878219476931,0.516604388121637,0.51871998755209,0.715829340172056,0.0902062853278058,0.0426599859590012,0.0660148481957935,0.777381603129987,0.410971190187971,0.682907694907053,0.24233921566671,0.140922469032019,0.22252368022383,0.121515788555604,0.329982982181465,0.187829413246327,0.392885331156201,0.406520171120071,0.273826171860219,0.860581312785323,0.550749163437292,0.133038944671119,7,0.999297207634302
630,0.601626254347363,0.343248541609556,8.27004485181533e-05,0.990510595423742,0.119957540288265,0.067782116206073,0.0704700292944845,0.304962930189927,0.431403348500469,0.823300821585277,0.741302454948245,0.128301564283617,4.64802905591205e-05,0.441370759999697,0.221797727441018,0.0675640437529411,0.453081787828088,0.0977921765236836,1.47106448851991e-05,0.612534328971906,0.710587356884065,0.103028652020458,15,0.692756993199464
631,0.685577248524939,0.221593577843789,0.371199931145541,0.905339946478723,0.0359018051819297,0.0666509233647141,2.35846800701693e-05,0.594843529246401,0.637412453999994,0.525158738327499,0.41531574104321,0.17818328104558,0.0735979553165853,0.554820340915504,0.449991886497426,0.367996958411844,0.488757259442379,0.260157148246753,0.416512357447665,0.803162346885274,0.825838423593179,0.00357728350976004,20,0.0488484787672174
632,0.790349211291036,0.630422781719204,0.684444652918358,0.790171329068783,0.0667341789151873,0.0164543049928999,0.0660862604386591,0.496561355640466,0.694153939153689,0.451777718353161,0.00020573198659345,0.0001280288233119,0.0524355205353237,0.180885013162464,0.0128632319466825,0.289588206594658,0.499858107997852,0.483210966105437,0.318644100626972,0.900064470769276,0.556175965628495,0.125792637108832,15,0.431661616643266
633,0.863552649174357,0.559538908582989,0.449895387018154,0.695040086769731,0.0300207584899578,0.0711816428322015,0.0109610814262225,0.751591143148714,0.52517271052792,0.989414027902957,0.275899786293832,0.351208782320929,0.063788344868413,0.200022619875709,0.317968071579063,0.32372556103829,0.33156113614492,0.480753770154109,0.221470379931502,0.729395979428185,0.940298001056451,0.132801435901083,3,0.467061670119702
634,0.517372317234026,0.548491341316475,0.0571028799464158,0.787441193941148,0.090521027607163,0.00698664963708553,0.0972669503332751,0.680858815922434,0.495357925867003,0.544316943135027,0.274481940391501,0.0001280288233119,0.169982133993401,0.359753570369014,0.139080411780983,0.214053156370871,0.295891716706652,0.344941089134723,0.0964205744354843,0.84886413266207,0.500132491014102,0.0524446827510547,18,0.424588626068646
635,0.753857298457172,0.481976652845142,0.0419088260069309,0.611854032637539,0.0585009610973878,0.0931602974298107,0.0753217560684882,0.527766995585456,0.506249811806494,0.879100752234574,0.697830149325843,0.212987756572001,0.049391071273692,0.47262187546828,0.306125202377248,0.347371771082445,0.491567741611025,0.150446630417814,0.149192497499548,0.864696536242938,0.889111028724681,0.152743041022863,3,0.364514908877971
636,0.448821983394694,0.0435490795008652,0.795718801090944,0.636498533767287,2.69250937448815e-06,0.0584885546454998,0.0010476112914784,0.657455416021064,0.313339790543801,0.349719023021746,0.00020573198659345,0.105691048471573,0.291999178462667,0.151922852313261,0.00019440235718619,0.154245270074602,0.378009499379744,0.305458732439734,0.205305192653545,0.724975035477241,0.529617395316786,0.209442465187959,21,0.966726282578691
637,0.305546739339689,0.659985784305146,0.316148173992637,0.73155983614284,0.0578006671598757,0.0571535371622212,0.0553841645983738,0.663072540325278,0.238172314237723,0.546174355223461,0.301146131571946,0.288498578781435,0.247963425692818,0.226415342686517,0.00019440235718619,0.213178189478277,0.366675219521017,0.205120162613625,0.329912864853549,0.663046161334767,0.679172385861606,6.79376821854385e-05,24,0.322810586066562
638,0.404776307889592,0.374783726949214,8.27004485181533e-05,0.500063357459616,0.0694748446808265,0.102042208574817,0.0611965230573068,0.359845794246533,0.229378326079477,0.447600301540826,0.857666964898184,0.442396945646906,0.290868315285675,0.326129930367282,0.417062132324684,0.41882376301557,0.499858107997852,0.186973661854141,0.195897729287139,0.920640535532875,0.783087600257295,0.140699662004207,4,0.693356587006931
639,0.539020270974934,0.158442829781685,0.796122008921517,0.81951939392885,0.048904832630589,3.77011053683236e-06,2.35846800701693e-05,0.139593255157857,0.681489032155438,0.473252363685099,0.319473410782908,0.0219764495516842,4.64802905591205e-05,0.224350226342942,0.493260537003156,0.281903651347008,0.499858107997852,0.158841763344528,0.157829057762607,0.902712290565039,0.709236220833358,0.14317552280484,3,0.626635572103387
640,0.639384772650667,0.497885806946814,0.577276991494763,0.947509028506312,0.0847251762961016,0.0103176243605463,0.0970883078429871,0.532570432534395,0.28202745959235,0.301197036904405,0.263060165103595,0.0001280288233119,0.0378431726599499,0.132138941386746,0.00019440235718619,0.00030305628819158,0.313116107239053,0.335518124975247,0.156578555479893,0.846517658153446,0.500132491014102,0.124222553974683,13,0.0418223139203998
641,0.372570851529534,0.146453650508752,8.27004485181533e-05,0.500063357459616,0.078056191255608,0.119998732919027,0.0992183841176059,9.12367616361007e-05,0.193062651682695,0.52977581624615,0.569555662584867,0.181145555773333,0.221921695105169,0.381751073507154,0.664805865160471,0.254416848844582,0.417878167805049,0.0682099448912124,0.380136108062029,0.765719371640947,0.714119138875641,0.173583766167889,7,0.334771887923805
642,0.367488086801218,7.64295788737945e-05,0.554673597562019,0.648492974399869,0.0612266857799677,0.029395654380936,0.0718856945131323,0.339476873360519,0.498755769363723,0.742945470720829,0.0286089962437611,0.144660714855944,0.165497339781258,0.429182607131884,0.604681704311389,0.046374252281671,0.463641325875437,0.381717258693176,0.425061497603964,0.842866373368424,0.869424197040155,0.143037073105017,18,0.498345129020052
643,0.477583892489316,0.315850204017127,0.12992011384013,0.716286916528601,0.0964553484272462,0.0253068843126188,0.00169075615209736,0.608848786883522,0.79480892068108,0.615888150976088,0.12751108859209,0.305752596285713,0.233240265847835,0.283416737128379,0.125297098316829,0.0258570991848856,0.326220135201081,0.00023429425927461,0.294459002894757,0.762439982751746,0.736442573319462,6.79376821854385e-05,30,0.643203272666173
644,0.617508315198964,0.127104567771911,0.258572343821928,0.653480152539591,0.0344169716683842,0.0563167598843784,0.0904501521286538,0.631825259141445,0.138042890920134,0.549768020533664,0.172559546370919,0.0001280288233119,0.154311467942853,0.265868387189376,0.211422458951703,0.213275816007357,0.288139851748823,0.171703141986681,0.251158397303072,0.965478636515429,0.663719971410393,0.159605693208754,14,0.48888053746919
645,0.501137740601731,0.3568373532803,8.27004485181533e-05,0.68422462371092,0.0331337301114852,0.0632438918548133,0.0253024464563394,0.39544675704801,0.462841617432956,0.820203405847543,0.537786458472473,0.518748524833589,0.205032694445264,0.166860723825283,0.124387151188029,0.352036454725997,0.186591869900556,0.256679335277232,0.417894895252974,0.613478681165143,0.764421306573339,0.111650231145508,25,0.918703887936447
646,0.62793250741011,0.801897886860545,8.27004485181533e-05,0.618423729292211,0.0462118929603178,0.0977611211294955,0.0332581526238143,0.723382999385426,0.424551829055054,0.999928297183826,0.669765437791716,0.55292312542001,0.282443895648748,0.192111930149001,0.381421846449388,0.269862813539966,0.38799908001909,0.208284881118122,0.460416940801554,0.749347670991205,0.875219444906628,0.0343238299877668,11,0.504816080569912
647,0.323617547162153,0.734726807335342,0.163979794261812,0.922607104850251,0.0765603183753098,0.0570339874180929,0.0877873086419352,0.245593992644407,0.286022944135179,0.934415633195471,0.70673963411256,0.335814436982712,0.322508229507999,0.383236315756004,0.454840157965523,0.00030305628819158,0.217804515532463,0.385331523976755,0.395000668663055,0.975935339651895,0.500132491014102,0.0504927920372733,3,0.252849201269552
648,0.885758898939618,0.389680092766135,0.399286298485459,0.68584771042885,0.0597198176696086,0.0650514710945272,0.110945197567471,0.369023644450455,0.623211690280652,0.696650717647271,0.377567282078888,0.0001280288233119,0.251108261592067,0.53986333766397,0.418171813244044,0.300869812482583,0.0637954058458155,0.364293533073606,0.39823974175234,0.965991043018944,0.537690569361076,6.79376821854385e-05,6,0.690590431673686
649,0.696878879419516,0.567484260077836,0.0734286287693248,0.886111005335239,0.068905992296388,0.0464721450332527,0.0934341819687941,0.691563290362638,0.201808674513104,0.525984112376931,0.78626500632797,0.375552092750954,0.0344586634537146,0.473749934083042,0.735777355538578,0.189201440089537,0.192655913187741,0.39776568917831,0.292320678208364,0.907658188024449,0.85274088029265,0.150745738274167,3,0.335843791690853
650,0.359627317453248,0.413820866746068,0.421290226476334,0.621295200587543,0.0448861599809806,0.0740274367248149,0.108921466923018,0.786733434976273,0.658274762458411,0.329201183467947,0.449073347372276,0.360043650894304,0.0134794702151585,0.215317735414268,0.00019440235718619,0.448784295847261,0.170004856374672,0.230615251679646,0.314144811874397,0.875668261223274,0.859261090501795,0.158247490301802,20,0.999297207634302
651,0.460858691138309,0.646956658599689,0.249484239087849,0.652547713448524,0.0844359638987253,0.0367665975177409,0.0863497088101101,0.536694362311284,0.270482728331248,0.481114587753799,0.586126290668414,0.587081789644688,0.0229682268358709,0.0463650735960652,0.576274029575427,0.106829565625408,0.410921137524171,0.359357182992775,0.204594582003867,0.950408695772575,0.950856250983915,0.150202980851252,13,0.385609845481035
652,0.775489328967546,0.317141118235499,0.420674336642838,0.666407352236314,0.020826122359074,0.0674554395460052,0.0565523333732701,0.806841006599185,0.335821864698731,0.492293987217212,0.311951666314171,0.0458351769953038,0.164702255076476,0.169183142223374,0.0189242049185795,0.235540018413229,0.377816037953383,0.150088594076322,0.208844168148576,0.741745244594957,0.500132491014102,0.15404297382769,12,0.505571796786574
653,0.589019419263174,0.246955615130464,0.738353048502069,0.520463924697316,2.69250937448815e-06,0.0404097796447834,0.0246017938111311,0.450964939137952,0.843524017550566,0.9049432230093,0.340973507699838,0.390399207209272,0.234091615313006,0.114525113848911,0.447050232604957,0.364695695653906,0.0364714390346479,0.366551160181099,0.489657630566308,0.761164160476713,0.675215931641372,0.157582938759217,22,0.559439054023092
654,0.769174844525275,0.680051442176152,0.816692140519343,0.811867111794747,0.0358379822706584,0.0332634995083697,0.0292363700219544,0.999640291173093,0.51918681853533,0.791775085177044,0.374277171684346,0.409801663815163,0.039611898875358,7.76303646992892e-05,0.394373596628127,0.229269087263583,0.246449177330117,0.184901212465287,0.418056906475174,0.822777109852085,0.889249447440605,0.104580577341793,21,0.8073763445164
655,0.396637077338292,0.173592010861798,0.792843345747628,0.999996276009004,0.0535708136491338,0.0437870386331893,0.0526274985583627,0.999640291173093,0.655243659534587,0.479522130075072,0.173180646794333,0.256169120917013,0.409208105077423,0.255844311109859,0.193979902198869,0.0221945499383431,0.300010753433367,0.378722472718559,0.340991029780454,0.500013466963832,0.59587094028951,0.0971500323997224,26,0.424699559834439
656,0.331294748740477,0.416539933245902,0.680659691716314,0.528587321989875,0.0355879638818458,0.0583573065399708,0.0130320893585859,0.726296456220018,0.960490764560739,0.755124424374309,0.208678315662151,0.379745208161109,0.146014797377372,0.121087200407439,0.317414480277796,0.493494412064725,0.388110116824737,0.174359448578144,0.221092591242527,0.97578821827693,0.881782148666737,0.0886135998867833,13,0.999297207634302
657,0.363483965568186,0.39772336245617,0.519355262010675,0.850171846027334,0.0779563403406525,0.046453970696558,0.105712931448717,0.761679616489357,0.498253769664212,0.699525981595785,0.246256780715795,0.399756621920824,0.323895946555843,0.17569089070759,0.282250896835277,0.0498257206281414,0.427014402862595,0.315674725465199,0.195116906153823,0.709018196024592,0.559091435637365,0.182020467140927,18,0.445002613398596
658,0.148155486272581,7.64295788737945e-05,8.27004485181533e-05,0.631563934620768,0.0212330634842741,0.0770942823550282,0.000124373594325981,0.338290440575804,0.871138798885081,0.272444437939088,0.133731899512303,0.733900933086522,0.293422401176117,0.347040209015423,0.459140135813138,0.254086130707576,0.377780156418872,0.177132187473578,0.499559855764972,0.569824778627823,0.999975606664492,0.249984006138382,28,0.78667120946245
659,0.209066119952635,0.355407244620617,0.511064614803709,0.877011411710966,0.0781359982126629,0.0303868743486677,0.0360078108587904,0.936220646782384,0.649847111498227,0.503672112175987,0.303359673796109,0.165299407672375,0.300505021823829,0.466589352281985,0.196747057035907,0.176013445680952,0.289514233885844,0.318115083460988,0.319119027347688,0.81419864712801,0.653447840751642,0.105159423287259,17,0.355114535652989
660,0.114546052039866,0.521349497804914,0.198612138090719,0.995931552659393,0.0502843734577797,0.00842249701235261,0.087605005793603,0.591434857223363,0.231300798838223,0.512430868779603,0.955871481577233,0.474993241359076,0.128907034029882,0.523585356994096,0.660152984236842,0.0554001147739449,0.0487291023008842,0.197032076747675,0.279896041173128,0.71465001198073,0.655983159807507,0.136029323871442,14,0.124010683624288
661,0.539560876944055,0.227300920719331,8.27004485181533e-05,0.662580086952376,0.0926871668233613,0.0633050326752633,0.0806219753850494,0.00310904189698624,0.342654033900648,0.777143636846343,0.532903964835502,0.236074807231615,4.64802905591205e-05,0.414606500218625,0.782114572061514,0.13324542009681,0.41349494174634,0.253968670073268,0.410853763227091,0.964712302695943,0.864380496434214,0.0711438125909303,3,0.548589640765641
662,0.648049852085524,0.583985527114668,0.0700636586015178,0.550642685766661,0.0841803748821138,0.0726885783635775,0.114923635938234,0.496835169146523,0.308532419348747,0.78032001175183,0.543866712035238,0.148900636227164,0.302550473971812,0.440009603824725,0.597661734406251,0.250228198256167,0.372568909590034,0.163542686909109,0.26818947978627,0.999953931943418,0.844885835700964,0.0876538666248912,9,0.440068335448044
663,0.76664597197211,0.340245092003872,8.27004485181533e-05,0.683853343115637,0.0814096962196627,0.0788115067638374,0.0877402209234332,0.0800086570202982,0.545622404933594,0.643507318041702,0.438727034923832,0.0001280288233119,0.0293737538743437,0.382042060932733,0.445696777963844,0.344461287413246,0.477016443142802,0.245629877132625,1.47106448851991e-05,0.812316457418683,0.636181933090583,0.0865896861258784,14,0.354532793669549
664,0.296976549195498,0.577172945581949,0.750584945666199,0.711031098623422,0.0547051691822413,0.0815029271375094,0.0929859514776722,0.8601314421577,0.617950091600263,0.401309176150569,0.440757987403068,0.184536820861882,4.64802905591205e-05,0.282789611094415,0.590982993549721,0.229078902675244,0.412912424312433,0.206011038358955,0.333825165033951,0.500013466963832,0.899833716390607,0.195828356272701,13,0.577656092131227
665,0.059017863107109,0.655853617000792,0.179031350449925,0.828799129578482,0.0897156298029323,0.0137733665653075,0.0375538519496459,0.468787665329199,0.407877864634447,0.839002699603852,0.452557344484082,0.474071910474116,0.269261462762205,0.382765196478252,0.464979002672398,0.132411705982757,0.334818409119825,0.201129493568549,0.329928250768997,0.682631639835939,0.694078269518556,0.0888081053554854,18,0.638809315857384
666,0.735171950368465,0.475704013359892,0.571872296457502,0.570189984651504,0.00463737145307254,0.0416249074995013,0.0545640920364381,0.322382519745361,0.82284282807507,0.510307113085197,0.087163701709366,0.22996096761635,0.30685911338094,7.76303646992892e-05,0.292199023820093,0.435865436437764,0.111894890578495,0.352696582506108,0.499559855764972,0.845850078850668,0.731433097480754,0.105720984120008,29,0.68613235591942
667,0.66506555173385,0.392830426896515,0.53847349162869,0.841009013015971,0.0664851800206285,0.0539846589679078,0.058783659013021,0.54318204321747,0.239974808012777,0.630544942230622,0.564360366963649,0.2229316433272,0.0135455310541805,0.133162589454534,0.37409862529537,0.127300880214141,0.236905315331203,0.22335486649847,0.209864374166506,0.759516544598415,0.653127296776582,0.119434871019158,10,0.718919032384742
668,0.238067819638689,0.318065625137292,0.550365848850008,0.665410812747965,0.0535056591445106,0.0590764215965039,0.0526393632047344,0.577795598822202,0.926988861894907,0.37716664290086,0.189322268000773,0.586529486719353,0.1251464187113,7.76303646992892e-05,0.291436739525479,0.140068021391643,0.24468298021982,0.377039376561088,1.47106448851991e-05,0.610086781373865,0.612506994845634,0.164940443278307,26,0.372465793363256
669,0.593771848731338,0.325124619592785,0.12988122198237,0.684427315508344,0.0701207191869451,0.0770199650092302,0.0826737816219089,0.470572138676094,0.323026034050264,0.972192638542811,0.578627611269435,0.49383904095766,0.141137622256367,0.229620196638054,0.714005304416755,0.058244099412681,0.326949124774975,0.350272800547552,0.168301077655363,0.7664666348703,0.623601103693971,0.0925354765512515,19,0.836403546537291
670,0.454506972049045,0.231375014977099,0.742796288247029,0.72581387684243,2.69250937448815e-06,0.0639362194552392,0.0317521397505177,0.670420293350467,0.816755357300443,0.952558627345775,0.050506568557568,0.490234586762215,0.276278907095983,7.76303646992892e-05,0.295617368739256,0.112845169200562,0.0760130208649559,0.104086185002441,0.304082909573058,0.617013748665716,0.837995286948824,0.204290028232776,21,0.788501269586895
671,0.00021768103810027,0.219967148081205,8.27004485181533e-05,0.772060224734276,0.0880343955402681,0.04803798499277,2.35846800701693e-05,0.508551152967226,0.999854110333847,0.0589509660154491,0.205571336759032,0.921063094081568,0.368599314309981,0.0316127059322277,0.358578059477799,0.24675881323721,0.3004048982744,0.192981774230954,0.281148503966527,0.500013466963832,0.999975606664492,0.140235336064376,30,0.377822092090711
672,0.636841683720051,0.331930659280048,0.411969119454279,0.904923193960974,0.103608843798888,0.0626795016136567,0.055023946676503,0.999640291173093,0.49958267086493,0.0148319224826821,0.00020573198659345,0.0001280288233119,0.363737126242912,0.752984245841759,0.179878386160492,0.111750120894562,0.499858107997852,0.260713747679787,0.104265912701771,0.838578980416246,0.557251453913551,6.79376821854385e-05,19,0.498340991603882
673,0.0811933168938276,0.40071441896691,0.435482216507844,0.500063357459616,0.0680647752119534,0.0306870300541671,0.0555467873216159,0.370561795831927,0.51278416146365,0.677791507291173,0.540419953560808,0.635163509556601,0.279456110100581,0.284845931555652,0.690267004064072,0.157392681221901,0.341144560399995,0.292986240600192,0.488675138778287,0.911790446837303,0.8358210243863,0.183878679486787,20,0.67540738616881
674,0.352830244264702,0.906430323587025,0.358478425246168,0.538032852765,0.119957540288265,0.092728612538611,0.0893213851057788,0.509029362932718,0.225844870026552,0.625052924976125,0.246490182326658,0.236240671905327,0.384445241737907,0.257851307849662,0.731725008575905,0.11837480096033,0.287089967964534,0.0974285959373235,0.499559855764972,0.552332526262359,0.71913686658519,6.79376821854385e-05,10,0.934199026862319
675,0.840863348231602,0.0944867588627636,0.849454882567501,0.673266672102972,2.69250937448815e-06,0.112778847889349,0.0127005149899337,0.999640291173093,0.999854110333847,0.657868451190921,0.00020573198659345,0.32402837887487,0.139374884665547,7.76303646992892e-05,0.23355367293796,0.276674692484696,0.162566839053837,0.30211886094694,0.0849228450696122,0.567494547133224,0.677260368619632,0.0206417061794762,17,0.724535504863422
676,0.418494284859325,0.504643711250099,0.967367584605132,0.50715295932158,2.69250937448815e-06,0.110249602289211,0.0984825295984842,0.927432306454269,0.652350223273847,0.528323081945416,0.406213838391857,0.27955918291659,0.438434836765191,7.76303646992892e-05,0.282983408336402,0.122304067428604,0.0214334371686532,0.00023429425927461,0.407611672797402,0.538395905461819,0.656380842975381,0.120311802564144,15,0.7360088185547
677,0.18444129240323,0.502416181336365,8.27004485181533e-05,0.779690044226498,0.0684835478581428,0.049532774685137,0.0635524091935919,0.263022830841476,0.940851737474113,0.740762320380782,0.603789933897192,0.411674611327718,0.0852859451054004,0.342050733445239,0.459063595602234,0.350036689122413,0.158185917206731,0.16742710867804,0.264597842507909,0.521002945254656,0.697215385550743,0.142418034030481,10,0.611070034931358
678,0.480527337136355,0.32070649120259,8.27004485181533e-05,0.59800533445545,0.0317092969195557,0.0706081114479251,0.0605876524876718,0.72840867828492,1.96226454502903e-05,0.848665546956872,0.348833438364594,0.535182661091946,0.10292210238035,0.640250760055675,0.410099105214311,0.142574771565098,0.145762828369997,0.351483444799878,0.497037684695953,0.707622470198079,0.965873239725653,0.177621814524613,14,0.999297207634302
679,0.584373621629236,7.64295788737945e-05,0.393234382428831,0.727743256923596,0.0221174317961675,0.0704902556129451,0.0597675268100002,0.613532271926765,0.91544184236754,0.403606884759985,0.00020573198659345,0.257613939584987,4.64802905591205e-05,0.0805800189309377,0.163228661230329,0.216280692111121,0.256874291827354,0.381997179846834,0.0666998265477967,0.891473575307032,0.766281850887008,0.156764377005536,15,0.543212773095003
680,0.426996973332548,0.476379458450474,0.187667184514332,0.644424779578555,0.084964486790456,0.0816016939012245,0.119995094177388,0.197565629886276,0.607657345042852,0.538457901043329,0.0628181640933677,0.155527614611805,0.0230552713764312,0.252796944254191,0.488606393150057,0.202792991855388,0.334769580055968,0.292809861517425,0.105563208586827,0.637927886405386,0.761217440180061,0.0878701134805598,18,0.884005839025371
681,0.663752988434204,0.573941792209206,0.598872689623595,0.748013562448789,0.0536306520600131,0.00938192611939645,0.0454082313175746,0.730863994822362,0.251087503710249,0.603327863960488,0.218218965176731,0.0880587311273655,0.123708751706563,0.344620205625896,0.121614444913818,0.199134720361378,0.499858107997852,0.332636537459511,0.318078526236664,0.875437641764798,0.716677707022295,0.0510413504751329,7,0.347335600282475
682,0.768779427375446,0.267535073875243,0.460773109586741,0.625806341381947,2.69250937448815e-06,0.0988257400588413,0.07128854152969,0.500737351342433,0.246435875647654,0.560798155591974,0.00020573198659345,0.0702711375678382,0.117475172063583,0.219650051148136,0.239058752036497,0.219700747925898,0.499858107997852,0.462643566123687,0.183338742510812,0.894057994580442,0.74347461979995,0.186328200369027,12,0.270884271019642
683,0.736264661041977,0.554705750208008,0.127416517567839,0.760757349451483,0.0496063010912151,0.0356325326958074,0.0030470727004931,0.908865441644533,0.55780376147842,0.331761261536305,0.510902854697858,0.472815568480768,0.204279069711792,0.0167189283075718,0.481689987491083,0.141607153924958,0.190933730643395,0.00023429425927461,0.193073026030238,0.519747101033375,0.6854676903959,0.0604978867590188,30,0.181005637289477
684,0.274918401782355,0.357873339398586,0.499008972969498,0.679602832797263,0.0394117689881908,3.77011053683236e-06,0.0307588471143972,0.383611699788143,0.634063840339965,0.635314744100286,0.364068561474372,0.284940251233626,0.167205977156272,0.0738657694892373,0.431872661905976,0.251493016197927,0.298749262123835,0.086044340938432,0.214844389441009,0.86315820845747,0.723954494495231,0.106189449896117,12,0.365264599747869
685,0.36309045625358,0.226004676935575,8.27004485181533e-05,0.596302541028412,0.0779871429434432,0.0601293300368647,0.080138995123883,0.315645050527713,0.494002393596936,0.783375310012051,0.591716080686051,0.313541966581555,0.251917116359145,0.457223913468072,0.356118467838581,0.275540670136711,0.362055689720483,0.155284539736151,0.15043937095386,0.776760245227783,0.972695490935534,0.156093383387776,16,0.667435693522158
686,0.355726387060424,0.753839220789542,0.556592633691483,0.784811826373549,0.0717942755735648,0.0648558614710558,0.0987051406850882,0.944404135713862,0.643820733244631,0.389967770206671,0.49564228583431,0.425658903301458,0.324418042013475,0.0318283401032601,0.451559769039028,0.0547583266628675,0.274424447256561,0.261029267776519,0.190024170193665,0.606933451583137,0.767265976488758,0.129520087318071,22,0.105966620679893
687,0.583521906440206,0.395614053090892,0.12442441412194,0.785270011207892,0.117262567388822,0.0582477161980283,0.0839189206415647,0.756338172041895,0.332071585825042,0.218033195731445,0.534438681507367,0.0001280288233119,0.174933428381333,0.530764218532669,0.673120486334461,0.172769515543044,0.499858107997852,0.0662964219130393,0.219014570517727,0.716503869480002,0.595141364315768,0.0280857300495236,13,0.253860988593841
688,0.677563283761882,0.720159578373981,0.270280523047781,0.67858825374404,0.00863558953958931,0.0805028835758622,0.0174974501897719,0.113203888310718,0.637804178196282,0.920452592983188,0.555162931772893,0.483802667596496,0.449392903766757,0.112091679603301,0.385416803216129,0.297624150574361,0.140602787516175,0.143632251963696,0.371137622564763,0.751773996145283,0.524412309927101,0.0812372214488878,8,0.387402825631873
689,0.672626562500699,0.179733259830708,0.35949595493538,0.500063357459616,0.0355420190026469,0.0391884820939858,0.068281950489921,0.597509369794318,0.654825414301676,0.729921860432777,0.496529149093559,0.319530649697164,0.271858727800522,0.230390750409642,0.449849110499411,0.499989724523516,0.470897045273247,0.291153991794145,0.445024818179386,0.901327505820131,0.968917903250388,0.249984006138382,16,0.248549312380476
690,0.965109703803515,0.586065108273629,0.415732226368377,0.740762006530782,0.0393271713759691,0.0614958513621301,0.0616133657495397,0.989582607396304,0.585294648968713,0.691505957879564,0.471447076307491,0.0001280288233119,0.349467301551655,0.5204300368181,0.348699908172091,0.144476136027584,0.0683284505891419,0.334068874767625,0.157458544598887,0.83639561900027,0.59669082344311,0.0951646706178176,9,0.0823112693080199
691,0.841383385042997,0.335435958770648,0.661532615443764,0.500063357459616,0.0476926716034586,0.0696764799135349,0.0324511215325872,0.667523548920188,0.320837973985996,0.342203174776865,0.0916693853083721,0.0001280288233119,0.277014760753657,0.336755337189208,0.00019440235718619,0.457257582426336,0.499858107997852,0.499992012141552,0.499559855764972,0.771664903338778,0.500132491014102,0.121744583889947,9,0.585068819955769
692,0.218634309921684,0.282524077885683,0.203567765711745,0.607715396197868,0.0486321882427793,0.0645287666021792,0.0383646977132286,0.225625635763665,0.582738060127785,0.327709158668873,0.177939902087751,0.293502574700179,0.343204100877826,0.119570990801145,0.323401385948683,0.405024934427099,0.226669895639983,0.467767299180135,0.429536541442293,0.797614287450151,0.627755430000143,0.0500498271776568,21,0.496479779528929
693,0.379826249717268,0.21929220887734,0.103645066543317,0.623172788130389,0.0627776399970758,0.0731573044743369,0.119766429220195,0.102188141921278,0.414174327065875,0.503732377132492,0.418560090024642,0.0434305037732617,0.0946062627638772,0.455174402735115,0.387185962957933,0.236891255891298,0.499858107997852,0.201731209580764,0.173186603316828,0.967568668312568,0.897103568746545,0.0746765688065436,11,0.544162874159463
694,0.43586173796079,0.303672537617372,0.463484393552818,0.687625860933343,0.0891627361136041,0.0602981820060438,0.0627093759713006,0.861644662101043,0.999854110333847,0.481077687218289,0.147513848295283,0.0001280288233119,0.116793819586012,0.57024732656256,0.309331117010782,0.459284836169661,0.499858107997852,0.138886861857169,0.300427509500548,0.999953931943418,0.757703518774,6.79376821854385e-05,20,0.913906812742243
695,0.455974180766949,0.454267008843006,0.3358700644138,0.764984700524716,0.00832961630035869,0.0550590035106774,2.35846800701693e-05,0.680833667179906,0.999854110333847,0.999928297183826,0.480722942054865,0.884551614172557,0.247969264696553,0.204337888098333,0.704342496695679,0.212825556467517,0.497863374629485,0.00023429425927461,0.374285498996796,0.631014573556141,0.948333545046415,0.20413445748459,14,0.509382063529716
696,0.00246801807646968,0.0540296194966107,0.0831245100759699,0.764664926544213,0.0374781087893258,0.0366946362870266,0.0865921648859084,0.521913386298843,0.580308658531709,0.546309077268266,0.0462657653498819,0.688967462332051,0.39689026562234,7.76303646992892e-05,0.696956510400347,0.0618780538763723,0.199303537788949,0.225904820028315,0.162287059404926,0.853306515137652,0.595371019809119,0.146529641587762,30,0.507060471501805
697,0.338885318486691,0.163379033413161,0.427807222171495,0.788036859081657,0.0209274320328307,0.0769935997920274,0.112331725931482,0.298859665444495,0.232047930517747,0.383969318542991,0.566411619200421,0.152874776405414,4.64802905591205e-05,0.352506388541284,0.278043765094448,0.337014157488844,0.17232673417127,0.348651314556551,0.129927721636634,0.731802693843127,0.839208120505201,0.249984006138382,3,0.683943105966291
698,0.592883699041204,0.219665289319244,0.322834712928088,0.500063357459616,0.0367758466563189,0.0922223285073588,0.0424574991817378,0.308969911011835,0.449187788223026,0.426711285376557,0.40298400447851,0.474936235545849,0.291233830875524,0.116939519127887,0.0790446008506429,0.254237118401976,0.0841774209016962,0.207857975942231,0.458405154115859,0.71527458996957,0.735533615859164,0.200000235877811,21,0.999297207634302
699,0.555122854908107,0.56856975161383,0.366661246139969,0.771477137190462,0.0763562018110475,0.0231228142817552,0.119995094177388,0.666612347071493,1.96226454502903e-05,0.490456668614521,0.125298591084485,0.0001280288233119,0.271003517166538,0.36745525766248,0.246216656822045,0.173319231947788,0.45451876329319,0.303976857195833,0.0178416812867747,0.975961446354036,0.512219962922873,0.0134814512901395,9,0.121380884780817
700,0.104732701938948,0.187937468064198,0.379213682370251,0.988039511018671,0.119957540288265,0.0163959488309177,0.0775716935313382,0.442199845276333,0.892654142076408,0.452628105932805,0.00020573198659345,0.0398613871994429,0.0689720771559703,0.434699899066859,0.338365242287241,0.252417323855126,0.459264387424669,0.249258571620291,0.285697614884246,0.81577315219253,0.760119876216579,0.0420906392223874,19,0.88447236321293
701,0.407777036232896,0.251622796183133,8.27004485181533e-05,0.810827107354692,0.0171843409507432,3.77011053683236e-06,2.35846800701693e-05,0.155296907568797,0.397657095011676,0.815790320932388,0.637495544758423,0.529180236136551,4.64802905591205e-05,0.229285743942089,0.348226740068349,0.181439547566281,0.280378735260069,0.347973825788803,0.121047761830191,0.780155091995151,0.723695674243971,0.139166141261263,16,0.297174359222741
702,0.789853814809835,7.64295788737945e-05,0.249995739474115,0.643466206121337,0.0507416848182624,0.0476609015726435,0.0791570994322633,0.246624829887913,0.360057598781823,0.280096011792188,0.0254946436744343,0.0001280288233119,0.125091104937635,0.381891466768709,0.754193496391468,0.20761884481531,0.416944074279671,0.15785055369055,0.155932046105437,0.999953931943418,0.746745334131542,0.050074084648958,12,0.176885709213334
703,0.523216821403147,0.459353485368055,0.147272264324905,0.519635694831434,0.0846655708605008,0.086896343805411,0.069605032515023,0.0908620707461273,0.462507677490576,0.593788417350895,0.557146203232305,0.226520219193453,0.0975919192846583,0.530042855209037,0.551710401892337,0.272955297014014,0.180243475138092,0.42095253015376,0.356605816470633,0.877390268350841,0.811628766567163,0.197316615910562,7,0.560909397252734
704,0.46964042769335,0.289254353272125,0.99998713443117,0.958704486505624,0.0353175831673504,3.77011053683236e-06,0.0620481228203823,0.642832295455521,0.621337834992088,0.790062954641171,0.00020573198659345,0.0001280288233119,0.303506230364098,0.336570701550127,0.0251579383172786,0.189999008816887,0.325643715840805,0.407557720799684,0.406557569117627,0.999953931943418,0.696071966867864,0.108012881053893,10,0.417395116570019
705,0.00021768103810027,7.64295788737945e-05,0.305104168595518,0.867401852399187,0.0170789842628223,0.0956991250528875,0.0696107517002212,0.304856103066798,0.966280932439154,0.534380086486638,0.102763266407267,0.92644854757405,0.349128933047136,7.76303646992892e-05,0.531914611006874,0.00030305628819158,0.296090164072517,0.139404496441857,0.276079378861995,0.738992287893892,0.741512642670476,0.130477853945333,22,0.53853375951874
706,0.514366990324305,0.57619594087207,0.379672317156932,0.774254254650289,0.0838485700327945,0.0127498482890929,2.35846800701693e-05,0.411340801807897,0.426790455254718,0.340951403270666,0.690846801734307,0.393386447613175,0.197081588758116,0.0777147083902189,0.527471103396763,0.322455509940624,0.334828321266492,0.0336699432173057,0.266766345546175,0.846469515478619,0.591458444402934,0.0985636013180744,17,0.061342274781377
707,0.244628374187861,0.614793579019328,0.335806556891816,0.630014581555366,0.0360089939242955,0.0595717930621698,0.039794073190114,0.557329898085896,0.405374012326965,0.672913386515286,0.768734106457932,0.506804460309909,0.270461442473499,0.0105576569576395,0.190074207653845,0.245162902450108,0.385175097662344,0.0382916141410164,0.296638902687849,0.788708432117511,0.709954583083104,0.155185438447575,5,0.155857776278504
708,0.631457038574628,0.945515478772764,8.27004485181533e-05,0.500063357459616,0.112149983406577,0.0542964993522918,0.0395925055325273,0.186938235551646,0.173949773604891,0.469577483284385,0.879554790506091,0.478244437248821,0.232137032585889,0.112254073506282,0.134291004512366,0.423681393714118,0.437321829787111,0.0957512290335935,0.343954193694357,0.999953931943418,0.771812614250332,0.127553024899426,13,0.905420715567914
709,0.617494961011301,0.229118339441263,0.157023256344049,0.552494641217233,0.114800936562627,0.0632801506503628,0.119995094177388,0.546543612964569,0.377479680180393,0.347066010689445,0.364078986742474,0.0274012076237583,4.64802905591205e-05,0.378622923513948,0.619096974597086,0.134390418311177,0.182759671196194,0.283216413372504,0.385104562081145,0.734827825133362,0.761258565308554,0.152591192164138,13,0.702227519355051
710,0.252395531373376,0.099802936901925,0.584464198819343,0.972649203983644,0.0487289738348828,0.0411483929548364,2.35846800701693e-05,0.910151115737059,0.999854110333847,0.147819811250167,0.161576503837703,0.357772968483186,0.129884022677997,0.0538910356345108,0.364781423805235,0.275613203412499,0.232929770556577,0.360344859755375,0.213161917545909,0.539580760918792,0.744016305456317,0.172715569853389,25,0.314129933828766
711,0.52700531156088,0.523595037667689,0.741829615630307,0.844555199486014,0.0307338422979557,0.079092547352005,0.118300353952213,0.819880574877299,0.282868565214712,0.237086963473346,0.0775454925617498,0.471651659059885,0.456661031263516,0.131161790536777,0.127116079304155,0.0238124784129981,0.205093047799175,0.497998609659736,0.499559855764972,0.777614947906387,0.747116140581467,0.0990425436373462,30,0.200973217004862
712,0.762443820917926,0.83352679566207,0.222752633912704,0.610717610719022,0.0439989720328388,0.0708302285163289,0.100873753884423,0.196438767564799,0.595194186986416,0.671701764851714,0.43034113364682,0.46885645738133,0.461588260756882,0.0895629198866083,0.70425020374255,0.131947618062049,0.303208631364968,0.190966318231694,0.253692166676302,0.591117383119396,0.73908357974337,0.128857305546124,23,0.305558063305543
713,0.578042965977404,0.56740347624461,0.381943270891606,0.948105963956839,0.0798530398062535,0.0527095700204092,0.052919466902487,0.872394950441695,0.75067233397371,0.198061585081962,0.161010570870126,0.204579666288465,0.154893118501046,0.227386444179765,0.0562374547320824,0.0238633630021399,0.133675681936471,0.156601574030204,0.275501040966271,0.642873376438122,0.585557133867486,0.0135224570280937,21,0.644131052726907
714,0.539602797424254,0.466651557257602,0.829018258622159,0.8535810690558,0.0591500140245245,3.77011053683236e-06,0.0675215713545719,0.817442599589638,0.543507364231228,0.591737881260521,0.421288104200163,0.110769162489322,0.191644226555996,0.416774105592081,0.0844648016594367,0.287270793379376,0.111686485432562,0.390280229277391,0.499559855764972,0.943409482231135,0.669896463883444,0.112684369184442,11,0.404221203885275
715,0.328969370213149,0.43171086733506,0.050537619230422,0.747415865504842,0.0947371000170568,0.0710885721338201,0.103876160615105,0.494267154927652,0.58605905513893,0.595869327143354,0.00020573198659345,0.397032659011931,0.198959346716102,0.466298504208874,0.597122340040388,0.00030305628819158,0.334119331566316,0.00023429425927461,0.229976708112566,0.785516384366598,0.750314637561238,6.79376821854385e-05,25,0.740780333014763
716,0.298473484406037,0.246021535522031,0.145057947588458,0.752117861830203,0.0850493956916548,0.0752896643354559,0.119995094177388,0.450694942637698,0.645705636939913,0.920381348225098,0.527410699438837,0.405630245336199,0.275367380567153,0.358532642687917,0.999991596603808,0.00030305628819158,0.415549077334307,0.232982541921568,0.378209798995703,0.762111767115905,0.615855508075786,0.100117768891021,20,0.3571434562592
717,0.592254420035376,0.467756383467002,0.965815330189455,0.690558713896545,0.0269572978444185,0.0440216427365858,0.0186394734253145,0.771785042387007,0.812490406713231,0.909625753472134,0.0951003356562151,0.404321481590871,0.130124348855935,0.0420211696620515,0.641864212112649,0.0752859902433796,0.234548030195361,0.499992012141552,0.278294642971911,0.746642328081623,0.802454337874436,0.0651161672685475,9,0.916848880987709
718,0.196221093503356,7.64295788737945e-05,0.543580365111927,0.999996276009004,0.0514344235891864,0.0215709329261305,0.0228673125304649,0.777524358876987,0.948513609287189,0.724994241359669,0.641294906194201,0.57702176927532,4.64802905591205e-05,0.244306287904355,0.322126658097338,0.0854311023333042,0.298527629727993,0.0285962819945106,0.29531949509087,0.678163080305361,0.784974931608944,0.136812329405499,13,0.558117928369752
719,0.475841785515871,0.535193755130267,8.27004485181533e-05,0.566801144493309,0.0875686241696219,0.0296351153388866,0.049120454241007,0.611525370046953,0.436921994161857,0.602130737155936,0.785455565048556,0.547622064344741,0.237797694461797,0.322147188804283,0.343017405825159,0.143680365831107,0.329033541572691,0.122206599621556,0.499559855764972,0.675162151343205,0.754812164855346,0.0406870486204625,24,0.551668979244855
720,0.740699317082629,0.524884158732091,0.45235746228338,0.643272205136837,0.0434595689386403,0.0965780244180033,0.0701123746374068,0.999640291173093,0.438326796071125,0.999928297183826,0.0285854628831548,0.160373910934089,0.28747727859646,0.508120116178479,0.697720273198716,0.0688115717998327,0.334317673929798,0.213250969421313,0.100607195186655,0.970298659786148,0.866587918663114,0.0934338856116356,8,0.735633538195454
721,0.51122236911875,0.444694457801097,0.432008702558914,0.706422351906539,0.0472878486953314,0.110508840782303,0.053472141675284,0.843198521894346,0.665561743686651,0.69370828999283,0.157623470203678,0.183051958394081,0.171331958220986,0.209848731901809,0.128796222808007,0.244319731679257,0.345630458536757,0.237806586225894,0.240468428770503,0.650122338326322,0.705239058494112,0.159048989078632,15,0.755295274174899
722,0.471798847289016,0.162464193539281,8.27004485181533e-05,0.82386507977087,0.089820038772497,0.0631384044368677,0.0727425750245255,0.416127912599535,0.507420002365234,0.142345349247685,0.32881841918665,0.0001280288233119,4.64802905591205e-05,0.631322906318042,0.38591660676071,0.15946563949422,0.326496495677122,0.224964107838756,0.00256055767379376,0.641248710128354,0.871814877027665,0.128664441899746,15,0.68520237116637
723,0.479450283724696,0.0429950440121696,0.099647331966969,0.920731204049565,0.0318130380669711,0.0417837684969442,0.00503936166156246,0.720953384589328,0.999854110333847,0.401071296702337,0.0642425727697916,0.393356996868255,0.304574752497349,0.188814093241253,0.165254251303075,0.0661397555467311,0.103376256135347,0.190306796416646,0.319892309677797,0.572432842633615,0.848107741750642,0.0341644934172263,30,0.440326519692511
724,0.30256542516673,0.339063624658765,0.0453746232561172,0.868267636279949,0.0248920394551363,0.0480446225607941,0.0732116278062954,0.302674701177134,0.53359767738335,0.644727043422189,0.279661435267347,0.235542912796612,0.232063117811479,0.247152685514336,0.0010709484141192,0.17769550403741,0.366782435141398,0.17961801568869,0.215564194184038,0.680679406130997,0.650204914101508,0.0773099848834118,6,0.294017869737144
725,0.436563484109465,0.552949978509287,8.27004485181533e-05,0.794858668049758,0.0771514920337041,3.77011053683236e-06,0.0654489869954087,0.394612654004458,0.299545296218087,0.727495352761927,0.682234233821036,0.871815079074846,0.33575137514405,0.0737653518443001,0.439373001676853,0.00030305628819158,0.102792379438887,0.265426002999374,0.275076605862695,0.82982172474892,0.624613217298383,0.08111423000346,28,0.3104114387332
726,0.542960951416103,0.690065453454302,0.442712581860062,0.56893368425263,0.0422926923310361,0.0311024419357552,0.0430587947784287,0.836323708882132,0.354046876020384,0.951297455363545,0.180433781116545,0.396574108466972,0.547074815446568,0.159180613433879,0.649585157906721,0.00030305628819158,0.405314130637231,0.231650870689309,0.306778846429186,0.721802057542535,0.640896098671441,0.146245931764583,14,6.59723176294938e-05
727,0.292248236663513,0.41041589893339,0.653705198849488,0.900516376207204,0.0320309524985574,0.008414744756477,0.0795480013716154,0.516118871043452,0.636639671321062,0.312143286617844,0.146885203536599,0.149703406243446,0.0867143320426328,0.080927413390181,0.286424590858576,0.149744654834372,0.220157560709031,0.40970191106971,0.206708957159969,0.73541796610653,0.772650848140852,0.201706444537807,24,0.335845812800729
728,0.559887804665192,0.739480355425323,0.00769042775365503,0.885925062786427,0.0836992649938134,0.0542130599620265,0.0498209145686573,0.701309458348151,0.308796495584029,0.61953949988621,0.326861219730012,0.337856116188873,0.249888838218288,0.444504034244519,0.318197822177985,0.00030305628819158,0.380385783471399,0.281287079736132,0.182822636790973,0.718254879079098,0.716928941657061,0.118633696753789,17,0.217711248056196
729,0.171351681947022,0.346878901192877,0.576925265205813,0.862133799457397,0.0565194748557014,0.0670779689568386,0.0842271002635618,0.51071081198825,0.817919192179853,0.570890009885058,0.00020573198659345,0.530837955811847,0.142906582524879,7.76303646992892e-05,0.597683793142057,0.0679200229047452,0.498621169880735,0.332530633752285,0.282898825154186,0.664655063346462,0.890972449063797,0.158838893322227,13,0.767380914395257
730,0.575626031619156,0.679579123000872,0.194002997263546,0.999996276009004,0.0467722122460638,0.0862080530354744,0.112018922608909,0.920084004792239,0.751321510264177,0.463888074055596,0.0259648510843142,0.177206022571279,4.64802905591205e-05,0.307769802917737,0.366354418666043,0.161098804801824,3.55416661011986e-06,0.479431176459341,0.19344857858855,0.615635848196732,0.788734511503752,0.0214422981799425,18,6.59723176294938e-05
731,0.751899332975466,0.772240463553817,0.219042270194941,0.681681551263051,0.0694818326007967,0.0860807846065247,0.10402131771249,0.721420272696575,0.560229524109685,0.448245295763167,0.026292901434284,0.150748096814644,0.301791728108033,0.40629507425511,0.131672370687476,0.122429967439519,0.26674315821187,0.256015156320506,0.215187003559639,0.635901934591821,0.876312741831126,0.0935790856266913,19,0.537390934355413
732,0.496797865644445,0.517312318518919,0.570192323388921,0.750935918477324,0.041962821133595,0.104188237109193,0.0775062067923314,0.691049614233454,0.420755802093864,0.576236048955666,0.326985627257599,0.358094718690168,0.144554076273882,0.290535588045635,0.292771864946825,0.216954324845206,0.33886732953014,0.24350647081997,0.283855425587098,0.500013466963832,0.757958721687872,0.14581212681873,29,0.999297207634302
733,0.402302486971118,0.472273043855178,0.16320838587356,0.566911892652774,0.0743453524610841,0.0879819362213657,0.0785266504091356,9.12367616361007e-05,0.556860128434648,0.725986189814726,0.379497414573145,0.29735279383066,0.049783115097511,0.449899085687863,0.437339712526504,0.364444913220547,0.400059651692706,0.213747637042042,0.298610605611515,0.800372298179663,0.863369420048321,0.164967896367072,3,0.63872109829365
734,0.647533796397384,0.489500459633467,8.27004485181533e-05,0.722932904986204,0.0851144522848105,0.0846760086883788,0.0284798408086119,0.869549539580535,0.588755665368828,0.999928297183826,0.651614066277616,0.267018064042985,4.64802905591205e-05,0.761862620076257,0.344723551599486,0.264492595809485,0.498473652225004,0.121004653037169,0.277825159145837,0.777590317372199,0.962045712124463,0.102944688306973,3,0.899231640704899
735,0.615433440894884,0.659489680703172,0.527418979848132,0.745924817328086,0.0550152570900031,3.77011053683236e-06,0.0846574779190531,0.0308067423998757,0.352648153320232,0.788278136844427,0.308750195426336,0.283617619406334,0.228390682364625,0.150424844434872,0.446564900425959,0.175758391709274,0.0455859942731158,0.499992012141552,0.333337248800033,0.770697333035692,0.623741077210772,0.159633710953192,14,0.670938192244889
736,0.57755564542916,0.505875285662217,0.390238169462045,0.906860545286674,0.0604130539065495,0.0752291194975371,0.0660017200738456,0.999640291173093,0.999854110333847,0.999928297183826,0.177692093054589,0.432280593621365,0.0774174244165897,0.449131711676884,0.139755523717306,0.00030305628819158,0.18736278104733,0.10248592578806,0.282161074699796,0.503193081046679,0.892375568837724,6.79376821854385e-05,25,0.393861548959447
737,0.459965173077977,0.0273133509014879,0.127015760823787,0.659376218927852,0.0412529780865524,0.0470343937065085,0.00942473778707788,0.0194018709999111,0.920252945409298,0.758905147817201,0.188194262511353,0.248955637047735,0.0515697539183639,0.585655244501296,0.21077367311418,0.382990273872654,0.499858107997852,0.211275512598617,0.42945271335862,0.80850914170732,0.874209350813258,0.171328837164435,13,0.357161804991739
738,0.707692924818834,0.171647321773656,0.584556729734628,0.718944971612058,0.00436958985998614,0.0600463779046211,0.0466938502447938,0.430846789128697,0.754643198941793,0.571291927838803,0.0723286709062548,0.263110379967238,0.299809313415145,7.76303646992892e-05,0.00019440235718619,0.270589586898301,0.481393741109278,0.349919656620858,0.262238781469849,0.87858614814727,0.58089814973561,0.214344184362177,23,0.427137774588191
739,0.507038846862609,0.779419150635532,0.181568471508858,0.500063357459616,0.0570404043845938,0.111709102009879,0.0814950290149838,0.231879739542429,0.632208137410606,0.63655197854337,0.715323138889873,0.431464724131248,0.403536932501937,0.473831613711462,0.379185076236435,0.221481479757382,0.326458316667675,0.219796368474918,0.274109911609072,0.893044532431719,0.884703969779851,0.162762656263283,5,0.227889090022575
740,0.56194340102833,0.326402357085654,0.378181429407494,0.582543458249332,0.0703807875278757,0.0594507364285499,0.026123168166205,0.243645085675698,0.0455654358546608,0.979178593341534,0.672823128465738,0.372819317173189,0.210466465134472,0.0131843672303681,0.777025846524678,0.219549451856555,0.407113869843228,0.19499227491336,0.402877407957299,0.796406790973716,0.584540750560717,0.1085871839266,10,0.521453844428852
741,0.211716304489818,0.0165392745929241,8.27004485181533e-05,0.691807995666999,0.101784250549113,0.0472510753434015,0.0823160806366073,0.00775476085565929,0.614727002733806,0.625238397930054,0.824817275590455,0.262226936263918,4.64802905591205e-05,0.347311782230085,0.563177733473148,0.197561281950922,0.238157899640032,0.0989275823204419,0.0423967067412677,0.64113467137369,0.701370937944395,0.190124716208962,18,0.82110794154402
742,0.521949891136306,0.516032094435772,8.27004485181533e-05,0.500063357459616,0.0535822234846255,0.0474778398438052,0.0935028782790745,0.113034331292121,1.96226454502903e-05,0.423625557566863,0.962367981113643,0.394896557163323,0.207676725950201,0.0983029633081118,0.4234183251656,0.425056695098252,0.374723094833519,0.366385555905304,0.245853195760235,0.695957376441807,0.77219076783754,0.249984006138382,17,0.547825817509599
743,0.999852021087501,0.624452025672905,0.534959997635138,0.729299827393734,0.0887162148967201,0.0439224220874704,0.0513675466712716,0.546447084576979,0.649251356048111,0.752113097062455,0.334333130232489,0.0001280288233119,0.0902036887716142,0.621179721408961,0.571560467155644,0.232154197651543,0.277158603463373,0.308338555344119,0.398295582838431,0.782575111034035,0.813671667094609,0.100430883676379,3,0.22985198154233
744,0.442810420072821,0.646673579497798,0.332431532258006,0.729863323061926,0.0522438404271903,0.0603583408264314,0.0185843231503806,0.180155133059827,0.229061713211682,0.763319126031591,0.405507691523064,0.241217732939498,0.0150662318472646,0.41763066626118,0.606283635878729,0.247081903105803,0.470815665990749,0.140884619616785,0.204893522829117,0.676649131317681,0.787792915036515,0.106995484748357,5,0.70512394740844
745,0.610416757006809,0.631060957361452,0.596935151393636,0.684453567500938,0.0357481109943678,0.059422289653646,0.0374860607406243,0.505677480084713,0.75296111722157,0.365871581928474,0.511231731704543,0.118252288573128,0.324088251812226,0.165118403562636,0.453504077606487,0.472091991161493,0.387409847004746,0.321686809505687,0.383643703004248,0.867929673042077,0.744589363474925,0.249984006138382,4,6.59723176294938e-05
746,0.70919376686682,0.672068565938196,0.879177159095155,0.784163372380835,2.69250937448815e-06,0.0459171718361109,0.00322845422751374,0.999640291173093,0.999854110333847,0.356374038719064,0.00840884411084591,0.199712713519457,0.287003604165038,0.24153296171339,0.00019440235718619,0.229783839376541,0.0584128640449573,0.209596048901814,0.346478428151944,0.599481079357986,0.897900398955315,0.186881838792193,25,0.348518818674075
747,0.999852021087501,0.719561625648905,0.703740508391314,0.513991791407094,0.0790342845412788,0.0272754581978634,2.35846800701693e-05,0.728929959056072,0.608118221501803,0.843211438567012,0.345145114236451,0.0798350159724482,0.139400727419619,0.46085550536317,0.655754962308379,0.243254739665218,0.499858107997852,0.344350411593115,0.210451991566051,0.769725719943941,0.861424454987931,0.0419276118494998,14,0.61367347205052
748,0.999852021087501,0.774348716310827,0.280449913953007,0.500063357459616,0.0684056791601824,0.0898332181815994,0.00530974576186567,0.559627947590338,0.137122450893519,0.400899976738433,0.322062143928938,0.0001280288233119,0.275397458739696,0.315233297897562,0.129382976037409,0.102540834776185,0.17356675967796,0.239822464119028,0.229491089687429,0.679423436138675,0.65069203843094,0.143562389705609,16,0.633836345771416
749,0.345703336299724,0.363255504080336,0.8392654524217,0.84654072300672,0.0570347828804176,3.77011053683236e-06,0.0942006555872237,0.803886795824929,0.595668552761825,0.47289142578765,0.540271926382008,0.133761637148525,0.351944825604246,0.129468976938938,0.00019440235718619,0.199789125517167,0.31660229355215,0.380135520817204,0.364223478719628,0.648257284974773,0.512984005783136,0.228450038805222,22,0.654415759762182
750,0.434378291270655,0.385996072184947,0.572445082371873,0.954520792153557,0.0915461634274089,0.0657233651903319,0.0846641890642176,0.838227710780289,0.62208825670782,0.300065075070453,0.172507748256947,0.138739396351098,0.185700986361163,0.109614040237844,0.344941744742107,0.00030305628819158,0.318894129060955,0.357795475805366,0.0219901766700958,0.785871280008166,0.500132491014102,0.0793131883486013,14,0.534530158618809
751,0.876014749899201,0.453426367844775,0.770917565224656,0.81696608125393,0.0689305538192963,0.0635128938279113,0.071535182612863,0.868021474807914,0.999854110333847,0.66081362340288,0.00020573198659345,0.0001280288233119,0.127261143607102,0.569230720605323,0.330592685535727,0.248895464376113,0.223686261948179,0.295051602624022,0.222973458539901,0.615652473844286,0.746042107504519,0.00827985748794907,20,0.321241966169884
752,0.582531059540336,0.383281114747564,8.27004485181533e-05,0.877550100042459,0.112564189145655,0.0925627402652734,0.0637809015747262,0.817944121020311,0.58823835199384,0.440200366593339,0.391035186989076,0.0584652712942514,0.105591480928301,0.333126292146884,0.443849656681021,0.111539560922564,0.268754944803119,0.00560855729542914,0.125831909321286,0.511705610314887,0.822281632735596,0.00412912331692898,30,0.514390201673562
753,0.210696679990002,0.979274507403919,0.67948273424066,0.913857301508976,0.0628315600135833,0.0111718704022023,0.0987476550174635,0.805721007076928,0.73779164191874,0.723543861021223,0.113113977910816,0.368264661727262,0.484695887881985,0.0678606418627441,0.238984535297664,0.0475458444235533,0.227856735847332,0.215121101944367,0.00742429122706822,0.567735593779732,0.659570291959239,0.0618001824412454,23,0.205332647819852
754,0.999852021087501,0.888648076370066,0.779108782886318,0.698906401172412,0.0249552084419183,0.0620089108181482,0.0345043260751444,0.999640291173093,0.649769003513904,0.308805190893704,0.145350468709254,0.0001280288233119,0.0816952327143812,0.318798360931929,0.00019440235718619,0.411823456112034,0.209536519131373,0.404070930809079,0.371308130537842,0.923742945291657,0.745549107996404,0.109900405560372,10,0.393122429225612
755,0.21115575367636,0.359819958722211,0.488051695887718,0.736813492482094,0.0171475648718404,0.0469232946197862,0.0831026036457244,0.0993237499031612,0.124129097903303,0.397421132759942,0.104237289432442,0.1935005736716,0.173050963015281,7.76303646992892e-05,0.55062166427451,0.393812723466313,0.416175169514475,0.313107180186364,0.167466850860596,0.574266972511737,0.703474502808152,0.16803769184615,18,0.0328829380042481
756,0.18030702414218,0.206526181245709,0.660322939501098,0.702923367671515,0.0471334545909195,0.0105962248943284,0.0116016023318149,0.474440194161079,0.295017771430289,0.00025019704848527,0.367856080434553,0.413680118658687,0.332576354735009,0.13494305468063,0.107320828652084,0.382801381021677,0.44141405331827,0.257608479609368,0.499559855764972,0.820307625763488,0.682445309939277,0.0839708452962895,20,0.0391940513578701
757,0.00021768103810027,0.367949968759517,0.448648471976831,0.682921074978244,0.0455901490438952,0.0736773566432114,0.0820490329166203,0.641752949857149,0.544470593483932,0.616369963029588,0.192072677469799,0.489452516469348,0.155260436276299,0.478637969417678,0.759072128190216,0.128654855740299,0.337357078680278,0.00023429425927461,0.236070896988141,0.600638536501447,0.999975606664492,0.125018427393516,19,0.721688673366212
758,0.309414361982738,0.875196276105776,0.367658090800553,0.63880217876632,0.100047788528457,0.0787205656279115,0.114405988515492,0.798711688337943,0.336683563450563,0.113224395304764,0.136036739887022,0.0400142485164465,0.287450268552425,0.504316555746585,0.00019440235718619,0.281883284002091,0.260945289192025,0.257127554452374,1.47106448851991e-05,0.716631937145111,0.824962555953861,0.0941480138237026,21,0.999297207634302
759,0.832540184267199,0.329513142402194,8.27004485181533e-05,0.500063357459616,0.0746811817220698,0.119998732919027,0.0337043114803518,0.162016601711535,0.320061261434949,0.417366825178593,0.535071430942054,0.344695340836186,0.154612295792644,0.192685638598509,0.783019280262524,0.387111150067443,0.261554569989115,0.300969090562063,0.417683695828159,0.771221329516497,0.870320940687593,0.155888664015538,20,0.553209949903112
760,0.536552088720367,0.348253630394345,0.696565348156361,0.732648997271189,0.0547755326112171,0.0801889509641253,0.0551963861224814,0.921758733791119,0.740510204708998,0.7412109626624,0.226572371498766,0.186958726543816,0.00887791629603216,0.354562877620552,0.32897543976907,0.0386225931817899,0.315928928420357,0.212530512435596,0.447034215402057,0.630866213896538,0.733536256148259,0.037730272881798,7,0.719453171230914
761,0.282481663109498,0.183984995506552,0.256787862290803,0.73060537420858,0.0496862050005558,0.0585740055465599,0.0831668868372408,0.26144275451792,0.901057795985539,0.618549595018195,0.0242911778416044,0.329488399587246,0.295037440596891,0.128728115205953,0.316424013572684,0.107129219873536,0.270966133442397,0.216551543935198,0.275012589603859,0.75468092083145,0.647461050216032,0.108446863782409,26,0.525534189340692
762,0.505763938637024,0.149863260798654,0.268994263021374,0.851064103865548,0.0210155031136907,0.0183733405983146,2.35846800701693e-05,9.12367616361007e-05,0.524515601079639,0.68873165801641,0.00020573198659345,0.260849021411475,0.0566110343531839,0.206984001305286,0.38226889351576,0.138552965970013,0.466353933503967,0.419617224609671,0.329530116838328,0.727887581437287,0.661631323706174,0.119026082918145,24,0.475572752417642
763,0.464815952626801,0.999963109878346,8.27004485181533e-05,0.567326739790826,0.0736060432077132,0.0230949026498918,0.0395858177361779,0.697509506353672,0.570289894368913,0.492258960139394,0.51580926721792,0.828512492002695,0.424496517722386,0.0606484090656735,0.254065433239227,0.129610051649408,0.274680275155143,0.305931450692022,0.265896400090288,0.834332277114695,0.821035246046166,0.151509077501617,24,0.231443153172038
764,0.988330607360036,0.362244755647534,0.337464980617543,0.930528082369524,0.0629884190258313,0.041830984218139,0.014348885606293,0.603513264428517,0.241222399338525,0.782470041966312,0.42151226238222,0.0001280288233119,4.64802905591205e-05,0.390978268614694,0.00019440235718619,0.00030305628819158,0.499858107997852,0.499992012141552,0.0815382073030219,0.875615900977064,0.500132491014102,0.108424029599636,13,0.0738725394683249
765,0.612966975464101,0.83648702493587,0.063561202032941,0.707404677881255,0.0485834994886211,0.0521610138923471,2.35846800701693e-05,0.62436299267926,0.625800308762032,0.822166318150501,0.417708542881774,0.574096783660113,0.295312236216043,0.783888527908064,0.853529572061132,0.00030305628819158,0.123056595752687,0.068034230260102,0.466441867199712,0.500013466963832,0.897724664857396,0.0997574689019171,14,0.765688044998501
766,0.418379728718005,0.213350693633226,0.150494577225756,0.791815144277784,0.118257006270302,0.0765337924819844,0.0803295091723496,0.452706260449394,0.449420376975598,0.403217808726257,0.132027040235266,0.0632155685274506,0.246661305876254,0.498637765258846,0.573872337397021,0.229763789131406,0.499858107997852,0.417908515791325,0.21308498639458,0.764207092890498,0.830333519346656,0.196498821548913,20,0.69758681684098
767,0.540816498629071,0.103256726927497,0.0899364524512656,0.868340549916556,0.060267944465767,0.0277110316186271,0.0880187108560855,0.431924664881412,0.818062355098358,0.507315041329231,0.42093650223397,0.398557916325206,0.257669148697317,0.0317028236686368,0.300114008155713,0.00030305628819158,0.363135359007005,0.42845255183256,0.132460400671295,0.999953931943418,0.500132491014102,0.185634830738398,13,6.59723176294938e-05
768,0.727191097175036,0.747889385200129,0.606823433473109,0.744475484366571,0.0502413473987352,0.0414466483633351,0.0473070815800404,0.815806044366883,0.492189915065756,0.568270597907755,0.0293917318025737,0.158334249504211,0.0337069335557306,0.398555422224409,0.0731507489894015,0.196542268824576,0.0946922935719404,0.293334004599623,0.499559855764972,0.668048969009316,0.999975606664492,0.088137941767723,18,0.630689502826017
769,0.783132237609702,7.64295788737945e-05,0.560146766395802,0.735886642384391,0.0388548656297509,0.117192181966242,0.0684293815120531,0.254349288629736,0.867151899617973,0.845156898357008,0.0193872484093076,0.0001280288233119,0.174300930397586,0.36027400809813,0.431845489997478,0.150076820196234,0.413163787597629,0.33859054102647,0.33224653960804,0.624113587778874,0.638718829584559,0.0727439978275542,18,0.76835975993471
770,0.415879083656148,0.53579495764226,0.407125792044545,0.500063357459616,0.0961283470038277,0.0927423688769142,0.0451049663062891,0.540571631180037,0.926854902541372,0.985253122060332,0.577589405893138,0.47468968830281,0.319354445363071,0.617287299003824,0.466092901855515,0.238041237050637,0.275613807777474,0.164348374804972,0.454534023231434,0.663760872956482,0.999975606664492,0.209883976653298,7,0.999297207634302
771,0.575180133760995,0.127799416507269,8.27004485181533e-05,0.84196610655421,0.0833352739438181,0.119998732919027,0.0877584486682989,0.642240225036786,0.351576763080894,0.149943468952341,0.286579336646224,0.214460902633036,4.64802905591205e-05,0.442635709683836,0.398617228682981,0.0675460605210382,0.181414735215978,0.43423290351663,0.189073058382207,0.525553298084718,0.730630827433826,0.0959115546298478,24,0.656105537972471
772,0.437700345568926,0.560999781367835,0.455208502117472,0.752897637416634,0.0619136733435752,0.000117216749616907,0.0472108498722394,0.999640291173093,0.374612522854449,0.999928297183826,0.198024385469187,0.424289268718893,0.269228589291538,0.39562970302254,0.464809074462427,0.00030305628819158,0.497808665494158,0.0999763930496133,0.307544692228573,0.88889900025796,0.740765521331745,0.036389049600773,18,0.764369239326558
773,0.729942942538886,0.0152745172836528,8.27004485181533e-05,0.549994437407031,0.0193029342597008,0.0206235989660924,0.00484623229764992,0.445609970736393,0.574690817409967,0.930926717217882,0.699041964827354,0.3442824653507,4.64802905591205e-05,7.76303646992892e-05,0.604925127289258,0.490422345003428,0.309298544379257,0.284989382242386,0.334001846541405,0.974049309692415,0.768889330153435,0.249626289476318,10,0.551826724741609
774,0.524483617746977,0.548248891614211,0.70784030833181,0.790474577587351,0.0277341207134773,0.0388163459079599,0.0260843161304622,0.458686777730747,0.560691591592149,0.999229016427215,0.320242915548919,0.453787359501841,0.0891379665846275,0.244502588616145,0.714479989072908,0.315786487516288,0.348801570786627,0.428211953553434,0.348161520204891,0.500013466963832,0.953560075276015,0.215890191599997,10,0.443305683073396
775,0.479250266427306,0.420672488545173,0.382294354662509,0.699245194685494,0.047318282690926,0.104839633378753,0.032134672558653,0.207918736716985,0.64445032627163,0.41865795911279,0.51988944797847,0.261713604921775,0.0607381755224494,0.0199232873842089,0.406465448411886,0.224237026568724,0.0750977369143305,0.245438224005838,0.156630569661849,0.719969301361148,0.720733511685845,0.210625609158981,13,0.206415927607142
776,0.652451145134611,0.167710534478006,0.220945123459245,0.829166283417523,0.0743386388069988,0.0943280361227944,0.0851141668683063,0.598049536074678,0.578582767691047,0.591523946322404,0.190274910781974,0.2088264835143,0.153194946204625,0.288033375371516,0.49402229124463,0.00030305628819158,0.310232231567227,0.254457133377069,0.195029877193122,0.887714738282428,0.511209506709745,0.137043143332086,18,0.728321108349756
777,0.244954529659277,0.153079798242739,8.27004485181533e-05,0.80457894789681,0.0618393152275883,0.0975713067314167,0.0228634201907248,0.135362161951458,0.69004065395955,0.695674565048139,0.329285032685912,0.655550065392343,0.157385203969857,0.184856454219525,0.538211144353511,0.0995611954144724,0.356624606190433,0.11256556801459,0.129811352100462,0.756649296156166,0.806965129430418,0.11195092752007,20,0.292461390814283
778,0.475189411984654,0.78525608013067,0.325986892422872,0.689964906990168,0.0989998160373705,0.110556808112487,0.10371814423723,0.561388410903632,0.464665458588989,0.422602832537485,0.744054753608471,0.158718175408605,0.0109346778488185,0.200206502656036,0.356464325757945,0.029517419466364,0.42832586499248,0.21656714303125,1.47106448851991e-05,0.715731788843109,0.580871714134402,0.0767091531699264,5,0.73375783529944
779,0.080741417202194,7.64295788737945e-05,0.286698596433148,0.761080862721126,0.0135940640419901,0.0676612948828291,0.0244174040043423,0.407704818662289,0.999854110333847,0.842391935849298,0.332949233240983,0.519233496631562,0.0315750413213691,0.458396765280644,0.339448692380014,0.399113947343506,0.307949850666915,0.152874606481546,0.160483808738543,0.801655084224938,0.944613926212601,0.161049301279683,11,0.605745182575975
780,0.537894663793141,0.784997667580096,8.27004485181533e-05,0.83232292575469,0.119957540288265,0.0730127076011562,0.0574207354808968,0.522100306412259,1.96226454502903e-05,0.805949452426351,0.639529720877968,0.432327269598782,0.253135680314599,0.643411244870215,0.758216139020834,0.00030305628819158,0.439828094191761,0.241315638692237,0.410468037982436,0.903578678516567,0.746113191853967,0.0501028703846618,9,0.607764704862265
781,0.631437039644746,0.568675007117776,8.27004485181533e-05,0.708380499899871,0.0967561157332731,0.0683266140056431,0.0548468875865678,0.387117576929502,0.500979077540479,0.569256930565161,0.68506408160597,0.541499288319302,0.14136317823538,0.332426560575422,0.255189900736719,0.172855450222586,0.249711525980998,0.199341811468481,0.322651230346866,0.674310281951969,0.905636255131053,0.179742715715048,20,0.742494670763039
782,0.340318402840799,0.322975298885119,0.536138388245699,0.78179307425546,0.0191930932151464,0.0281833043162623,0.0331782596061882,0.821451223155209,0.574514396438036,0.669750739742716,0.206158684087583,0.278333940219923,0.144253325234786,0.317861855589741,0.105116038297094,0.294932474277989,0.12103369023811,0.389526170151827,0.174141378329086,0.803634375128766,0.792635209787912,0.113425255178642,16,0.618851624269589
783,0.632363991394364,0.422778825894248,0.258567991992192,0.746891621886183,0.0280575917035449,0.0468542367818077,0.0575006879512859,0.28910522123018,0.857518508366815,0.746175186472455,0.542328257337221,0.566623071314599,0.137016361616292,7.76303646992892e-05,0.170346794790155,0.217369121242537,0.0924700488203876,0.303548481687034,0.385892388944742,0.644599273036284,0.625790617778954,0.173940540601661,11,0.423173545068038
784,0.380448685161662,0.419635154162776,0.253557533684094,0.807168425231362,0.0850037191441613,0.0551924817629448,0.0876596368635659,0.0913737006336335,0.934407167358234,0.930264742311906,0.00020573198659345,0.214108490456915,4.64802905591205e-05,0.317495914063596,0.0155010251365119,0.192178479276074,0.477046565534603,0.262731243398816,0.118757965664099,0.918469931836187,0.829149971331774,0.0772139165372206,15,0.827114623607756
785,0.610503358353549,0.495813653102566,0.58168535428789,0.752788460017255,0.0471161083612179,0.0624793185347674,0.0380627304617429,0.76550085990878,0.375964518577316,0.529810284087755,0.00020573198659345,0.371967378907348,0.261558736360448,7.76303646992892e-05,0.0824133513798022,0.214781987236423,0.111937094118788,0.423950968273433,1.47106448851991e-05,0.789024492701307,0.6064389073239,0.0153180856718389,15,0.962506274352883
786,0.661516607479112,0.471106389200444,8.27004485181533e-05,0.614543977281576,0.107860266408976,0.11335656424653,0.0708712348060585,0.941361389276401,0.709687390854569,0.696440331207624,0.247473925072024,0.337627525886356,0.0616380681266212,0.499543974073708,0.555963254530223,0.0581217651431757,0.270981500268517,0.110927315307525,0.108738200451824,0.731085987884104,0.908971904476797,6.79376821854385e-05,25,0.999297207634302
787,0.871012734153928,0.533193270959526,8.27004485181533e-05,0.739679171665625,0.069326118838366,0.059365354636008,0.0603681502492595,0.319359494455541,0.382878297880078,0.764900883337358,0.699946195126986,0.247399984142316,0.239412722475399,0.391154509774934,0.853907112833847,0.16540871184488,0.222831186370776,0.272817382049894,0.317756517405155,0.794465764358915,0.69372890628789,0.0754276927686961,15,0.0543995467292256
788,0.724304197132374,0.619737704996525,0.203898717468733,0.500063357459616,0.0661946179378134,0.0549793005917504,0.0139600294445836,0.103012804014466,0.375362462881841,0.80335587496307,0.999795092571648,0.421575840484167,0.387970743922136,0.112565571407864,0.77808092141695,0.322608737692998,0.479960209443236,0.1070903589019,0.236009796631745,0.999953931943418,0.760508673303724,0.249984006138382,7,0.523641065700334
789,0.00021768103810027,0.180948076727253,0.870661340779351,0.898178581248473,0.0318356220315986,3.77011053683236e-06,0.00315091918713296,0.766214888226416,0.896449520245609,0.580578366358728,0.00020573198659345,0.286106091936692,0.349419105506374,0.235100083326316,0.109881180616624,0.118199874928888,0.211117375377464,0.169364084337499,0.130500711240077,0.770946557128478,0.571315928350058,0.0731947351555793,23,0.595138118600878
790,0.694297492870644,0.560520414773702,0.187439823170535,0.642426894033434,0.071511548417669,0.119998732919027,0.0977395690265432,0.568006315546135,0.390840442392635,0.505275978666251,0.273290859368545,0.206319658379084,0.230608605247076,0.266829781819359,0.455747239320841,0.183238817939728,0.499858107997852,0.182392081550469,0.0920263115125534,0.673014504276674,0.778327566855054,0.131295875880532,14,0.499269945272522
791,0.563272597589762,0.335717820418935,0.0151232436569361,0.704126965150893,0.0450644371873052,0.0447637315663842,0.0713461527559897,0.848599149607395,0.560605042915234,0.94647583651275,0.43562183971549,0.338723780344314,0.198508369247344,0.307302053425973,0.441511371583768,0.0655719034159888,0.354285387342402,0.324100012441511,0.134805051358937,0.6603549334696,0.857324033454509,0.189676001304736,13,0.574898018673967
792,0.658720960487918,0.849461140975979,0.0546042993737736,0.655991523334841,0.0458827941681906,0.0828455936585216,0.0860214577001745,0.677282047099382,0.468607134006164,0.471122889954744,0.778978876199474,0.518904189911325,0.285817505437521,0.054582562841182,0.494730714662158,0.276311122412476,0.242677159313446,0.499992012141552,0.30600133276114,0.761997780936924,0.79137103716941,0.195004479431999,17,0.213239712202725
793,0.390507306001453,0.359351901362226,0.586110208571084,0.637016650317362,0.0614934333882245,0.0484846049860381,0.0718606611607986,0.926112019158768,0.715443416620606,0.71792454395599,0.00020573198659345,0.442413691731034,0.595357379569357,0.259119973902976,0.460475042451427,0.122815412391485,0.305973114527741,0.320323735754586,0.387443985478456,0.583185698726789,0.724045800980138,0.135135204104941,30,0.999297207634302
794,0.591681039296369,0.0347778350714631,0.369562413972337,0.677879828970001,0.00307637214711399,0.0162446098463036,0.03497433360673,0.610437960877166,0.594314108842891,0.916607161955499,0.311107226414058,0.501686756600161,4.64802905591205e-05,0.158764063255834,0.486898922682567,0.28394301548538,0.152443690248832,0.268875355635441,0.290692938844499,0.646644220792165,0.911376739196285,0.239984232227555,21,0.999297207634302
795,0.308393836489713,0.591324193842161,0.564788852199801,0.600309413751034,0.028783931578177,0.0132646685199017,0.0216827672797098,0.845762247483942,0.27541429361419,0.279408194082398,0.500471387943721,0.543808879487941,0.36444390229647,7.76303646992892e-05,0.00019440235718619,0.270036996748536,0.390450585004431,0.365777169075629,0.499559855764972,0.604430527588587,0.601786883557444,0.173937570239002,24,0.18665190739296
796,0.560941004833135,0.304144355698718,0.375164837604185,0.809568364395755,0.0997429179328607,0.0570234413038611,0.0561093256278076,0.355793747214337,0.260308112937307,0.499734236689124,0.395091860825493,0.117324900687126,0.113779266070744,0.370177415544,0.925282570859866,0.0885775328237354,0.31368569683715,0.327453409101948,0.268891001155365,0.967411275930124,0.655501577326898,0.0826627219907117,9,0.606473006726939
797,0.735612189738452,0.364255810166027,0.0762990759517855,0.659970392730062,0.0481023587890583,0.0271438903792471,0.0292102296378135,0.160790969439179,0.604197148416278,0.999928297183826,0.733108907157452,0.465237556538546,4.64802905591205e-05,0.237445587022975,0.528690085581316,0.242702430898795,0.141972549313893,0.366520167431731,0.296997782073472,0.999582353481912,0.845675124640428,0.237418500570592,5,0.434930174273456
798,0.27523236762514,0.624695258878908,0.238630527494479,0.788228948508886,0.0721867981035996,3.77011053683236e-06,0.119995094177388,9.12367616361007e-05,0.153765670444404,0.546747234389011,0.213218472710561,0.171271128140495,0.336440651593597,0.212772921967297,0.301289672543501,0.00030305628819158,0.46257284768915,0.382266680756696,0.0864127494027156,0.898615119211422,0.500132491014102,0.0972753303412727,10,6.59723176294938e-05
799,0.383693358852887,0.252828030914558,0.613365547326756,0.816072058778018,0.0809890153653265,0.0255191731059597,0.0192578428486655,0.689667269513451,0.513057692079925,0.153212384380438,0.408079427127907,0.0001280288233119,0.279334684959716,0.692205239741873,0.266418471529903,0.191306140709227,0.132936847330588,0.241378495437053,0.357687182415658,0.622103923235628,0.764610396533195,0.116346011902781,24,0.709308423163172
800,0.30638749563099,0.609920623145008,0.976082478819957,0.803686667572195,0.0152435393157964,0.0610258546356943,0.0646948311851571,0.69667903549801,0.608907779991656,0.701760710898584,0.00020573198659345,0.117350865137909,0.252032416284599,0.155084204938979,0.00019440235718619,0.223080684880081,0.0872054108085941,0.224732621762476,0.359214540672307,0.61601775195066,0.724446115760653,0.116684876745881,19,0.709695535565057
801,0.446291888779043,0.874928812497769,0.248156212189998,0.64752644919549,0.0433726046785981,0.0393279259556219,0.119995094177388,0.758661920554327,1.96226454502903e-05,0.454402057576863,0.313186726684744,0.0693905413253957,0.55129287518229,0.326280504253522,0.14062411656336,0.0785408498745295,0.382454134380659,0.234120291835018,0.269754728469463,0.757542679946818,0.500132491014102,0.0578340071354519,12,0.198251893790053
802,0.899613146759601,0.372517752037492,0.770259882048073,0.773493110524045,0.0559383874725293,0.0241533772316423,0.0583752801666934,0.763402072039261,0.273647455723204,0.669466730591459,0.173859331578222,0.0001280288233119,4.64802905591205e-05,0.286543391149673,0.448588331775537,0.203984054996087,0.418620523843806,0.499992012141552,0.149686853542803,0.9282117267254,0.914528498068476,0.187352048709568,7,0.133318964581103
803,0.820741274071229,0.717156378825159,0.447139584320315,0.801432867674937,0.047405678159182,3.77011053683236e-06,2.35846800701693e-05,0.798721748998627,0.367591180126362,0.601244033841168,0.645718518399343,0.284368869445212,0.248615416662903,0.148647702467389,0.00019440235718619,0.401819657400411,0.210093238775668,0.301939439499378,0.39930755210837,0.922383412569415,0.60761746004741,0.119770090617311,16,0.690537314364999
804,0.776369450324639,0.217153087878553,8.27004485181533e-05,0.631309778860182,0.0964039641296219,0.0646291634620638,0.0496242054543308,0.0738140399260415,0.169023211249388,0.999928297183826,0.720201702184103,0.487869306270308,4.64802905591205e-05,0.341626490828413,0.567394417283848,0.199709410160541,0.464731266218855,0.343154020326327,0.372601673952986,0.926213771917481,0.889797996708547,0.161317693594794,9,0.75701681789677
805,0.981126459688473,0.918667546272798,0.511889127035735,0.757071971913248,0.0576562349589931,3.77011053683236e-06,2.35846800701693e-05,0.603110842805602,0.24672185642689,0.350851642033881,0.425316117846951,0.17133646014957,4.64802905591205e-05,0.0445208090215743,0.353030101765478,0.215607618419972,0.259354270011627,0.316431402540924,0.146967367530578,0.819408635259824,0.746594797472953,0.095484390036197,23,0.162849984562926
806,0.255920963288185,0.652133882138513,8.27004485181533e-05,0.810043207771874,0.0813760951529683,0.0234833356072247,0.0263974253774148,0.242263052419918,0.417540963468051,0.727048318335363,0.575476146976531,0.7545211570464,0.0321988713791851,0.0331081867889186,0.577545657095274,0.131733247124607,0.33340558016516,0.283280386635433,0.132453777058764,0.735131547188408,0.71311341712367,0.0267117138491135,11,0.146780223737694
807,0.69303781395082,0.507214298077549,0.184081589717161,0.753086496728474,0.0584753396105895,0.0395516910037667,0.0321019044787916,0.279948373523716,0.560331067293469,0.831436487826486,0.100095753663384,0.514435870578696,0.0149926371270615,0.225234373455464,0.718128584175956,0.0923346631730062,0.0922341155473403,0.428685807890092,0.255206094364198,0.834336922734865,0.999975606664492,0.13090804175196,19,0.649806084516481
808,0.759804395522237,0.755733447901982,0.574714926969177,0.744165979548056,0.0601684401147982,0.0273149269897311,0.0674343072827062,0.8228399161207,0.649628851301097,0.727991657036231,0.294246777589529,0.401750707179163,0.263717364560328,0.1451134375814,0.264037576042619,0.0332945280050899,0.499858107997852,0.0636475462464206,0.431477136494928,0.763478876607959,0.753205248464979,0.0660264670221466,16,0.603129391054187
809,0.120203166366906,0.453357940561729,0.108353799791223,0.667847711730815,0.0323060485246643,0.000802671213808323,0.0171937882140904,0.852831701630806,0.228448445738612,0.759382809570994,0.453631092803826,0.804268854392216,0.496701710392948,0.315198139608379,0.00758072112427677,0.166621836290174,0.221337747968078,0.238883601791153,0.457639686710762,0.600439786090944,0.837754430706806,0.205469060832168,30,0.699773289915746
810,0.621918676857282,0.101627206887538,0.838900143441286,0.535934737803955,2.69250937448815e-06,0.0354541950881729,0.0273625749653487,0.287482122141228,0.799851635242933,0.845115454957467,0.00020573198659345,0.266038355157363,0.359875015986174,0.284061112629193,0.520349685786774,0.38146882090824,0.390529432997673,0.357540135245668,0.496689951487979,0.999953931943418,0.772418996474423,0.249984006138382,10,0.999297207634302
811,0.858113599353491,0.486109162186632,0.466294925473531,0.814047338267541,0.0610075717641527,0.0288047387460055,0.0470586579535414,0.564117059605466,0.438313563168858,0.999928297183826,0.118486819495975,0.0001280288233119,0.0901282964048422,0.563720119157515,0.428999744352611,0.218924006583983,0.37304951675625,0.339844474950334,0.203545870221863,0.87102209551409,0.651179989089749,0.161292228371139,14,0.285375173425405
812,0.363176605253509,0.977034770074237,8.27004485181533e-05,0.651335728631436,0.11791123319274,0.0890958483802889,0.118449627737061,0.196474234308512,0.138610918765413,0.933976664985153,0.6031444226633,0.598177256356861,0.297189030593093,0.3560132273172,0.801686901821478,0.00030305628819158,0.281345666759382,0.143153382445309,0.252918801877244,0.71303906443,0.694692689037717,0.0285844698516663,14,0.177695642948267
813,0.44391758338022,0.668813789899068,0.319847570101039,0.886020067903119,0.0859217027298587,0.0432405344541511,2.35846800701693e-05,0.37712544856205,0.288931218282485,0.613701081836261,0.407081305556184,0.281267011195322,0.170257173965552,0.505419472586533,0.170234810762703,0.101488403692635,0.137664232252,0.136352407938715,0.144272445246002,0.809525328949222,0.634424274729914,0.0330189524919618,13,0.565872309313779
814,0.784793478406299,0.909228367140178,0.387633558062702,0.72380781497965,0.0463950371891288,0.0267521438910375,0.0571388805048179,0.777362097536244,0.532527157927364,0.89850713696092,0.469062276558608,0.44777484574483,0.00718103883605503,0.133779461054544,0.00019440235718619,0.251535053542842,0.121256719225692,0.430250995033931,0.375383858115194,0.759427762232411,0.826359903119006,0.168715203325816,9,0.986973441091252
815,0.436201148915382,0.543091736272818,0.310859060988498,0.667080193489821,0.0624621615562588,3.77011053683236e-06,0.0456262179407429,0.438688584758135,0.689458326999085,0.738757355522186,0.543156985309905,0.559424548616202,0.256066244381624,0.0344092105711165,0.39289109823193,0.109366613312484,0.448132433562779,0.0374077630420522,0.29943913911453,0.911752159756126,0.761860984697197,0.146982290163746,19,0.259518097228725
816,0.182776799330867,0.498701395581234,0.149007190173136,0.879955498113029,0.0943872174586884,0.0678954805480519,0.101353965853362,0.1834114207471,0.371591921088726,0.518394676306533,0.359597427857216,0.212025847879534,0.200031348776066,0.571808694046488,0.327078862296899,0.117001337070802,0.269902914381282,0.446433522128145,0.187125418335847,0.740436669243459,0.595545459769786,0.0808084159099979,3,0.601865168374182
817,0.0918915225990866,0.233095774556881,0.408639257580885,0.73310282418509,0.0839857592055816,0.021186805596036,2.35846800701693e-05,0.47743578245325,0.482133877885022,0.488132668247404,0.304182384791221,0.551520085534716,0.12132555878053,0.20330603486238,0.482695389020721,0.0848413543331168,0.406549265034392,0.16968558835678,0.432352861876666,0.733203919147084,0.755527829018234,0.100264802021826,17,0.845756612299979
818,0.580182356241313,0.243714285912703,0.434524415517913,0.846171676635429,0.0442956206042448,0.0405029438355479,0.0166059063906721,0.999640291173093,0.999854110333847,0.509950113382504,0.312393286485214,0.396561047818856,0.152860430032201,0.249636602307882,0.502793584405504,0.218023299949722,0.185867514466749,0.38600058248464,0.367400668758517,0.734808967637552,0.866361242423733,0.15488668034763,12,0.0363621176418982
819,0.434744426480826,0.545073233873365,0.27193585907684,0.880009180336239,0.0401130807857732,0.0265367702327518,0.0764784761300634,0.438235745724854,0.340629911617111,0.624983759340009,0.623454161400858,0.483532057878482,0.217988917195745,7.76303646992892e-05,0.461215200117664,0.192847559500543,0.108270551917604,0.320503932590795,0.368004079571512,0.795001700162879,0.500132491014102,0.115698346478641,24,0.22659067258444
820,0.14187543188372,0.0929193872009462,8.27004485181533e-05,0.618367148566497,0.0757030208872762,0.0597398355091863,0.0798321908099518,0.133916876849209,0.043028796659916,0.472890847499182,0.776502103224126,0.607367185496285,0.120686316540458,0.28898935528311,0.620943323205229,0.0080526313293689,0.32200182151521,0.315105204653347,0.451194186348766,0.999953931943418,0.783551307871229,0.201966549987049,15,0.399938296464628
821,0.591424575611077,0.346478662279945,0.504198820129394,0.604362948153037,0.0761073823760405,0.103344792844506,0.100192904273201,0.667002998020157,0.455517171772422,0.507362406526123,0.00020573198659345,0.0001280288233119,4.64802905591205e-05,0.569873495162658,0.442038858005202,0.0499778804872303,0.475923783016003,0.177030003500689,1.47106448851991e-05,0.760129032328833,0.739139756842439,0.00740038615393752,8,0.688105770571948
822,0.353974942941179,0.535618020380204,0.150160235553562,0.500063357459616,0.119957540288265,0.0471397396745247,0.103804422966994,0.200621382618145,0.260909151609111,0.741693260611398,0.434754402673264,0.201422977602775,0.25283260537793,0.629226794854725,0.994866001229442,0.00030305628819158,0.499858107997852,0.0720386049136742,0.289398204381574,0.941442667481577,0.758938222680325,0.0346560009047999,4,0.408650641906398
823,0.328234966247538,7.64295788737945e-05,0.377226030011416,0.789777611719878,0.0240872601505006,0.0384701682327249,0.0237493396082416,0.635439606894093,0.636128889017604,0.526167683384328,0.276268282549994,0.444966107035825,0.255781009867726,0.13927147343554,0.00019440235718619,0.325107076508231,0.493163154027667,0.319606969305377,0.178497911745513,0.880522056806521,0.733202569783496,0.206912870599406,25,0.482932100603988
824,0.55426987228244,0.322677573180819,0.322984882064903,0.593958169345555,0.00516586563748762,0.102076850739467,0.0399350534570742,0.679487115733801,0.75521552824462,0.999928297183826,0.00020573198659345,0.647609302971149,0.350123226470709,0.0506100694189666,0.496426361782732,0.0850627037121882,0.342837006855438,0.244188541911775,0.35748355973923,0.718517073832112,0.881609407480831,0.187414434730039,18,0.77231211673613
825,0.598420124244779,0.58231429464999,0.35087358267847,0.500063357459616,0.0243825684362514,0.0710333174632871,0.0769253259194754,0.508715613333113,0.0754790333607948,0.898126154956235,0.189400542152734,0.414897607929556,0.328520950740833,0.433729942463646,0.197812591485951,0.175091682435111,0.419878416373359,0.46436453903518,0.44668245097624,0.86819304002057,0.931333860190809,0.214371419301276,8,0.669329991023382
826,0.0558178403750004,0.357304497431458,8.27004485181533e-05,0.781993991658866,0.0841577062517654,0.0438573506164714,0.0740866701225929,0.707549333290022,0.258144515872523,0.609417466636765,0.236496102115679,0.634014993828765,0.491417465000663,0.365805195790807,0.346263583002436,0.00030305628819158,0.430100458882017,0.356070164720205,0.221162640316534,0.741519627750337,0.776643247583757,0.205094955561951,25,0.170985477640314
827,0.270430791645991,0.687888071360655,0.595389824017046,0.662533165305273,0.0837191313033265,0.0289821562758308,0.0836662765420463,0.999640291173093,0.568480044042728,0.752157642982522,0.268271673258674,0.232695902273631,0.290059220892501,0.318721689859246,0.116863368234834,0.0743639622245731,0.35319769797489,0.268612900372223,0.296395949278533,0.62100045983066,0.737687005493259,0.0970236782555286,22,0.409609356482889
828,0.386065922738774,0.451502568528745,0.646689637106132,0.84503564190642,0.0147609215714041,0.0370191764473199,0.043021027357315,0.684916180965319,0.217713182529871,0.36731739032454,0.530081767657022,0.438494348522322,0.304849151696362,0.142865171060211,0.00019440235718619,0.378845461547807,3.55416661011986e-06,0.499992012141552,0.499559855764972,0.631369962739436,0.60617993010869,0.179868618039332,23,0.999297207634302
829,0.569700823673437,0.635236511020332,0.469115096598043,0.726366787570318,0.0831715425632695,0.0395532889682585,0.119995094177388,0.944586041136615,1.96226454502903e-05,0.165679414717439,0.064670130440179,0.0001280288233119,0.448228247697487,0.693053227486153,0.00019440235718619,0.00030305628819158,0.0582807281054603,0.499992012141552,0.302557654299628,0.791259103941331,0.538112262357666,0.077238988834525,24,0.849748234789404
830,0.566439199365048,0.819254618308416,0.307537742258048,0.502516242605131,0.0660200627797978,0.0982068044718837,0.10474074854441,0.675731858420165,0.50132585788895,0.504042767743554,0.421625383615856,0.28138965187641,0.371244326868647,0.320509125896824,0.15151491374651,0.119444070302369,0.33713871734991,0.219948815819413,0.183678211049113,0.500013466963832,0.683609811755699,0.072078100721388,20,0.538575763408766
831,0.326275382570251,0.0244909960001045,8.27004485181533e-05,0.684136466970047,0.0473987625569907,0.0755830616057239,0.0850092544435445,0.399957230567185,0.204741164547127,0.148194641684481,0.464274906334458,0.337279649819654,0.161168841162908,0.221629608552589,0.330446455247458,0.0112980715636812,3.55416661011986e-06,0.357625214227786,0.192019306235487,0.690442138892255,0.693195457127395,0.203832723186838,30,0.919633488421802
832,0.161802505872908,0.0112704504964,8.27004485181533e-05,0.809168513965432,0.0561180615686223,0.0631647744340844,0.0696488816139248,0.0296183823610479,0.500319704466635,0.734216285716536,0.79796748812133,0.648488871635704,4.64802905591205e-05,0.347659585611639,0.68105059682762,0.013751426537537,0.296484320374504,0.126130060790824,0.302671198407373,0.685863249874531,0.837078555291964,0.249984006138382,23,0.798577765138379
833,0.917498107908933,0.318677312208495,0.238269186644532,0.61931024494763,0.0566694594654926,0.0548305947882021,0.0942187328926394,0.596924452654237,0.378678220253543,0.885634180032463,0.467277478967005,0.165421900504536,0.109037161036925,0.302070249616469,0.0982884134591199,0.224870271493264,0.394400296097371,0.414385095570405,0.305285522215518,0.715993551327567,0.63109067421682,0.166151959617166,16,0.692203412899505
834,0.476439902841246,0.727940014365321,0.877251704923016,0.892965761564186,0.0395078616945339,3.77011053683236e-06,0.0870709637850878,0.75950982636608,0.12430756659826,0.564637215844539,0.34990178776829,0.257755738833038,0.300920583698159,0.336680237145422,0.228107457497585,0.0452589911254726,0.197038913225926,0.350330920865818,0.362139548671727,0.651856518859779,0.58408327149426,0.0716019988639745,15,0.290515397100585
835,0.674721239709487,0.396213315077966,0.605761967804464,0.656452289088611,0.0673220029392062,0.0409087988483691,0.111715909960343,0.48318367753194,0.710662616708041,0.837195349369682,0.0207617242606448,0.0249919393417816,0.332677866103681,0.696093750359086,0.224869827061686,0.31555895929424,0.416871597596074,0.345570691995225,0.266455790838041,0.94872003945565,0.881557960130409,0.206842267811683,6,0.709700856100467
836,0.636432138717268,0.525002326140648,0.425729225702891,0.840376121162756,0.0627480272975168,3.77011053683236e-06,0.053451887442108,0.816268050825532,0.692391184963499,0.493566923008942,0.586286365195306,0.147882973381562,0.133752303967635,0.290240334685977,0.00019440235718619,0.32416249279226,0.0568231694380356,0.243380276993918,0.345411207209086,0.711315110000828,0.704651479138729,0.0934520845503658,29,0.528921392777908
837,0.805635201593098,0.627884495791901,8.27004485181533e-05,0.722256026300978,0.0989314038689168,0.0650158821113734,0.0729732926940226,0.999640291173093,0.44270865568955,0.869968723308016,0.331196085459292,0.389324853771547,0.0281548956891992,0.60356584284781,0.660723502528142,0.121148337337585,0.0429401738423503,0.319084660889778,0.133438675309991,0.893478462303867,0.943939976161797,0.0379494179817618,13,0.763547746435407
838,0.543800977388234,0.307038229258432,0.315535377542887,0.852812112334952,0.0498542996303245,0.0522882911643208,0.0415718909020709,0.754355597566377,0.762221906416751,0.741704255598857,0.429488529110137,0.400615801302463,0.121346126123687,0.193931539685395,0.460754154692717,0.0678090088435108,0.357764212800817,0.256511432450865,0.319181853830036,0.866990989123951,0.948980318576627,0.229716416896075,19,0.327539602516948
839,0.433658609092956,0.389943198386434,0.467854643557558,0.632654341652303,0.0300966573036955,0.105066511029612,0.0649256181861825,0.982573812263981,0.702081964252806,0.213077984534163,0.500574994309997,0.0723918576573879,0.209963777215811,0.215777504952138,0.00019440235718619,0.340936401063973,0.169986816797177,0.0574206864854871,0.159094557500724,0.598421131703841,0.682490730614662,0.199777084296405,20,0.999297207634302
840,0.376708250707186,0.183605088051925,0.198757192448553,0.833120036809649,0.0718585990428737,0.0538765316711761,0.0483654067527974,0.435346357660186,0.481916592587359,0.388929779327881,0.126430244761828,0.289199571758846,0.131292285230717,0.658140433110116,0.301669335162756,0.0634147892610079,0.135631304215131,0.499992012141552,0.293482210564633,0.603037105359364,0.97453265694285,0.249984006138382,14,0.725404967963409
841,0.502511135567212,0.734483462567366,8.27004485181533e-05,0.571980056742334,0.1128442085689,0.0392460078356707,0.0786569465495469,9.12367616361007e-05,0.15367596257923,0.845251632636757,0.500300809766476,0.332979012246546,0.201612827082489,0.558452872570245,0.999991596603808,0.188856193830895,0.334620377358617,0.0437563482628142,0.129502332185248,0.620236331639989,0.854186744463422,0.124102248762259,9,0.473212672359909
842,0.951168508639654,0.704746299756868,0.0617748243711709,0.627395601704173,0.0393509567793153,0.119087107843327,0.0702736545404255,0.87381862401054,0.300805346856503,0.370292376364459,0.242172078110778,0.26403209277776,0.136002726857933,0.177447000839247,0.144433324701984,0.260873702898565,0.290892181045659,0.438007027539349,0.137972150573763,0.655287276805636,0.831916338837159,0.137044074770594,16,0.621303149894771
843,0.523436014170572,0.227430103782331,0.903729426199501,0.857439533203002,0.0311503231613352,0.0406718547433732,2.35846800701693e-05,0.620824183656367,0.999854110333847,0.497839772187589,0.00020573198659345,0.150841773468325,0.279140344641937,0.0953294544800976,0.125066133423431,0.199313714168688,0.158428441427381,0.32402260756946,0.268578610857159,0.735746906218864,0.579081940286084,0.089710789379279,23,0.276826509889835
844,0.349475129015133,0.400348085427543,0.498572590643786,0.863491447380608,0.0145736364996316,0.0896103162829135,0.072519071208854,0.865584086335216,0.79851172459482,0.629003028675056,0.102113209593649,0.66828559714368,0.319403227787761,7.76303646992892e-05,0.59250929328965,0.0541852423912477,3.55416661011986e-06,0.456338255878259,0.455721325530991,0.566489085442943,0.672241776179303,0.0959123465257255,27,0.752231358045094
845,0.647961132799828,0.326775927048723,0.466377736037565,0.648106261024272,0.037809751927221,0.097370479269157,0.0467759605976132,0.592164726412933,0.579094544002314,0.718449680763422,0.536350742048049,0.381439092984033,0.0599027310603324,0.0342707231552696,0.567816375023193,0.198552795682384,0.31920631866438,0.476116128822631,0.222360043953934,0.887620384141795,0.722550967606602,0.175888791758722,14,0.0484401154449434
846,0.286244406991735,0.279227545062075,0.646671506904415,0.855058542507084,0.00583448359069866,3.77011053683236e-06,0.0207752109661498,0.0695120436023174,0.420819245024562,0.704005347869975,0.00020573198659345,0.273180896723609,0.21763378395524,0.0527158935064091,0.00019440235718619,0.24654121726003,0.33834450272393,0.499992012141552,0.242029159165554,0.999953931943418,0.51481221965544,0.0365111213872812,9,6.59723176294938e-05
847,0.551925679108506,0.396070983361334,0.660583840795468,0.856886717845506,0.0071965334413339,0.0562179443009025,0.0563766011555262,0.328080513131865,0.527961097070388,0.671082063189367,0.0581479586284262,0.115188682059586,0.150868737220342,0.0931388035511226,0.203306924111496,0.143284695914817,0.326403078317282,0.314306720677496,0.402542649417559,0.742002757541968,0.693563395335788,0.153847442196511,3,0.309490862123673
848,0.63458814696767,0.398667954484467,0.0982085973190994,0.721352560298773,0.0681254029508159,0.0440616719564602,0.0180911778475641,9.12367616361007e-05,0.291736908054805,0.501362813864989,0.371274493958648,0.217915257576295,0.302530681247958,0.291587204522858,0.593615458173199,0.224259205370928,0.445033746493797,0.473919778507481,0.139893272524392,0.819298756704457,0.598943574235993,0.179279184772694,15,0.220302822231342
849,0.332124591084229,0.275464144812586,8.27004485181533e-05,0.595430597669282,0.106671962768313,0.0461965692124256,0.0484262832546318,0.526516215250052,1.96226454502903e-05,0.0943711069757333,0.715940704165434,0.159194790486604,0.195220648846517,0.299638221935124,0.42291627898552,0.325289078274356,0.0491900611171748,0.147572635020761,0.115687157994669,0.866943405045595,0.692357707076424,0.157862895702339,24,0.740009235070647
850,0.702959550761588,0.622301627449544,0.556406942175821,0.78715624997442,0.058167668415105,0.0446395748622294,0.0264387784441489,0.720220261434013,0.800268243364889,0.900536836963178,0.304082834572504,0.416374679554078,0.264782602078892,7.76303646992892e-05,0.285782879413411,0.111610423304705,0.45073690100429,0.267725766256216,0.175440452063819,0.711925485036691,0.58954391014106,6.79376821854385e-05,6,0.20528057755203
851,0.167731276853563,0.574191713181914,8.27004485181533e-05,0.59157822851095,0.119340394291293,0.088166208640863,0.0562684111691847,0.369732948454386,0.150092869388804,0.487602799873919,0.631174878043825,0.674790942866314,0.337063752904393,0.518614345236298,0.491397174204837,0.0785842800595136,0.499858107997852,0.0610381053652976,0.228394229012972,0.617982323459188,0.902339382972273,0.182019138818855,18,0.537515995967744
852,0.185074573905041,0.288706350111556,0.293877273712643,0.738943339080825,0.045077253892363,0.0935729082397725,0.0990576303891692,0.411847591928494,0.704519411263589,0.547970494213973,0.552168546510949,0.412031675624912,0.288773822465728,0.218187747201246,0.626077908935619,0.0677590474203187,0.0357616933439908,0.25648425203392,0.23577905196857,0.869861094062186,0.615614256295698,0.155048162766584,13,0.493763488741009
853,0.857865645535365,0.320978482691675,0.26126591708252,0.572074504635194,0.074286296276973,0.11022216796079,0.119995094177388,0.563263333979221,0.376461851544903,0.824802863659482,0.285832677635867,0.0001280288233119,0.0279508530332409,0.635040656287124,0.719518989442197,0.216887359906498,0.321582936270306,0.250555006593357,0.251250176897895,0.999953931943418,0.817262623901398,0.107319384762832,3,0.852106710233719
854,0.674934102873481,0.522415765023994,0.129931413042535,0.621413503339355,0.0520186143713498,0.100893676131383,0.0173554531389794,0.616453185186217,0.455543690276588,0.53429414696847,0.254114913640131,0.207104455661511,0.269782706593506,0.20265877570574,0.0510237579205003,0.22329803161009,0.168218512812934,0.206288297634118,0.394332643063757,0.632958403970444,0.769727714023061,0.0306068508113568,22,0.800255791700897
855,0.27775908405889,0.416004438136166,0.343522265453045,0.590984254863877,0.0385245016065046,0.0553902438152492,0.0477702794462112,0.398650853859194,0.508783133344458,0.436316454672919,0.88210425700921,0.462110405030396,0.0777490386999488,0.266609582026802,0.442476715179555,0.464343910212704,0.260882083356692,0.26038563227066,0.257474920815506,0.914199987652569,0.92090695727816,0.203138635811757,18,0.791203334884705
856,0.789405913945261,0.00424554658745369,0.329791816619016,0.576859325366674,0.0363558259165679,0.0682562481518228,0.0325869950565432,0.614075797221671,0.792987148570545,0.672353046522062,0.00020573198659345,0.15819284464226,0.178887643990229,0.297668537452733,0.326035127556347,0.3540798916265,0.35982968599401,0.209280354283419,0.254480771561658,0.85163864735128,0.94924570786557,0.149296969207497,22,0.917494705397737
857,0.613599689252605,0.436353169499932,0.370337215546235,0.700863583199231,0.0675600255025003,0.050374866375444,0.0299510677139075,0.372076836306118,0.403675863114645,0.514755380209608,0.28306916288534,0.353698143559596,0.425588717341786,0.0197238573036161,0.482147758083213,0.156557850649586,0.179933514673708,0.358267733003755,0.306172549783118,0.741251462480632,0.595745806090002,0.0560156170714933,18,0.952866777430344
858,0.764950787738367,0.662600089062979,0.420801851658502,0.747663555668523,0.0609470052575038,0.0493212879877356,0.0238315280923961,0.425255411937534,0.709978744476958,0.999928297183826,0.178663981973362,0.353277202408299,0.213019597245583,0.345736900139259,0.626148539446869,0.0282323239330102,0.269971722257326,0.223625133441931,0.368904439809332,0.707466075466592,0.795422639723281,6.79376821854385e-05,10,0.137706556688725
859,0.878105245326405,0.56172624210573,0.579035126717656,0.54215383977752,0.0411942358831329,0.00138624451872633,0.00950305084574414,0.454574882749933,0.329642963721193,0.582781411085573,0.534557378152584,0.170921648153558,0.255338135418415,0.0417419813541189,0.225645723104268,0.346943021463579,0.318392817836932,0.283830604553336,0.299874078093895,0.999953931943418,0.631253097164456,0.138957476003135,10,0.409776597231285
860,0.463269918248353,0.288031103390786,0.441155514059629,0.619981064926155,0.026746148752344,0.0603311624616628,0.0631434495394926,0.758070095923908,0.999854110333847,0.334774618035725,0.0361848970533272,0.726951179713163,0.385051334247473,7.76303646992892e-05,0.00019440235718619,0.235130431835104,0.130273370228427,0.415104535979035,0.477262571719911,0.686053915683055,0.978693488881639,0.21306771138162,26,0.780152996779991
861,0.711876615767221,0.732753679120817,0.319068010703625,0.700177974732278,0.0960448723228917,0.0621680995792966,2.35846800701693e-05,0.864814583502861,1.96226454502903e-05,0.654667134181491,0.317954897084067,0.205202524430293,0.0558695123042303,0.427976412994833,0.351420372109472,0.112594313648319,0.246818907333364,0.210317523771137,0.339820360841696,0.83802047452949,0.833385167747833,0.0386745645667168,14,0.852953768659521
862,0.505200728395185,0.353335233037235,0.721049089937796,0.560705944529022,0.0218512367192868,0.0254012642440876,0.0543249177284267,0.999640291173093,0.999854110333847,0.89039717311397,0.217482698196456,0.544611803688814,0.34952242652754,7.76303646992892e-05,0.620385571758386,0.109967565555716,0.197363677881404,0.00023429425927461,0.377019642791942,0.798380861148811,0.769931919056066,0.0156779827749553,26,0.793682713739598
863,0.503692008757882,0.609131479027669,0.611011948353174,0.692199905516962,0.00999347567343448,0.100228549851718,0.0497696272977926,0.634492823389271,0.693084274551473,0.704766861142529,0.0627270719666452,0.151886631431191,0.271614966900217,0.367670470383521,0.00019440235718619,0.415032785101683,0.288097544060588,0.237161285245647,0.360648533428849,0.811427768359194,0.851523452902202,6.79376821854385e-05,11,0.476283429302875
864,0.894666302268782,0.469061083940601,0.708702781417035,0.721162629439633,0.0196662154143338,0.0606088820788779,0.0327570189928575,0.978127201554973,0.856981101535887,0.325147210786164,0.0857625964487754,0.279207126229781,0.575883471827336,7.76303646992892e-05,0.00019440235718619,0.285148041076458,0.0982522491935773,0.366496791892364,0.499559855764972,0.744446397770801,0.502980108131792,0.0867291114557366,30,0.704345425424837
865,0.483151742653935,0.36587757757658,0.593963800178523,0.999996276009004,0.0444507196619251,0.0756470024510526,0.116853546628987,0.83280993435913,0.265838354572222,0.370983700930726,0.0997373742209441,0.202193047447586,0.109446521499403,0.321240053349612,0.486031648595369,0.00030305628819158,0.376658424197008,0.472661886301951,0.294812002500289,0.617413867910695,0.599399637596804,0.239332991044872,13,0.131188706477281
866,0.445153079810999,0.537713644186676,0.826584475658192,0.707377376694015,0.0098705516292038,0.0655496590859613,0.0464853862567221,9.12367616361007e-05,0.700044118942522,0.827412075704665,0.00020573198659345,0.318267786715101,0.254650612989898,7.76303646992892e-05,0.655866279317132,0.258772945784029,0.238093992467059,0.32102525720596,0.298695090934878,0.793544928716778,0.71736539631805,0.0792786723303681,10,0.430878695677452
867,0.249548892007507,0.399594353980934,0.568761616610233,0.517389292423061,0.0408506655154185,0.0832312907552737,0.100856480849993,0.0854199794889496,0.777366778338088,0.574488711904375,0.483412353102371,0.329286130941618,0.209969935323565,0.0159348570119419,0.472153154205045,0.240442714422868,0.361398820569137,0.0624640847694629,0.473235669533101,0.585708596282833,0.758934259986478,0.166596176223105,21,0.689385836666873
868,0.723138125178294,0.563545849987707,0.471242596030621,0.595133828170506,0.0665582625781893,0.0703167079183829,0.0182363935420909,0.848246379973916,0.634906167135098,0.378139745421909,0.298978132392386,0.267761391108774,0.0646744142699323,0.277616920517381,0.334655784066576,0.400094448723947,0.265591696556133,0.469174957973103,0.336498672178876,0.814632948906661,0.875619000517451,0.115244093126458,16,0.952432891422061
869,0.743707052826823,0.574943768945385,0.99998713443117,0.713005363920538,0.02503792087539,0.0482189566032332,0.0885987346682958,0.999640291173093,0.775893550568658,0.503243465527581,0.00020573198659345,0.0001280288233119,0.230095185497206,0.184015429555541,0.137888281342852,0.114118294246212,0.145242185112807,0.361948023935827,0.239431372706748,0.809530250489106,0.733471646797633,0.064063176172014,13,0.864969160063989
870,0.772384491602902,0.408757253083122,0.680583359125178,0.804578923898157,0.060987598191171,0.0351382595439555,0.0388006104797258,0.516976088311214,0.0514437880867427,0.490235970356847,0.22918589726792,0.0001280288233119,0.0746125740838386,0.441031425963271,0.321998990097042,0.209731900174262,0.0868350993555557,0.422342605641003,0.30474657127344,0.723474988868013,0.618821050461805,0.0697009096258225,3,0.821995250610185
871,0.373117584625327,0.438196392269615,8.27004485181533e-05,0.815433411655704,0.105890743888191,0.0513700902249639,0.063871565605878,0.250809722274973,0.683149201828411,0.342416681774983,0.823065354532368,0.461756255327055,0.140379897829525,0.311091879161147,0.475833136806345,0.265612130091341,0.266477869716244,0.386458802575802,0.208293900136911,0.999953931943418,0.689327580735509,0.039099574882476,13,0.283183462844609
872,0.708088756603725,0.599706298115694,0.465626970880999,0.83589560821377,0.0660305127193345,0.0245777865815433,0.046246248839333,0.537575080554351,0.52494190322377,0.500188055745127,0.0715514542549372,0.276108354157947,0.0293299223575632,0.294052958288579,0.472159721683994,0.176086623408784,0.379930090019369,0.406313259359797,0.258500694699507,0.815959437613585,0.999975606664492,0.12818525525679,15,0.206143829084906
873,0.183990469790985,0.740342707308608,0.23740641560174,0.59663199423614,0.0305709562396155,0.049298029396143,0.0741189379396382,0.682839419021969,0.999854110333847,0.970315750477793,0.158119436372688,0.674164307910772,0.637312458434645,0.377418152306173,0.243549584609125,0.00030305628819158,0.14006604544708,0.0187952429432183,0.266494474343756,0.534868115230396,0.846391414688212,0.110158211765883,29,0.283452927349365
874,0.846873987347035,0.504075369601996,0.321993355647995,0.591188243371635,0.0426644341599812,0.0927182433776076,2.35846800701693e-05,0.953192951369536,0.961732812291245,0.999928297183826,0.527549000641805,0.442387559152882,0.170624014102008,0.558474095474289,0.221292274254116,0.371646793705214,0.308265259569044,0.138091975536069,0.412618234042954,0.833332181147538,0.990633646830557,0.152530547435329,11,0.995353751018413
875,0.865450789918739,0.555187253796136,0.0626802238189806,0.651675577212907,0.0794732256795663,0.0493896979308129,0.101599159012245,0.700145120054258,0.999854110333847,0.769888711962044,0.383479546515258,0.209692519170683,0.408976736159845,0.470066373169504,0.588732909222152,0.0742978915271465,0.0725139202991371,0.0868789172414745,0.141224881797512,0.999953931943418,0.618676868554708,0.0880689082238209,18,0.685116863860748
876,0.184101278335973,7.64295788737945e-05,0.357068043708583,0.723920788158898,0.0440561163133792,0.0104818075482617,2.35846800701693e-05,0.180254529086684,0.87364457184195,0.490753553089802,0.325508461584918,0.523679310412217,0.263903634036472,7.76303646992892e-05,0.367873757113822,0.143599713456485,0.164674475335281,0.285642765419883,0.262410953879844,0.811905391085437,0.620470729498887,0.163964674940389,30,0.576051628927367
877,0.910894854022828,0.520406605156181,0.645041499649225,0.615317225192902,0.0434390793136528,0.0703049739969575,0.0706273570716783,0.685881081457519,0.976510984416207,0.999928297183826,0.0831774043215454,0.0822191741809417,0.0541425314222087,0.366465947425677,0.219823110356878,0.13079747018163,0.21997227399972,0.1763422575615,0.499559855764972,0.890638848804769,0.735046169525523,0.0930305953307269,17,0.598332454318395
878,0.3659240677557,0.501795051715074,0.565323523328754,0.731081289998501,0.0272773317284249,0.0247486880114986,0.0599897274461608,0.94590970851962,0.782074807034974,0.804904949614526,0.00020573198659345,0.408782432711809,0.532773391797585,0.152160725729752,0.00019440235718619,0.258618012483979,0.334240116642353,0.302971802862797,0.38816235115285,0.68235664068929,0.675730266886418,0.106369552064126,29,0.579252353526451
879,0.52339436490997,0.444696010571684,0.234090218629436,0.732964323955138,0.0465467924358054,0.0519526941738057,0.0815394464725205,9.12367616361007e-05,0.556854236878564,0.96490603120023,0.52243706524106,0.41695816680022,0.291098999630029,0.19510355429551,0.670203603285356,0.193675018989428,0.313150417092712,0.489078693175355,0.277282021063185,0.829778559096242,0.525609063467095,0.152501849473284,12,0.247854568527687
880,0.369697415041871,0.581899387827178,0.829150846178252,0.665903131215991,2.69250937448815e-06,0.0100852248498127,0.0730606614870212,0.424674390795832,0.65871295164917,0.999928297183826,0.195537455465071,0.618624062149585,0.334800654103564,7.76303646992892e-05,0.0789741035955141,0.299034449866869,0.28859337640658,0.230379095097297,0.499559855764972,0.894544972698341,0.645181464214425,0.191198050186729,9,0.30832020639585
881,0.444108471241593,0.574949830813379,0.10312419594048,0.689894272765546,0.0545833722901732,0.119998732919027,0.0468710565147784,0.999640291173093,0.172031957142371,0.355722303267384,0.394316581577171,0.536071340770552,0.430819151593828,7.76303646992892e-05,0.398264911873754,0.00030305628819158,0.253848488352059,0.00023429425927461,0.130165809370112,0.718287894947457,0.693335562849543,0.0381306582165284,30,0.352189806727414
882,0.471595144402338,0.339314426041615,8.27004485181533e-05,0.754106728284763,0.0977976148752346,0.0173597736278982,0.0665265563428405,0.349140920157656,0.455000826441889,0.685110155375799,0.505182109260772,0.268368442157542,0.0186125748553246,0.328780258550402,0.996833781126861,0.135509319440621,0.435818567853655,0.231525483637316,0.219319577969757,0.813338748328089,0.905318929875594,0.17009943359983,13,0.0944760568610875
883,0.167341762316373,0.412193102900667,0.309155192087552,0.864414738028383,0.00312400247050132,0.0339348235822159,0.0605916052296202,0.572726493359068,0.245649701159974,0.87319231335172,0.429933037262632,0.672568738049993,0.311685734414841,0.0324700773921609,0.131836678058887,0.00030305628819158,0.221683863956157,0.183995942571108,0.301007907264355,0.764614079996849,0.54769298459064,0.127751626769752,18,0.512676002676727
884,0.293054123464687,0.360079121912221,0.0865140777253011,0.824200433775688,0.0164488049416896,0.0165903955062089,0.067173125269653,0.121597852913169,0.628746960805469,0.999928297183826,0.369025585911323,0.710904811272523,0.0301238152801215,0.260178366994085,0.452165399886246,0.112318780300671,0.164256352036417,0.270446141161925,0.205230818254564,0.703318059476817,0.825629769006193,0.184742053437649,8,0.208047103947333
885,0.335355486220048,0.396639825414028,0.22861689312934,0.750236920399067,0.0572984387260478,0.119515411254853,0.0877943916905245,0.651257226693418,0.474337925003243,0.264565081851235,0.00020573198659345,0.250953871678283,0.432642130027279,0.182736374565723,0.575027896409184,0.0899378271020906,0.121250722839599,0.212315034123198,0.256453100504747,0.757927898671735,0.742968340675471,0.00453983179930763,26,0.919231958121816
886,0.499673973171148,0.207311839737455,0.107258927770731,0.741791696750904,0.0581077081776536,0.0483619614448207,0.0673891011921226,9.12367616361007e-05,0.557296972434397,0.999928297183826,0.584309356891835,0.256924817747255,0.0158493088495432,0.541931507276778,0.952717367718557,0.198230604952436,0.0367813769524192,0.249146657198778,0.329188532788354,0.651684536946032,0.776421379881581,0.0660599009383664,12,0.735572569967958
887,0.564532529681551,0.395534844209994,0.593438216799589,0.715831664394573,0.0808370051822525,0.025607102349868,0.052046908844308,0.547356021871576,0.55499323749873,0.852251280833246,0.187149810215989,0.218740158915315,0.162712382939234,7.76303646992892e-05,0.147487460163541,0.0905367250430742,0.412830137411991,0.0257669038835473,1.47106448851991e-05,0.742562148450149,0.500132491014102,0.0447921496165059,24,0.800272093722308
888,0.593514413259673,0.626517928898071,0.429595356916619,0.783353288188592,0.119957540288265,0.0847122760188302,0.0836384354570499,0.851300788412638,0.738851234780661,0.393897091434085,0.137125589674866,0.0989323047043929,4.64802905591205e-05,0.253941593579002,0.357598339446054,0.198294153200791,0.499858107997852,0.178347701346781,0.263938862047871,0.616088882533888,0.907095461305373,0.0274209389404305,7,0.327384369788731
889,0.621869440779449,0.496531158711882,0.0449195683031181,0.629533859126741,0.0761482090835985,0.0963415886802675,0.0758914274156241,0.232964671218374,0.602675341685645,0.340925866629505,0.498739046144308,0.336482983468532,4.64802905591205e-05,0.111807238739282,0.781041820370493,0.239361283990756,0.188839148022445,0.317978267859972,1.47106448851991e-05,0.956393587352943,0.641742123515814,0.100241407463964,10,0.394467399140953
890,0.42516901836208,0.612483380656554,0.235533250017778,0.757134413642282,0.0230046383295654,0.0856566738244769,0.119995094177388,0.639439501847635,0.713516505204467,0.653432096509397,0.493989182855977,0.771137605304325,0.345804831025051,0.019241018347189,0.676330025646129,0.00030305628819158,0.116614523194962,0.250025453132182,0.353027881639085,0.664350051186859,0.682935829359842,0.0820241637028705,30,0.0213524315397766
891,0.226197567798271,0.40596209586801,0.497733443863972,0.728148795478967,0.0733264221558559,0.0706098708159626,0.0669859443517427,0.827370611165231,0.787684034246487,0.355306574534666,0.375172434264118,0.416994762313726,0.273303757086435,7.76303646992892e-05,0.00019440235718619,0.186118043476465,0.361895752683319,0.00023429425927461,0.294658706597035,0.837900556426438,0.627488687746212,0.0379684968788811,21,0.540820520883705
892,0.855020091932356,0.66276519369447,0.546195895597969,0.764040501507487,0.06717232236213,0.0708603235187853,0.0587705781008894,0.872073860382752,0.396394096042325,0.577031765493894,0.0628246277074454,0.0001280288233119,0.23798623869838,0.397402298450499,0.48856553982116,0.00030305628819158,0.0617714325196898,0.268791955442172,0.0410813761234512,0.78651620829386,0.587462969730311,0.0724881287409909,13,0.999297207634302
893,0.811576568295902,0.0287944008945076,0.0991456183508087,0.574784327089549,0.0221713021955721,0.0357021797626198,2.35846800701693e-05,0.640208271889749,0.235230286051609,0.484147144624264,0.890713312068027,0.19644075264728,0.0473834007637523,0.300702336090994,0.369833452804503,0.289469591636172,0.259447183090927,0.208761183356785,0.377081792645076,0.906656429249082,0.77810920305667,0.249984006138382,9,0.557351981118443
894,0.636553445568047,0.310863659763322,0.594659262761691,0.890069350410527,0.0385111183712499,0.0360569468434549,0.0652226071414041,0.412572340788651,0.703684875293807,0.519007386972776,0.0228038813321239,0.013942456087684,4.64802905591205e-05,0.00712225237683067,0.267285396915272,0.167480865770365,0.310217066400403,0.247201552905836,0.0799292139415526,0.641547054363431,0.557555399169823,0.234520496650033,14,0.444000753358534
895,0.199373484957703,0.303973433434906,0.448262537132839,0.500063357459616,0.0228224049652511,0.0421011872672042,0.113978567851321,0.278830515608895,0.843456722977218,0.765175631487495,0.0798050403900691,0.295052414462422,0.492678678708073,0.0925701274875896,0.0991800508804229,0.178365765852942,0.268578364600899,0.169380397116949,0.221632681676636,0.957593760593901,0.620165079129124,0.156778996136478,15,0.0952251507072091
896,0.612833904716629,0.623022093719008,0.617001359372929,0.854190614817537,0.0747519121661126,0.0348167939082972,0.0623020054488421,9.12367616361007e-05,0.999854110333847,0.999928297183826,0.111279280274841,0.127261651690976,0.215405528890743,0.642345171973788,0.486394673154128,0.243304520998842,0.360822526920816,0.174403749335406,0.499559855764972,0.727715095313936,0.864251490395293,0.126253235493227,9,0.433890773718456
897,0.690261794995401,0.3524763177205,0.592488434040449,0.706720833040153,0.0582788616111252,0.0641861236228502,0.0842438439869864,0.182154693823063,0.43800119355939,0.457274618305135,0.230507412117009,0.185029033334624,0.0156460798943392,7.76303646992892e-05,0.401218261963446,0.256802769264336,0.270408798329069,0.351561447760026,0.195096987467041,0.797445368389233,0.661814351322343,0.165154772585651,15,0.833008824581024
898,0.716261539172888,0.228044478378819,0.0721357027706467,0.601346180845617,0.0471106257355998,0.0813399355735845,0.0350700030117976,0.263152539587134,0.287368526838873,0.378847687421555,0.555189360506829,0.304590793704163,0.175909672626347,0.243522815358413,0.0460396719380201,0.34600339534458,0.490409011145173,0.323321211695128,0.325408873485886,0.698480406366911,0.62175000024506,0.144368538907777,6,0.317918211878079
899,0.00021768103810027,0.322933444301954,0.287219096378768,0.773225847625809,0.0602505489531754,0.0167332800198846,0.0390773960868822,0.876432003191424,0.590146662794234,0.775970251395983,0.0792122628884654,0.556828037021866,0.462043104901596,0.303762831734906,0.59595147347558,0.00030305628819158,0.236901966004526,0.142421839972857,0.3326933779221,0.526276323803424,0.902366261826275,0.20197789243568,20,0.93752918648216
900,0.62114179272758,0.826541818569301,0.43003798910884,0.80551605436938,0.047593850625385,0.0618588584264624,0.0878266909423369,0.65499544222927,0.680638736236514,0.473142051620183,0.0694031415179019,0.370776408492828,0.382835850630234,0.178986657794961,0.584286923538844,0.00030305628819158,3.55416661011986e-06,0.127499787076033,0.122350843018676,0.617399127701642,0.571899746311803,0.084848754310003,15,0.435423158388781
901,0.639738511222999,0.455086412049395,0.891691160236468,0.537179996447402,2.69250937448815e-06,0.0714535710193939,0.0997220239637936,0.63959468672374,0.737190526461119,0.743476895783775,0.263616200682439,0.072657003096886,0.56362246157998,0.139406479327922,0.0983409460244249,0.223380134155402,0.0979011881063107,0.143593149954918,0.404950165295115,0.59042986791662,0.521072605646093,0.220405538756078,17,0.538081405512407
902,0.587741531344965,0.589696011686292,0.477526592686836,0.829855659475678,0.0647002937144311,0.0747664539953246,0.0634687106723109,0.863617309149062,0.483755625680367,0.268360974660727,0.0368465224746096,0.0155388102262906,0.316203807419946,0.209273890146422,0.249377678045494,0.0220787256530135,0.141501658945822,0.435427561506226,0.119845435261637,0.697006064006435,0.500132491014102,0.0387617907090939,23,0.368706857703555
903,0.636874863461796,0.395258196247373,0.241088098609426,0.854114621305971,0.0821303700086212,0.0838505342786544,0.0453287815587982,0.750030850983158,0.466053663566829,0.655814735479828,0.35210294769199,0.206027855617733,0.061432878774657,0.655651088439177,0.443833011447318,0.0328731700633006,3.55416661011986e-06,0.189305916886005,0.376922095268951,0.665519435433116,0.814360171966386,0.000179488711356132,22,0.95883687889587
904,0.937443163573567,0.698991234888996,0.703619122956696,0.762261324153796,0.0795242504221211,0.117595885791949,0.0609491582816634,0.830411336263961,0.256330515353101,0.502092267257539,0.495833742804772,0.0001280288233119,0.0460998827197175,0.601303820636283,0.525622067953927,0.186600793754402,0.260667964429381,0.190571204281859,0.247501296317971,0.696470199130823,0.747739553098497,0.0348674126249074,12,0.642721965603771
905,0.190754896624382,0.0528610731316934,0.901956432501349,0.500063357459616,2.69250937448815e-06,0.047542866813584,0.0169232507937698,0.371118091982553,0.936630771651296,0.866906505917783,0.00020573198659345,0.415158161340722,0.645227683127788,7.76303646992892e-05,0.00019440235718619,0.204927760586388,0.456727525684494,0.196839545095721,0.499559855764972,0.865464008276025,0.684227027605848,0.169611541322291,24,0.956221452970657
906,0.83646839946599,0.692619621707236,0.298599334259981,0.595358997686459,0.0464849692796513,3.77011053683236e-06,0.0627125144644183,0.693746394913295,0.174685116594229,0.946482183029658,0.556990466816468,0.33735538226923,0.183855055927043,0.139218592252522,0.387457238800154,0.324386230847638,0.42787767956437,0.370172889847205,0.17171627641783,0.900868695859883,0.687608162755255,0.217304393538181,5,0.207157334667452
907,0.734999671143057,0.129763601927727,0.524565433230113,0.835638352930839,0.0450661922038598,0.0337554209738887,0.0571718267240308,0.181160523701134,0.537084399480745,0.999928297183826,0.805725794243057,0.130113431831641,4.64802905591205e-05,0.435142012629314,0.767369218316609,0.25503343801438,0.380382112082225,0.215531211106694,0.356026090585634,0.706728875335966,0.719398866493706,0.212584791951061,3,0.236204629293095
908,0.763180075879521,0.424161652621772,8.27004485181533e-05,0.520736680831529,0.0929360588036487,0.119998732919027,0.052600348926792,0.722181963899082,0.480236356798508,0.29544116849781,0.922455707244372,0.0001280288233119,0.190049213728393,0.532843911908966,0.00019440235718619,0.43801908501034,0.141693321159255,0.113023215568656,0.247243010312315,0.911390147173977,0.62111038754814,0.0860630324185956,12,0.907754012912418
909,0.476699179394558,0.652204615831707,8.27004485181533e-05,0.681318582871527,0.0577062084645053,0.0832690349826671,0.0771272603947388,0.141408937981389,0.563164289063218,0.549396953543387,0.700308011701293,0.73741778437307,0.0797609429851975,0.0516061812241735,0.00019440235718619,0.17355596586625,0.135179200472805,0.2197565818105,0.441025067635849,0.630895256197193,0.722872915282566,0.207982558630925,19,0.226798032067517
910,0.999852021087501,0.529227207599085,0.414181408698472,0.637671308098476,0.0187548755360399,3.77011053683236e-06,0.0541794296057888,0.771713773401002,0.326164277189802,0.999928297183826,0.495700316168135,0.0739777464807118,0.234651415220771,0.567096601950769,0.228001466547959,0.323407293382222,0.362661686680654,0.455274151644186,0.499559855764972,0.999953931943418,0.796290945368087,0.151462334387113,6,0.158887477763426
911,0.509163998077104,0.0252697240375764,0.124541818712847,0.599720189561264,0.0420182591114168,0.0686110041366234,0.0305750281046426,0.520401326432153,0.795871292047525,0.903099576682677,0.235794274282756,0.451015051986702,0.10164665949968,7.76303646992892e-05,0.405905238197638,0.224770839942552,0.349131120621819,0.233074201186002,0.216671055392727,0.988857655310194,0.775851880988097,0.186414018136952,3,0.444277174525922
912,0.444264726046801,0.508698624182596,0.885793265958482,0.703826935731048,0.0576730799873914,0.0260786665043353,0.105677652983427,0.766353038178522,0.415508684320598,0.376917891828802,0.189180688220855,0.0001280288233119,0.0480021862514068,0.318463408726905,0.128289717392675,0.059688149225659,0.374395721142859,0.204889392271736,0.357876193645931,0.666865062874065,0.611865452924852,6.79376821854385e-05,4,0.364306830025861
913,0.265135057041593,0.498277480008458,0.221693292807291,0.679544761174701,0.0503091938891122,0.0943663111669664,0.035985327857832,0.866182559037157,0.802218620798041,0.762068281454577,0.315053191824114,0.896139670044442,0.462619808984986,0.0408410840260591,0.404732244916869,0.0871596707152518,0.150541644322198,0.328361708958407,0.499559855764972,0.509779552087941,0.831904498256233,6.79376821854385e-05,30,0.757052393914713
914,0.184061127339999,0.355015819377106,0.174312546393172,0.619402396819904,0.0474165585378333,0.048323049719755,2.35846800701693e-05,0.344819237406853,0.398697536391602,0.714497059693632,0.789520211588898,0.553244657508289,0.314865681662093,0.124650351511186,0.70081779109197,0.253406405243095,0.133709228623471,0.055881587693445,0.191566261174168,0.778018469055325,0.68359875257803,0.14597963374049,17,0.63542522627426
915,0.36456967170334,0.248779705654944,0.811779058148096,0.735687778830452,2.69250937448815e-06,0.105783828340095,0.079911460787219,0.896982612721176,0.902295927626671,0.672699736165336,0.00020573198659345,0.23520868668227,0.196627416477443,7.76303646992892e-05,0.63775005478453,0.310806636129273,0.22669315636412,0.311376291079583,0.212126959190045,0.684096299915194,0.955564683154044,0.203772920565913,19,0.520848880148844
916,0.373922546175294,0.297198532890949,0.99998713443117,0.500063357459616,2.69250937448815e-06,0.0446245691837463,0.034675764247694,0.999640291173093,0.999854110333847,0.459368544383211,0.00020573198659345,0.569027745249508,0.582235072830848,7.76303646992892e-05,0.00019440235718619,0.428898112462166,0.271542648121374,0.453717478261463,0.499559855764972,0.58118189699298,0.778234500062165,0.18958055337744,28,0.999297207634302
917,0.788950229816456,0.634406806605987,0.0176311986163154,0.837969492464666,0.105670515782707,0.0541790730113915,0.0767959897247046,0.658980197840316,1.96226454502903e-05,0.50901443918444,0.999795092571648,0.19974057271958,4.64802905591205e-05,0.477532498780813,0.755818696722548,0.00030305628819158,0.156164213246445,0.244161459889188,0.0847860279733345,0.629974232196604,0.697991924303669,0.141511741820318,12,0.0473533433959158
918,0.327479840691406,0.55339120235825,0.80850584533134,0.787393354787948,0.0264152896711271,0.0188900788554602,2.35846800701693e-05,0.345772303587876,0.999854110333847,0.493757029272075,0.144057513069503,0.609639189434173,0.340253748526561,7.76303646992892e-05,0.165655971288493,0.382924613201159,0.225130819082756,0.035685396112068,0.284454494553405,0.745516765527046,0.721796058514818,0.113802680003335,16,0.459712359033555
919,0.738338298766159,0.467568844644414,0.409505605547037,0.578676799912762,0.0536553734791668,0.0916379537381625,0.119995094177388,0.630636785646066,0.602387180845253,0.999928297183826,0.464754746653202,0.218014018779327,0.0460565965014198,0.547956505872251,0.666631468040813,0.17147527318489,0.251393846384305,0.197193567699354,0.499559855764972,0.858627218885255,0.913428277822241,0.0824597711540379,3,0.654374887927277
920,0.567269502544345,0.618436816615416,0.087827037847032,0.70434262949526,0.0734769754091024,0.00702076466036543,0.0586021873397373,0.0852965214649576,0.291224873848104,0.267059763710169,0.703655754150505,0.00194029616341335,0.14035396182346,0.5431444320957,0.322134675958267,0.402836253256476,0.281987860284767,0.161678138400019,0.225156211936399,0.665606131359947,0.617721386637059,0.218854160631069,10,0.423751466982248
921,0.578925488880922,0.32131264189289,0.825614502338827,0.778170258836739,0.0590032018184497,0.011601887247113,0.0303296648381237,0.409082510075069,0.880910890958441,0.377276551435994,0.0536255271614406,0.206524484708728,0.134814679834003,7.76303646992892e-05,0.204633114446607,0.427264014111643,0.397896712181679,0.316324594136871,0.406258422927856,0.818244781440725,0.74895509225034,0.145303957415103,18,0.299869945193402
922,0.375363985156397,0.485141036543203,0.561913875140058,0.597779071493905,0.0566361264887278,0.0412998129913977,0.0661163466723334,0.507017722723664,0.585347400018014,0.801436720287228,0.277461941339409,0.328009201714215,0.171394622066868,0.0850269892581665,0.655337731284811,0.19082643621781,0.353047123440208,0.352313889326532,0.26475625696102,0.921293463348125,0.806408793430777,0.122181263541199,5,0.186351378683046
923,0.669285392545248,0.519551684915857,0.196063283466691,0.500063357459616,0.0719617580124021,0.0928764697184408,0.0857513256630935,0.590147899408451,0.192716355608947,0.712363195219082,0.474663452317448,0.228748467344359,0.38844418340193,0.436830102522256,0.342091421330512,0.207287832601812,0.418122144666288,0.219091505852441,0.427400007281779,0.803089049658774,0.690639997767758,0.159233127713046,15,0.999297207634302
924,0.66225189829095,0.812051601645735,0.487019041432043,0.711508155478918,0.038994812751222,0.0489723621947608,0.0619009719747572,0.892259249567852,0.661815984221317,0.999928297183826,0.365872992193322,0.5579651841127,0.210472380573291,0.124517102730777,0.551663184660754,0.276248251431376,0.230173159270109,0.235308898740758,0.430344885087723,0.542518322249013,0.880021897155378,0.136013064584629,10,0.378371740542127
925,0.456307022720983,0.677220165282801,0.578702410266813,0.829050433799593,0.057238143863388,0.0271143441048466,0.0358704149281014,0.197142416770408,0.466447303794763,0.769142429269084,0.601789759881885,0.334678551942844,0.191806692829843,0.243950897664025,0.557712386013016,0.361445841950391,0.499858107997852,0.181254854098283,0.423642996036018,0.992654586590104,0.61392438749155,0.0589149724941203,11,0.291907778880649
926,0.296079215070403,0.150126863920825,0.399075116086311,0.500063357459616,0.0108765309503539,0.0600561878900591,0.0697061865880471,0.671258687218535,0.567958061818476,0.780553343787311,0.241260007478141,0.306049589459379,0.239198402801128,0.205085080295655,0.408649079399693,0.19435777039179,0.452591532980784,0.233449658085387,0.120004638238555,0.703507549717444,0.867583703203115,0.22697809098609,14,0.932617013960914
927,0.301659767735747,7.64295788737945e-05,0.339501252625074,0.856004696502792,0.0390232911039377,0.0462659285578642,0.0207234740201539,0.510103998633731,0.913065228929596,0.734639910549358,0.495036165280235,0.523874852607778,0.133032346433861,0.252787687802449,0.200776383668635,0.329582338430429,0.235651811673455,0.0299806812310619,0.373786154780901,0.720742038653335,0.858515867232521,0.163388105293124,30,0.625828402634346
928,0.410079652294077,0.172285319597202,0.465839961592726,0.920507589961815,0.0408072849024815,3.77011053683236e-06,0.0752924732297345,0.999640291173093,0.549305244410919,0.560895757339335,0.178906942518754,0.203445380428683,0.0785723149081522,0.134420274298855,0.157839345665409,0.259058532276322,0.355428119503643,0.378509326558525,0.136071210601035,0.802640329239399,0.738659209055361,0.158623777036502,20,0.394561139829264
929,0.459696268637555,0.207169570950471,0.422842162542937,0.607400456193608,2.69250937448815e-06,0.0553810389914028,0.0870004635433239,0.359333981244426,0.510303441854436,0.417508606742833,0.00020573198659345,0.228079022186315,0.495707313283073,0.0445268787444434,0.481610231783552,0.0201193405643122,0.180154866813627,0.141162006979414,0.269453949992569,0.740263684011595,0.500132491014102,0.149348193768508,28,0.493593210715792
930,0.388703510304568,0.491194851234881,0.0779862588147917,0.74184229037286,0.060631809971923,0.00388647236179602,0.0148161956843486,0.280014785476639,0.628713931749104,0.817096615002925,0.644824682581687,0.295065573993242,0.337426855947744,0.097644464527357,0.0258852541828245,0.215811018873797,0.237817630294765,0.00023429425927461,0.081042965120042,0.809745797136132,0.500132491014102,6.79376821854385e-05,14,0.447723395453963
931,0.718132429552705,0.290352466042726,0.0489445194142417,0.674283753857719,0.0312941910507816,0.0440656423140575,0.0253115434099368,0.935878072687323,0.422204563799462,0.790067457412156,0.467009757817461,0.347923237403642,0.132223157687871,0.339238498829585,0.0961239757043968,0.249541425074662,0.248531425289291,0.499992012141552,0.184966191930176,0.907551374021432,0.869943378256773,0.154054503425575,13,0.38172266227911
932,0.942878046685427,0.566137629100349,0.0142874603521549,0.609740393395252,0.0542092184818934,0.076600141342673,0.0295882060038624,0.657491503223452,0.725498527715072,0.999928297183826,0.656915553570845,0.401780950802908,0.246052336838515,0.331569786142219,0.636551217178911,0.0695484044451144,3.55416661011986e-06,0.11497017536432,0.4891708265992,0.841577594646943,0.73724402138151,0.0634177429780461,24,0.765044944320019
933,0.412545598577334,0.525271922865735,0.228063417798713,0.67298875239411,0.0654749566556516,0.0681849158539728,0.0527557566830085,0.238190012186269,0.386235809625069,0.700003561905427,0.599479154758547,0.155239248693344,0.172361450776515,0.310546321402039,0.344199889809204,0.329958842913103,0.435734219404745,0.355043471058578,0.382698100546412,0.999953931943418,0.721028577267824,0.12671149519641,3,6.59723176294938e-05
934,0.766280965346034,0.541475585858527,0.382518477177801,0.624308468149883,0.0701063439403766,0.0315817955294507,2.35846800701693e-05,0.35852962574536,0.681062399102029,0.382647295721036,0.452614910030736,0.227131735177563,0.348520768086212,0.138873941222929,0.485501871375761,0.347411372769379,0.387596186282868,0.320745251569479,0.30311983231721,0.7981640153731,0.656085438726963,0.101925361456645,13,0.64530333978591
935,0.568854963550381,0.358602331402635,8.27004485181533e-05,0.601979061290392,0.0485087733284928,0.0705699332111638,2.35846800701693e-05,0.790632930352555,0.196804921341676,0.711926683311144,0.977548902969551,0.668798687396154,4.64802905591205e-05,0.291534346112873,0.18915879929725,0.300536343156347,3.55416661011986e-06,0.263154075714545,0.357139076857264,0.500013466963832,0.921310589370574,0.249984006138382,22,0.999297207634302
936,0.649014858364295,0.515975612273732,0.388092860897792,0.624762746144385,0.0461451225009446,0.101028233866314,0.0935646233714251,0.773633818790084,0.856714007830292,0.544823089565903,0.363859484173287,0.336578596956431,0.289889605520538,0.110360266117546,0.599633041722833,0.231111843854315,0.286471712898713,0.239523082308976,0.34839374742713,0.645890549652983,0.798950644445906,0.192557829192057,19,0.670408181427515
937,0.367385469229318,0.577612274504962,0.278092444504527,0.750046099122994,0.0848636929885845,0.0425707817756273,0.119995094177388,9.12367616361007e-05,0.208430070759762,0.739949287910283,0.121306236918871,0.18408797810184,0.133788755768232,0.052339716895038,0.692542680500817,0.103115566621184,0.2668963925702,0.324510129447586,0.258453947630747,0.805911486038028,0.512623302691227,0.140344281551033,3,0.495154196466392
938,0.634863794093297,0.206311716270301,0.0716560063685313,0.699555252514857,0.0644601265601497,0.0586216674401418,0.0153156062799621,0.727200420702401,0.999854110333847,0.719047450227303,0.471193260476997,0.266332835362018,0.303152954286287,0.651390904457229,0.277913792160471,0.344646679452472,0.499858107997852,0.234719555999457,0.473659061893168,0.830700663971079,0.911386105108607,0.210250153858921,20,0.442270466642348
939,0.372097173711348,0.683027513486752,0.329841566641839,0.753314230415015,0.0362782562994817,0.0188491314691949,0.0265782028837623,0.726395333099327,0.583979742444889,0.658190281945501,0.578211431508718,0.485732969245287,0.279477021133845,0.0531495429211049,0.183750984893205,0.0732750132757683,0.0914795513771078,0.0821663999696032,1.47106448851991e-05,0.695230586069979,0.522902194522577,0.127763679972938,20,0.418632651894522
940,0.30559879731566,0.539088548617819,0.0263863456142739,0.568552136930555,0.0756148948122175,0.0737413823782405,0.0615192938439735,0.479797563291732,0.401285625335262,0.366027645556999,0.346691358203656,0.40662634925203,0.260501972953865,0.330687198909689,0.355957952344363,0.209727621953777,0.425326130092453,0.304602599803142,0.242052977557358,0.739498875679106,0.700276115446557,0.121901804105604,10,0.32106142355033
941,0.84911500639916,0.503454603801285,0.49200707598635,0.730316160616604,0.0571495986720874,0.0605825166083007,0.0285226665499892,0.693760893390677,0.655601072590974,0.919748191850634,0.173008778238224,0.261399194442721,0.31892875556826,0.330027058528977,0.114693990587159,0.298650135811645,0.484227181987651,0.29224414265837,0.351103898922968,0.788773979820704,0.932261947627703,0.249984006138382,12,0.999297207634302
942,0.293538028442612,0.353159920126999,8.27004485181533e-05,0.747521148722249,0.0962473020181757,0.0521102209952033,0.0919738643000163,0.423039276206428,0.526426204437508,0.430631283531653,0.676794988400301,0.530441739290764,0.0441876266947589,0.0704440365600678,0.140196837937007,0.193823439809461,0.409239169137461,0.270225468406446,0.285795685003665,0.663285883486736,0.824260648642336,0.197057324529727,19,0.271415514371744
943,0.418121750057549,0.433242534072582,0.558230506643342,0.748809369628655,0.0467212633242046,0.0494123162091829,0.040573516570583,0.524584173773412,0.347977136469147,0.734424819027717,0.111780726660376,0.110566446179113,0.299786389796986,0.660232604683978,0.283491648011835,0.272370988493306,0.00317023419837797,0.499992012141552,0.425332994050283,0.801638311951758,0.844708639597652,0.156834634442946,10,0.7766207348215
944,0.310096510800421,0.474180215739974,0.137978044107342,0.875764551532252,0.0603896572579987,0.0728207304879529,0.0216513587568988,0.999640291173093,0.34871199107532,0.0779735458614719,0.254156936882911,0.00222201531805422,0.0605027874903997,0.472466778927632,0.126797834007024,0.354714408163723,0.251592524452347,0.290979383100913,0.0540880315873276,0.500013466963832,0.714801040814586,0.107251682680659,26,0.795288053281438
945,0.498673245151596,0.245487288647991,0.587415819306684,0.745383034593401,0.0728041444465958,3.77011053683236e-06,0.0647203271292523,0.675075230253831,0.648659254714526,0.75379724847688,0.328876794376807,0.133807506396546,0.224003814718196,0.602897198387564,0.321404732902396,0.108156883275344,0.364131324047655,0.479035837324099,0.459252879669022,0.999953931943418,0.737788652310363,0.06945959314529,18,0.55380903466114
946,0.744472732658345,0.688457891633636,0.715710800998516,0.562980036200467,0.028064635842445,0.0514488328270202,0.0374506832418641,0.883434897610058,0.93245754492612,0.83501276620447,0.13888872433272,0.443663351625025,0.228021762037859,7.76303646992892e-05,0.258657822563763,0.292108238919104,0.146695061263322,0.361300937912219,0.486697733291152,0.82391453294194,0.755998699997761,0.109395636364645,16,0.470324043422822
947,0.242339673998456,0.317438200670754,0.206728264199505,0.793597378115363,0.0178086248499732,0.000276849611206477,2.35846800701693e-05,0.49478670251511,0.999854110333847,0.999928297183826,0.374254264134101,0.903968419023215,0.356091651765165,7.76303646992892e-05,0.193704615060057,0.00030305628819158,0.36243331285583,0.0330141329812289,0.271345380096317,0.556028052331033,0.632049661899308,0.141606991884097,22,0.385497710105915
948,0.477378355382884,0.574975389097844,0.255851876439275,0.674983459247604,0.0757031554901722,0.0648958548312078,0.052297061681838,0.530870052699404,1.96226454502903e-05,0.273859766166453,0.713190066195646,0.10823458676224,0.0142313394967244,0.365915539675832,0.0403196536766594,0.149395317746279,0.244475993997021,0.30625128112357,0.374068162991191,0.500013466963832,0.811677333993809,0.0963409185016236,6,0.576504427677774
949,0.215613104920028,0.381210653139524,0.734915537578276,0.500063357459616,0.0164434579035885,0.075102615271881,0.00464731561242096,0.967035866845556,0.999854110333847,0.744048688464438,0.00020573198659345,0.576206814675571,0.531542076029242,0.0760829898206682,0.15751486995955,0.306293681027821,0.235215163144479,0.389054148996188,0.499559855764972,0.811289131357174,0.80210592534967,0.0958061520515828,25,0.462259362183949
950,0.661716765694355,0.424332243808068,0.197756556754717,0.710878889145726,0.0695107775427516,0.046336388601805,0.0168530678109286,0.599169804183034,0.484427206982888,0.273141886857063,0.673215627273252,0.469206346840001,4.64802905591205e-05,0.179880812782668,0.246805326586455,0.220299563953377,0.0928821849815452,0.473750874032353,0.499559855764972,0.607161463721416,0.55342547591635,0.089726559344449,25,0.522620682767875
951,0.78208647443231,0.735082602047292,8.27004485181533e-05,0.546476775486767,0.0496766028816066,0.0954557768310632,0.050724793015786,0.521510714674735,0.456871336201102,0.677105276703282,0.487622710086191,0.414913247444048,0.290011182552276,0.603938605669647,0.0763347984184575,0.0815738771662492,0.356140131949909,0.226786031686563,0.440422391569904,0.519538240282908,0.868096289166847,0.0989765967003624,25,0.270798399891654
952,0.57698990734262,0.404903759751582,0.704228538656266,0.509119629324261,0.00387984746578166,0.0447001756166934,0.0386825546355409,0.800419251447581,0.477657955357392,0.525955431265197,0.628978639483692,0.449099322657077,0.658186746726446,7.76303646992892e-05,0.0164021926069741,0.305744280827059,0.145644073749175,0.336730108088949,0.499559855764972,0.7426886330253,0.614932889581533,0.249984006138382,7,0.522198731857312
953,0.359510983399335,0.650784128792883,0.459887856613637,0.804423327665953,0.0718565612049458,0.0245602388569846,0.00663163356088962,0.486408968249325,0.903878383749865,0.509272905463789,0.134863926254171,0.210904156324638,0.053225457405877,0.148585526131074,0.00019440235718619,0.386267303926849,0.417612975878381,0.244837959278572,0.235766198805829,0.500013466963832,0.873892125495182,0.00720733656891491,28,0.296669674295144
954,0.696251318358245,0.239947458860774,0.127800457243931,0.561282878463699,0.0176584673801358,0.0944189741031226,0.0205400809001029,0.764552397742115,0.764587270907267,0.999928297183826,0.0643326049207925,0.460095867164617,0.167952079769656,0.318489032530385,0.308727085537192,0.00114628589939703,0.19574274942861,0.0732616750132986,0.250125485201001,0.607593930802684,0.793575662558765,0.156745631064443,17,0.997000175208434
955,0.868723177948709,0.423010345055912,0.18695086597039,0.580601614492528,0.0564849958526726,0.0427929025612126,0.0623561513385012,0.165390599162563,0.666656901981743,0.934467613356541,0.00020573198659345,0.303331693077449,0.0221744088379114,0.43857052449347,0.300401158988519,0.206689574808885,0.499858107997852,0.181950181757666,0.174427293328006,0.839684273205575,0.999975606664492,0.150566019864073,15,0.596027378785933
956,0.630500075445577,0.596224056656699,0.210402681397596,0.574728042701329,0.0379683752971412,0.0796636740009022,0.0855953958312122,0.999640291173093,0.547929715661214,0.673940056348342,0.233228894801245,0.361682973823664,0.222007884831621,0.224127627042819,0.682838810345925,0.119924499228316,0.409452947973696,0.443585026293039,0.188128354795078,0.749999394605039,0.801927312985222,0.0825770591408639,23,0.280487943454597
957,0.535363772744569,7.64295788737945e-05,0.313961971578927,0.775735436354941,0.0776646926485515,0.0144501673610077,2.35846800701693e-05,0.330786960809645,0.999854110333847,0.846090677794703,0.23087915864021,0.318510279010533,0.199086082969146,0.492778406850905,0.303295063309752,0.38114361415296,0.345464912480925,0.303632595688701,0.407695361661448,0.954515155749846,0.809287768825345,0.113510415183409,14,0.662839902423296
958,0.69643492889377,0.55152485690557,0.307762046034597,0.827541221456422,0.0870754860736445,0.119998732919027,0.0704718338709192,0.713213202828819,1.96226454502903e-05,0.427195313225178,0.915752004345625,0.0181008040520505,4.64802905591205e-05,0.413913750390704,0.0439968520035258,0.211691775693096,0.0946329516460815,0.404106875667506,0.134843097112933,0.842665194486651,0.606523472688105,0.0225323988445516,3,0.297213883186339
959,0.428884119601482,0.382426754916554,0.368849845201844,0.837946408062341,0.059183227606107,0.0354152184566594,0.0705857250724203,0.466591175032984,0.124021012050758,0.581887998828113,0.693113553684271,0.200377581477739,4.64802905591205e-05,7.76303646992892e-05,0.408926884328758,0.0902724781856124,0.120592670572096,0.316101686279438,0.166069323830814,0.817157576591281,0.531419646791633,0.195042013955445,7,0.67119981668832
960,0.569136835796737,0.398064068499034,0.235414759012703,0.989061450749838,0.0768239344138403,0.0665960048985251,0.0771301612489511,0.349338810224121,0.837662425651736,0.499079182255871,0.356186043837904,0.326797945669109,0.0330907678873183,0.167218659116646,0.172089240268611,0.157147144625733,0.224145012833345,0.499992012141552,0.160992581878118,0.766987698995854,0.537184923469443,0.0483646536966471,12,0.263446402444737
961,0.384019943092307,7.64295788737945e-05,0.362223776499516,0.766245486680356,0.00179366342818055,0.0466566087694145,0.0112293112721226,0.40101193694763,0.854605257225135,0.930737362798213,0.00020573198659345,0.434622871992373,0.29515670744183,0.21202550324673,0.723335691535913,0.12220069371811,0.165866253629859,0.347053452288181,0.343996657791023,0.753389798433753,0.790378818207669,0.193531658324439,17,0.626179765882426
962,0.505045419697447,0.530242734125676,0.288611640419817,0.683594254170606,0.0173508568469537,0.0905663863271376,2.35846800701693e-05,0.738470739630331,0.317073651933762,0.473900744028056,0.501503785574955,0.520269436816729,0.169256552043423,0.418807126593723,0.424451666258503,0.338787220872478,0.130686591414566,0.122633922744604,0.499559855764972,0.737806001026323,0.983265625604735,0.172900492282479,14,0.863205671835576
963,0.603838602234571,0.34646421065302,0.00590647775495312,0.690620197240585,0.0397358526112996,0.0447388091003958,0.0158625897238891,0.704915756426218,0.722619375706738,0.817370806515492,0.357333118264352,0.668973529583115,0.212057423150569,7.76303646992892e-05,0.00019440235718619,0.260992902285077,0.499858107997852,0.133431452038045,0.411879177061004,0.8465151862463,0.730863728010802,0.170302018447591,23,0.418753196968276
964,0.392498829821991,0.511506694236167,8.27004485181533e-05,0.706538398403133,0.119957540288265,0.0641154792688059,0.0349435045016499,0.344556573632976,0.391616100642987,0.57143790195343,0.511784573685111,0.12004772426182,0.0979823069107379,0.632096297414572,0.639783196490796,0.128752930109863,0.146032178194666,0.158749156481169,1.47106448851991e-05,0.732495399739567,0.793660956818186,0.0308112003199673,25,0.762954313756021
965,0.622168644629498,0.122467932567669,0.364501088847031,0.727443849720665,0.0359904389926634,0.119998732919027,0.064172838294185,0.669546295439785,0.905368906706003,0.829345088127335,0.35374104445116,0.47083777438092,0.00156731126321105,0.484473048138145,0.999991596603808,0.167363352422515,0.382781328329062,0.185775174718288,0.192338271543757,0.614826975634334,0.999975606664492,0.197866032265832,11,0.843453315438748
966,0.950341730287332,0.504525100462626,0.224928347277688,0.788041559375648,0.0582600613857569,0.0740194308654517,0.0299743459876147,0.845113051352138,0.833524464071951,0.999928297183826,0.458664632160116,0.230873963697741,0.0298604795411591,0.556209728295339,0.232652886805556,0.453176680299656,0.325271391657825,0.251859360523041,0.450756481821962,0.639997894338309,0.94667783611073,0.0843481036831728,10,0.758493551986813
967,0.297138831273994,0.573603144959867,0.501023129414005,0.673918313147172,0.0969517163602743,0.063600390775293,0.119995094177388,0.6721111341358,0.857355432071952,0.896737480877547,0.0340874979807551,0.494802041020949,0.332828894997045,0.165167121340187,0.551026069757164,0.00030305628819158,0.486477629389222,0.111646745979466,0.23289063848342,0.72456568310878,0.794017980833366,0.120653015560909,21,0.500784921528396
968,0.60750614261352,0.396856800106264,0.396108709325628,0.734118179925134,0.0768090595665925,0.0215925335259128,0.0182196604456071,0.747447888343431,0.69284240131453,0.0999001402994336,0.27775689958,0.0144598709224498,0.0160675228568043,0.215507310926736,0.277682908069293,0.237051573204059,0.196224383640941,0.404176091172379,0.339971822335461,0.758813229329463,0.688770924753593,0.0690355301970752,25,0.574958727131298
969,0.41339743443708,0.313512230009636,0.809808514556158,0.835276895378081,0.0388390540328904,0.0698913370297675,0.0574668969344651,0.991090041077958,0.79678079256081,0.721931304534539,0.292571995642875,0.216457556892725,0.222401485903086,0.326645940154933,0.721349939380915,0.255112852988434,0.313502344810326,0.124010650624529,0.206646374540003,0.500013466963832,0.858220876513235,0.0842656892500017,13,0.512279782238888
970,0.00021768103810027,0.244199833953149,0.975016751763438,0.911970706540037,0.0279833585856701,0.0614694172378441,0.1143358390284,0.986175208393833,0.502616823007042,0.507056209372538,0.00020573198659345,0.245043370572443,0.195178019104851,0.383383380065636,0.198251016194029,0.00030305628819158,0.166511651611925,0.4922065768416,0.291006485517185,0.500013466963832,0.750828624434194,0.10492648208097,24,0.999297207634302
971,0.00021768103810027,7.64295788737945e-05,0.177049466794069,0.834038857859542,2.69250937448815e-06,0.0508716966843205,2.35846800701693e-05,0.28023772466037,0.807243128310211,0.661783442809188,0.218107231048373,0.859413198755865,0.351083153889734,7.76303646992892e-05,0.0595554042309029,0.190693721247178,0.234314677759438,0.331950212943766,0.306095754312986,0.680031289790834,0.840001349988406,0.249984006138382,30,0.665100290299367
972,0.269138761618734,0.615461506874085,0.210703372593521,0.903886860116094,0.0557195240203328,0.0678128118759613,0.0859101002726424,0.731669707420238,0.663261612137341,0.663205553285092,0.494868657435753,0.380783799023376,0.18918430506508,0.421500769853985,0.612631141159683,0.143882430754864,0.0449058906143653,0.385931720751187,0.156124935466531,0.66929823635034,0.758127485107421,0.0544978346145536,4,0.309244729691858
973,0.595514152378027,0.236185080590378,8.27004485181533e-05,0.748167749890545,0.076700182293772,0.0869625114016121,0.101157390230774,9.12367616361007e-05,0.625365323826646,0.460127941539547,0.280731455031037,0.37929359245049,0.352087832136635,0.197617472307513,0.75207737689838,0.092684289358521,0.443182121307424,0.205030391023195,0.353419560140701,0.69396289551308,0.637440855641884,0.0971052999445644,30,0.055273838353949
974,0.194616031820682,0.394448212146451,0.199334050724243,0.785366851866137,0.0827034256505889,0.0601529390856429,0.0479569295053718,0.0272017555674599,0.935168200306107,0.608337489688085,0.446268765011335,0.66642254995737,0.354840651051594,0.120125945490578,0.268512734109591,0.160166821154896,0.494734984267816,0.152835087671476,0.438869416935112,0.767817875433504,0.735156126774162,0.048942254346326,12,0.2265582142525
975,0.861216490218487,0.288544771031969,8.27004485181533e-05,0.672556336547486,0.0445827010185692,0.0291458332041223,0.0337691327639928,0.434858757723384,0.0719406694214467,0.722886855918654,0.882529656911554,0.407621458074724,4.64802905591205e-05,0.0499258275033066,0.556157612375046,0.457879529688966,0.482245043688282,0.353126796926033,0.171032520265307,0.939763862758862,0.584585345466578,0.117070118891124,4,0.754361355347193
976,0.860463369977404,0.687179979677846,8.27004485181533e-05,0.5587758527826,0.0811385844835799,0.088854866477489,0.0248718162912577,0.705187524594278,0.339429110814683,0.609844711791704,0.567179526205797,0.425765389850672,0.323505042956991,0.301454032364783,0.31439671804229,0.34937055789287,0.0543183127073814,0.246449502278526,0.355607078624638,0.717589271750815,0.846687089154865,0.037013544759637,25,0.887817575282815
977,0.765091766851853,0.453661779432676,8.27004485181533e-05,0.747010872092887,0.0995962849468169,0.0186168070882645,0.119995094177388,0.00723100632388074,1.96226454502903e-05,0.783577240851136,0.563502581295396,0.448230700553785,0.245735823330282,0.1195454212295,0.907248725848673,0.00030305628819158,0.400714308443947,0.35879345783016,0.285257696542317,0.91362270075105,0.622831416355824,0.195957293107011,15,0.347946258437833
978,0.917465376047105,0.833268997043578,8.27004485181533e-05,0.589504312672732,0.113653863189317,0.115888037935571,0.0427767222955709,0.378906608296131,0.26658175257316,0.465910115764734,0.763666673843035,0.483161666493415,0.242095511917932,0.130309364038187,0.427860956993701,0.357995392184948,0.291555799502655,0.478188724758678,0.499559855764972,0.968438184359457,0.834096784255751,0.0636309460037678,3,0.17776194084829
979,0.227063297593325,0.085883598331724,8.27004485181533e-05,0.693034739522295,0.00626237127886894,0.0147872622641116,0.00944087902423925,0.76734320165893,0.797462115542754,0.758628551508853,0.298515544655392,0.722576238063058,0.509714661382327,7.76303646992892e-05,0.358255282419443,0.212457039359564,0.166512703295515,0.276582049599746,0.102271179136994,0.830637068822718,0.741121974306616,0.115979965202006,30,0.0775294043084909
980,0.693426056385857,0.254059527148828,0.536548665599001,0.559362594127951,2.69250937448815e-06,0.0419106906039573,2.35846800701693e-05,0.618699208357959,0.931855066660061,0.788203549678742,0.500895889852711,0.424454773352049,0.60176924987825,7.76303646992892e-05,0.00019440235718619,0.38187597902661,0.286387024213148,0.211376104019629,0.452795675296979,0.678660226495507,0.764770529824085,0.246523809895826,30,0.0719172876114783
981,0.496763319220332,0.570549904700484,0.396714928038898,0.523439121070581,0.0710139165915831,0.0747301592867382,0.0731340472215815,0.999640291173093,0.811253417823315,0.908730268228629,0.100085558823645,0.270566328278783,0.607935426855437,0.143623378716882,0.0682331067822864,0.199441750249998,0.455668478461616,0.00023429425927461,0.214060493972883,0.500013466963832,0.877170043814696,0.104580464752243,30,0.999297207634302
982,0.433117422100459,0.430964142679545,8.27004485181533e-05,0.889349107428386,0.119957540288265,3.77011053683236e-06,0.0506097624113828,0.46401937527518,0.611001499995466,0.635618034329319,0.741351138054327,0.404869602514225,4.64802905591205e-05,0.425139358593697,0.346084147633042,0.239504416526359,0.430610623075704,0.499992012141552,1.47106448851991e-05,0.999953931943418,0.729958722794651,0.0493806563376543,18,0.346695453565067
983,0.88847257843945,0.773061758006079,0.671406184004802,0.510694654721509,0.0721170797417429,0.0418270701594683,0.0769051301403208,0.824250393593425,0.864052225477162,0.853518097518133,0.26467836032697,0.276141892887997,0.126870602163742,0.315765406422101,0.206726616520257,0.248470066667759,0.126742447483734,0.499992012141552,0.499559855764972,0.999953931943418,0.688608449818335,0.000224299669718403,3,0.754731456516458
984,0.692340528621316,0.518618842410881,8.27004485181533e-05,0.67681189745146,0.0397320220085659,0.100835323157255,0.0483281605338868,0.195076151955359,0.373583292141354,0.50669985555037,0.727854654350815,0.227526046799504,0.244255325644582,0.313970028842234,0.42143101514179,0.16064066293132,0.342417132022205,0.171608913405708,0.251272735522646,0.575280706321593,0.713803737168958,0.202788589673856,11,0.402836340216821
985,0.856570953974133,0.515844332471108,0.99998713443117,0.630876618098263,0.00485975020683709,0.0877376754912435,0.0680591036081058,0.999640291173093,0.6167187155894,0.575388586930796,0.00020573198659345,0.0167343549958081,0.372798867112515,7.76303646992892e-05,0.00213536882368737,0.236559329775732,0.216477811811962,0.499992012141552,0.421844361780037,0.669371206812468,0.710337275770761,0.0569691455399914,19,0.871357078312933
986,0.807753407204662,0.753508140928365,0.648820098339888,0.614040219806076,0.0193832631848395,0.0389673021650726,0.0403545114445078,0.968759913580514,0.510802979021139,0.591091573837478,0.312748429682314,0.0001280288233119,0.0430607674008071,0.487441866660164,0.186183405042556,0.242248868964587,0.236302603532107,0.435236383648425,0.179545366729056,0.806893538486736,0.952393999673805,0.164054813324413,5,0.0913641269174745
987,0.762492542740794,0.489672932123114,0.298746599219145,0.726978569050395,0.0562708894071599,0.0765296914002305,0.0249952271644269,0.0527700298487888,0.215152174314962,0.999928297183826,0.080460114964581,0.246721053011585,0.162403837959676,0.460115260861844,0.495455774607438,0.0439443341975605,0.457133182167364,0.453732976137124,0.424464399808586,0.766486795125919,0.780459633090622,0.169556186369814,4,0.484612654532659
988,0.406516271332076,0.503807422798084,0.234878485650322,0.868262177432283,0.0859673174861993,0.000498343130147107,0.0630270154420284,0.641376468864987,0.580275025673085,0.397039766272719,0.317633568273679,0.28794327957709,0.512700643937072,0.0468445402359524,0.244631528936147,0.0177033327151802,0.23588721522133,0.0423881807904485,0.183700336541295,0.769799303251462,0.500132491014102,6.79376821854385e-05,30,0.536135037527474
989,0.503070304117124,0.233306910930016,0.430997446717801,0.800187074584146,0.0458637241024484,0.102762331211945,0.0195277656028098,0.477028311603695,0.638423076138432,0.749039419546397,0.264954320726423,0.202556170774576,4.64802905591205e-05,0.267675191361531,0.207811962827099,0.136479077393742,0.429869633349926,0.250168966105268,0.0588828785560412,0.556106841443925,0.635221924043302,0.180728531544995,13,0.732839206030883
990,0.282739344990328,0.618279296824424,0.503727751990725,0.780882742605285,0.0670297831205401,0.0103914209617912,0.0326094991068875,0.786404249905633,0.557438094235917,0.723150366213768,0.00020573198659345,0.33472330269116,0.527871217439571,0.449843094246056,0.357332918076991,0.0745016518130835,0.296470023053057,0.445534878085473,0.394376552256516,0.69999613204202,0.703137383128084,0.078603256450809,17,0.341626856086273
991,0.670613236166995,0.560860503653096,0.99998713443117,0.714271866922162,0.0430040207144577,0.0471045106571487,0.0826994807855974,0.999640291173093,0.689877954104363,0.295372302175606,0.00020573198659345,0.110363369417591,0.185926677434394,7.76303646992892e-05,0.00019440235718619,0.253656119768804,0.366494299315021,0.47922896505131,0.462721099707715,0.76152054936352,0.770715165604765,0.0311343810862044,25,0.405958948783337
992,0.460950856582613,0.558203205032492,8.27004485181533e-05,0.500063357459616,0.111707859736318,0.0911541081823867,0.119995094177388,0.0602323531318393,1.96226454502903e-05,0.451274526430604,0.614027545037815,0.0402124917521369,0.0952267044262041,0.525887266718349,0.555318675405921,0.160984887309624,0.446148079225157,0.154887243232447,0.144895017061897,0.896212603183229,0.809882863632629,0.159135045910872,5,0.880185861027383
993,0.00021768103810027,0.0357536167426766,0.579015237759235,0.623936376629502,0.0371107117322022,0.0556376354571384,0.0514686671151116,0.142488073970817,0.567761278644973,0.999928297183826,0.408854739119164,0.525103818617257,0.252977472693579,0.331413799582823,0.43210995021803,0.167290670198524,0.282051342945803,0.389547292916506,0.499559855764972,0.788280776073937,0.792129105345922,0.249984006138382,5,0.99832584599592
994,0.958968942731352,0.740637681325825,0.832921234655736,0.534449919141061,2.69250937448815e-06,0.0779917564775263,0.0297452786945721,0.999640291173093,0.411008672099125,0.957218984633774,0.00020573198659345,0.277982979996826,0.533013200639432,0.231480640590245,0.319579835826086,0.252235632852059,0.320913916303885,0.362442677425389,0.403682459399652,0.753376142390673,0.92408439010639,0.121330137886581,17,0.65033750112329
995,0.516297154991849,0.286064272378517,8.27004485181533e-05,0.746045865400581,0.1094612498576,0.0261471377544821,0.0587233894813691,0.427036971194146,1.96226454502903e-05,0.33338188636722,0.696057881539164,0.179631129196115,0.136012554804276,0.60016594838991,0.806021333782474,0.295866324582245,0.376510109614537,0.490124595370923,0.443520154389312,0.873471152184873,0.892797347350586,0.23703192486908,12,0.455327427282756
996,0.548269903812127,0.845692258306864,0.186236384003775,0.607639638762143,0.0545431151576487,0.0220425026439563,0.101408567417098,0.488111212468914,0.550628411793704,0.734489300428584,0.719699982213574,0.54317231652441,0.276711792233624,0.112699246562237,0.418962839244151,0.18760839069115,0.288898300547657,0.149627417957704,0.351082108372138,0.593509717723573,0.689788955471054,0.179017265521869,24,0.225424093854316
997,0.64072305914183,0.128030832036798,0.7354509888069,0.947005816377986,0.00167044768813765,0.0212643850677367,0.0335977882033146,0.462619635152146,0.854004241531974,0.795619566731377,0.160578671426669,0.158827901997078,0.0944591149568068,0.205260973546088,0.237800043120857,0.138686338321402,0.140225010804771,0.326949118674782,0.256181990922673,0.708023242341144,0.611755029250002,0.243375305967308,17,0.686322470869662
998,0.466214647120934,0.413713824965648,0.962084269224497,0.574090091399545,0.0345323304355583,0.0425375801778529,0.0497754427078251,0.902820691583534,0.892350909600502,0.68983162405094,0.00020573198659345,0.48599669492847,0.284960777693678,0.160924048206086,0.587822055545155,0.00030305628819158,0.183572676940827,0.023627960920067,0.284545437889804,0.525668920167127,0.946528691745924,0.157277625423688,22,0.76584948675127
999,0.675305796635169,0.445106909663142,0.291141485566541,0.873262234616689,0.104458417570068,0.069061439262366,0.0402790673094508,0.478757741268846,0.397897139109438,0.999928297183826,0.583547334372154,0.100672302456673,0.0625184940978047,0.655098144456593,0.934507726837728,0.0940715913632644,0.215508810089488,0.074443810862839,0.209988825408082,0.860502427191367,0.735651799639014,0.108948526948628,5,0.999297207634302
